subject_id,reactionTime,choices_1,choices_2,correct,image_idx
357030,653.5,8,9,1,199
357030,640.20000000298,4,3,1,87
357030,512.5,7,9,1,180
357030,744.20000000298,2,8,1,44
357030,582.59999999404,7,5,1,144
357030,607.20000000298,2,5,1,101
357030,565.100000008941,0,8,1,8
357030,701.199999988079,2,5,1,102
357030,535.70000000298,9,5,1,103
357030,789.79999999702,3,6,1,122
357030,744.59999999404,5,9,1,105
357030,617.399999991059,9,5,1,191
357030,601.20000000298,8,6,1,161
357030,567.29999999702,0,7,1,2
357030,622.5,4,7,1,144
357030,578.29999999702,7,4,1,142
357030,544.300000011921,3,5,1,76
357030,485.5,2,9,1,187
357030,701.79999999702,7,4,0,86
357030,578.59999999404,7,2,1,142
357030,794.29999999702,4,7,1,140
357030,768.09999999404,0,5,1,102
357030,647.300000011921,0,4,1,18
357030,1012,8,1,1,173
357030,652.29999999702,2,8,1,54
357030,665.5,3,2,1,46
357030,652.70000000298,5,8,1,172
357030,678.20000000298,9,6,1,123
357030,572.79999999702,1,9,1,187
357030,637.800000011921,2,8,1,163
357030,653.59999999404,0,2,1,41
357030,664.20000000298,9,6,1,130
357030,593.100000008941,3,7,1,143
357030,1041.39999999106,1,7,1,24
357030,640.40000000596,8,6,1,163
357030,534.90000000596,2,5,1,105
357030,881.70000000298,0,1,1,2
357030,757.79999999702,1,0,1,31
357030,679,5,6,1,122
357030,595.399999991059,0,6,1,130
357030,577.20000000298,8,3,1,70
357030,604.09999999404,8,1,1,172
357030,731.800000011921,1,4,1,81
357030,632,3,8,1,70
357030,628.20000000298,1,8,1,22
357030,728.899999991059,6,5,1,101
357030,1002,5,4,1,101
357030,636.899999991059,6,9,1,199
357030,673.59999999404,1,8,1,172
357030,633.70000000298,3,9,1,70
357030,527.09999999404,4,6,1,130
357030,490.59999999404,3,9,1,187
357030,665.600000008941,8,4,1,87
357030,1004.80000001192,4,3,1,63
357030,602.09999999404,8,4,1,161
357030,717.20000000298,1,5,1,31
357030,688.5,5,4,1,85
357030,679.20000000298,8,7,1,172
357030,563.90000000596,8,1,1,163
357030,649.29999999702,9,4,1,191
190730,1079.5,6,0,1,120
190730,1480.90000000037,3,8,1,172
190730,910.699999999255,5,9,1,187
190730,814.900000000373,1,6,1,31
190730,833.39999999851,1,3,1,22
190730,1175.60000000149,1,2,1,44
190730,1137,1,3,1,25
190730,920.39999999851,8,2,1,163
190730,1218.89999999851,6,3,1,123
190730,1375.19999999925,3,8,1,63
190730,1249.40000000037,6,2,1,54
190730,725.5,3,7,1,68
190730,1537.89999999851,7,6,1,120
190730,1119.29999999888,4,1,1,81
190730,828.400000000373,9,1,1,187
190730,823.199999999255,0,2,1,0
190730,1006.59999999963,5,0,1,102
190730,879,2,9,1,180
190730,987.099999999627,4,7,1,81
190730,944.300000000745,3,7,1,70
190730,749.5,8,6,1,172
190730,882,1,7,1,31
190730,762.200000001118,0,4,1,2
190730,1564.60000000149,2,3,1,46
190730,1473.5,7,2,1,54
190730,NaN,4,5,NaN,86
190730,1187.90000000037,0,8,1,172
190730,1175.30000000075,3,0,1,18
190730,920.599999999627,1,6,1,122
190730,767.800000000745,8,7,1,161
190730,908.5,4,6,1,122
190730,753.200000001118,1,6,1,24
190730,1115.09999999963,5,6,1,120
190730,1284,2,7,1,143
190730,1128.40000000037,5,1,1,24
190730,894,9,6,1,191
190730,1358.79999999888,6,7,1,130
190730,1326,9,1,1,31
190730,1083.09999999963,2,0,1,8
190730,1160.29999999888,6,2,1,122
190730,908,3,7,1,63
190730,1283.80000000075,2,3,1,63
190730,1194.90000000037,2,3,1,76
190730,1093.5,9,8,1,172
190730,1060.79999999888,3,1,1,24
190730,963.199999999255,6,2,1,120
190730,1049.79999999888,7,2,1,140
190730,706.599999999627,1,8,1,24
190730,768,7,9,1,140
190730,1084.90000000037,1,0,1,22
190730,763.099999999627,7,5,1,140
190730,1661.30000000075,3,6,1,130
190730,935.099999999627,2,0,1,18
190730,864.800000000745,8,3,1,173
190730,1007.90000000037,4,5,1,102
190730,976.699999999255,6,2,1,41
190730,1161,9,8,1,161
190730,1084.70000000112,0,5,1,101
190730,1109.29999999888,2,1,1,44
190730,1299.5,0,8,1,163
871576,890.800000000745,7,9,1,144
871576,687.39999999851,2,6,1,123
871576,719.199999999255,5,4,1,103
871576,689.300000000745,4,6,1,81
871576,456.699999999255,7,0,1,144
871576,817.300000000745,2,4,1,85
871576,NaN,6,8,NaN,122
871576,681,6,4,1,81
871576,2449.70000000298,2,4,1,86
871576,659.099999997765,1,4,1,24
871576,735.5,6,3,1,63
871576,783.400000002235,4,8,1,161
871576,411.60000000149,6,1,1,31
871576,1241.80000000075,4,3,1,76
871576,458.5,6,9,1,187
871576,583.70000000298,3,4,1,86
871576,691.39999999851,9,7,1,144
871576,1191.90000000224,4,6,1,87
871576,881.89999999851,6,1,1,130
871576,762,3,4,1,87
871576,951.699999999255,1,3,1,31
871576,NaN,8,5,NaN,102
871576,1137.10000000149,0,3,1,63
871576,681.10000000149,9,0,1,18
871576,856.599999997765,7,8,1,144
871576,612.300000000745,9,8,1,180
871576,942.29999999702,1,4,1,85
871576,739.199999999255,8,0,1,8
871576,947.10000000149,6,5,1,130
871576,813.39999999851,4,5,1,101
871576,622.699999999255,0,7,1,143
871576,788.400000002235,7,0,1,142
871576,897.699999999255,1,8,1,25
871576,513.199999999255,0,6,1,123
871576,873.79999999702,1,0,1,2
871576,840.5,7,3,1,76
871576,615,7,6,1,140
871576,882.099999997765,5,8,1,105
871576,818.5,1,9,1,24
871576,912.599999997765,2,9,1,46
871576,726.29999999702,2,5,1,41
871576,796.599999997765,8,5,1,105
871576,727.400000002235,4,9,1,199
871576,1515.40000000224,3,4,1,63
871576,701.89999999851,6,4,1,130
871576,1130,8,6,1,130
871576,657,7,3,1,68
871576,708.599999997765,8,0,1,161
871576,716.29999999702,6,8,1,120
871576,977.10000000149,1,0,1,18
871576,672.300000000745,5,3,1,68
871576,706.699999999255,6,7,1,142
871576,1036.39999999851,4,7,1,86
871576,842.699999999255,0,9,1,18
871576,582.10000000149,1,3,1,24
871576,967.900000002235,5,3,1,76
871576,657.89999999851,9,3,1,180
871576,2869,5,8,1,163
871576,2283.10000000149,7,6,0,122
871576,677.20000000298,5,8,1,173
324960,NaN,9,0,NaN,2
324960,1453.89999985695,8,1,1,161
324960,2829.20000004768,9,0,0,0
324960,1472.40000009537,5,1,1,22
324960,433.099999904633,4,0,0,18
324960,302.400000095367,0,5,1,8
324960,1197.60000014305,0,2,1,2
324960,2441.60000014305,8,9,1,163
324960,1431.39999985695,7,1,1,142
324960,1258.70000004768,7,4,1,143
324960,1580.20000004768,6,3,1,130
324960,1746.5,0,2,1,44
324960,1737,3,5,1,103
324960,1356.5,8,1,1,31
324960,1527.10000014305,9,4,1,199
324960,1344.59999990463,5,2,1,103
324960,1500.5,7,9,1,142
324960,1496.30000019073,9,8,1,163
324960,1652.79999995232,5,0,1,101
324960,1258.89999985695,2,9,1,199
324960,1606.70000004768,5,2,1,41
324960,1240.5,1,8,1,173
324960,1408.39999985695,4,8,1,81
324960,1600.09999990463,2,4,1,44
324960,1258.29999995232,4,2,1,87
324960,1123.59999990463,1,4,1,31
324960,1330.5,1,6,1,25
324960,1195.29999995232,9,7,1,180
324960,1461.90000009537,5,1,1,31
324960,1261.40000009537,7,5,1,103
324960,1294.40000009537,1,2,1,46
324960,2205.79999995232,3,2,1,41
324960,1442.5,6,1,1,25
324960,1294.20000004768,4,7,1,142
324960,1292.70000004768,1,2,1,25
324960,1301.30000019073,3,6,1,76
324960,1227,3,4,1,76
324960,2221.09999990463,5,1,1,105
324960,1333.20000004768,5,9,1,191
324960,2874.5,8,3,1,63
324960,1274.90000009537,0,6,1,122
324960,2776,1,0,1,24
324960,1838.09999990463,0,4,0,86
324960,1370.79999995232,7,1,1,24
324960,1195.40000009537,9,1,1,199
324960,1367.20000004768,2,8,1,172
324960,1652.09999990463,1,7,1,144
324960,1355.89999985695,0,7,1,142
324960,1324.59999990463,8,9,1,161
324960,1332.89999985695,6,8,1,161
324960,1511.30000019073,4,5,1,81
324960,1170.09999990463,5,4,1,81
324960,1305.09999990463,2,1,1,41
324960,1265.79999995232,8,6,1,122
324960,1251.20000004768,9,7,1,199
324960,1961.89999985695,1,0,1,0
324960,1217.40000009537,1,2,1,22
324960,1345.10000014305,5,6,1,130
324960,1349.59999990463,0,8,1,173
324960,1383.30000019073,3,1,1,63
192648,1139.09999999404,4,0,1,81
192648,609.79999999702,5,3,0,63
192648,632.59999999404,9,2,1,54
192648,588.800000011921,2,1,1,31
192648,589.70000000298,5,7,1,142
192648,621.09999999404,8,2,1,44
192648,802,7,0,1,2
192648,692.09999999404,8,2,1,173
192648,683.79999999702,5,9,1,101
192648,815.59999999404,8,0,1,2
192648,628.20000000298,3,2,1,54
192648,862.59999999404,7,3,1,140
192648,845.20000000298,6,9,1,130
192648,1708.70000000298,1,4,0,87
192648,1002.70000000298,6,5,1,120
192648,800.70000000298,7,8,1,140
192648,831.29999999702,2,9,1,41
192648,652.40000000596,2,3,1,44
192648,592.5,2,1,1,54
192648,654.100000008941,0,1,1,24
192648,868.70000000298,3,8,1,173
192648,619.600000008941,3,9,1,68
192648,799.5,3,4,1,85
192648,549,3,1,1,31
192648,717.20000000298,0,4,1,81
192648,759.100000008941,8,9,1,172
192648,542.09999999404,8,1,1,24
192648,824.59999999404,1,9,1,22
192648,795.40000000596,5,0,1,0
192648,573.20000000298,4,1,1,24
192648,931.5,2,7,1,142
192648,813.20000000298,1,2,1,31
192648,833.300000011921,4,3,1,85
192648,762.40000000596,4,6,1,120
192648,889.5,0,8,1,18
192648,652.90000000596,8,3,1,163
192648,592,9,6,1,180
192648,1270.5,1,3,1,76
192648,625.5,3,8,1,68
192648,791,6,9,1,120
192648,1190.09999999404,6,5,1,123
192648,740,6,7,1,143
192648,850.600000008941,2,4,1,41
192648,648,2,4,1,81
192648,653.09999999404,9,0,1,187
192648,737.20000000298,6,0,1,8
192648,674.40000000596,8,0,1,163
192648,1189.20000000298,1,7,1,140
192648,913.600000008941,6,2,1,44
192648,615.09999999404,4,6,1,85
192648,673.70000000298,5,9,1,103
192648,641.79999999702,2,0,1,54
192648,580.90000000596,4,9,1,180
192648,854.5,7,2,1,41
192648,553.79999999702,6,2,1,46
192648,871.199999988079,6,1,1,122
192648,765.90000000596,2,0,1,2
192648,613.90000000596,6,0,1,2
192648,804.5,1,7,1,25
192648,733.600000008941,8,0,1,18
556699,1282,8,2,1,46
556699,2205.70000000298,4,0,1,2
556699,827.40000000596,9,5,1,187
556699,1239.90000000596,4,5,1,85
556699,958.20000000298,5,8,1,101
556699,726.5,9,3,1,191
556699,1444.60000000894,7,8,0,142
556699,911.399999991059,4,2,1,85
556699,968.70000000298,3,0,1,8
556699,1009.09999999404,3,4,1,81
556699,868.199999988079,1,8,1,161
556699,827.20000000298,3,2,1,68
556699,1145.69999998808,3,1,1,25
556699,939.29999999702,2,5,1,103
556699,1330.39999999106,8,4,1,163
556699,1118.60000000894,8,4,1,173
556699,902.199999988079,1,2,1,54
556699,1142.20000000298,7,4,1,144
556699,987,8,7,1,173
556699,1121.79999999702,0,7,1,144
556699,1008.40000000596,0,1,1,0
556699,778.40000000596,4,9,1,187
556699,826,0,2,1,54
556699,600.40000000596,7,9,1,187
556699,1021.5,2,8,1,41
556699,853.20000000298,3,1,1,22
556699,1005.90000000596,6,5,1,122
556699,1718.40000000596,6,7,1,144
556699,726.29999999702,9,4,1,180
556699,1111.80000001192,6,9,1,123
556699,871.79999999702,2,9,1,54
556699,929.29999999702,2,7,1,41
556699,783.699999988079,3,7,1,76
556699,748.29999999702,7,1,1,31
556699,1046,8,7,1,144
556699,746.100000008941,0,3,1,18
556699,661,8,5,1,173
556699,846.699999988079,5,3,1,102
556699,911.20000000298,1,0,1,25
556699,809.90000000596,0,2,1,18
556699,705.29999999702,9,7,1,187
556699,1181.59999999404,4,8,1,173
556699,773.59999999404,2,0,1,44
556699,1255.20000000298,9,7,1,142
556699,1403.59999999404,1,6,1,130
556699,714.5,2,0,1,41
556699,743.09999999404,9,1,1,180
556699,2022.20000000298,1,5,1,102
556699,1017.80000001192,4,2,1,54
556699,978.800000011921,3,5,1,101
556699,766.5,4,5,1,105
556699,908.899999991059,0,7,1,140
556699,865.40000000596,9,5,1,102
556699,1137,6,7,1,122
556699,673.59999999404,2,9,1,191
556699,704.20000000298,9,0,1,180
556699,877.59999999404,7,0,1,0
556699,2039.90000000596,4,9,1,85
556699,1005.59999999404,4,5,1,87
556699,978.899999991059,2,1,1,22
410370,2557,8,9,1,199
410370,908,4,3,1,87
410370,756.29999999702,7,9,1,180
410370,1196.60000000894,2,8,1,44
410370,779.20000000298,7,5,1,144
410370,1203.5,2,5,1,101
410370,859.29999999702,0,8,1,8
410370,866.29999999702,2,5,1,102
410370,1105.60000000894,9,5,1,103
410370,981.399999991059,3,6,1,122
410370,1091.5,5,9,1,105
410370,799.09999999404,9,5,1,191
410370,678.70000000298,8,6,1,161
410370,671.40000000596,0,7,1,2
410370,994.300000011921,4,7,1,144
410370,884.40000000596,7,4,1,142
410370,758.79999999702,3,5,1,76
410370,1111.20000000298,2,9,1,187
410370,2471.70000000298,7,4,1,86
410370,869.40000000596,7,2,1,142
410370,924.90000000596,4,7,1,140
410370,632.800000011921,0,5,1,102
410370,656.100000008941,0,4,1,18
410370,795.899999991059,8,1,1,173
410370,816.59999999404,2,8,1,54
410370,702.20000000298,3,2,1,46
410370,826.600000008941,5,8,1,172
410370,552.40000000596,9,6,1,123
410370,616.800000011921,1,9,1,187
410370,619.29999999702,2,8,1,163
410370,752.40000000596,0,2,1,41
410370,978.90000000596,9,6,1,130
410370,690.300000011921,3,7,1,143
410370,670.70000000298,1,7,1,24
410370,1389.90000000596,8,6,1,163
410370,637.5,2,5,1,105
410370,770.70000000298,0,1,1,2
410370,815.90000000596,1,0,1,31
410370,653.699999988079,5,6,1,122
410370,716.800000011921,0,6,1,130
410370,951.90000000596,8,3,1,70
410370,629.70000000298,8,1,1,172
410370,865.600000008941,1,4,1,81
410370,722.70000000298,3,8,1,70
410370,714.40000000596,1,8,1,22
410370,886.40000000596,6,5,1,101
410370,824.09999999404,5,4,1,101
410370,1278.5,6,9,1,199
410370,810.20000000298,1,8,1,172
410370,849.20000000298,3,9,1,70
410370,945.100000008941,4,6,1,130
410370,1007.5,3,9,1,187
410370,963.70000000298,8,4,1,87
410370,1030.80000001192,4,3,1,63
410370,1130.70000000298,8,4,1,161
410370,882.20000000298,1,5,1,31
410370,828.100000008941,5,4,1,85
410370,1134.5,8,7,1,172
410370,747.5,8,1,1,163
410370,167.40000000596,9,4,1,191
433368,1823.09999999404,9,0,0,2
433368,1088.19999998808,8,1,1,161
433368,1014.59999999404,9,0,1,0
433368,1122.80000001192,5,1,1,22
433368,1669.59999999404,4,0,1,18
433368,1053.40000000596,0,5,1,8
433368,1280.60000000894,0,2,1,2
433368,1174.20000000298,8,9,1,163
433368,1091.59999999404,7,1,1,142
433368,925.20000000298,7,4,1,143
433368,NaN,6,3,NaN,130
433368,1439.5,0,2,1,44
433368,1325.20000000298,3,5,1,103
433368,1133.5,8,1,1,31
433368,1155.29999999702,9,4,1,199
433368,960.29999999702,5,2,1,103
433368,983.90000000596,7,9,1,142
433368,1383.29999999702,9,8,1,163
433368,1358.20000000298,5,0,1,101
433368,1159.39999999106,2,9,1,199
433368,1118.29999999702,5,2,1,41
433368,1163.90000000596,1,8,1,173
433368,1181.90000000596,4,8,1,81
433368,1018.5,2,4,1,44
433368,1074.5,4,2,1,87
433368,NaN,1,4,NaN,31
433368,923.90000000596,1,6,1,25
433368,810.40000000596,9,7,1,180
433368,878.29999999702,5,1,1,31
433368,1118.09999999404,7,5,1,103
433368,974.29999999702,1,2,1,46
433368,1022,3,2,1,41
433368,900.600000008941,6,1,1,25
433368,964.899999991059,4,7,1,142
433368,1112.89999999106,1,2,1,25
433368,1291.29999999702,3,6,1,76
433368,893.59999999404,3,4,1,76
433368,1151.10000000894,5,1,1,105
433368,835.79999999702,5,9,1,191
433368,1496.5,8,3,1,63
433368,1994.39999999106,0,6,1,122
433368,896,1,0,1,24
433368,1268.79999999702,0,4,0,86
433368,882.79999999702,7,1,1,24
433368,1132,9,1,1,199
433368,899.699999988079,2,8,1,172
433368,1041.70000000298,1,7,1,144
433368,1032.40000000596,0,7,1,142
433368,886.699999988079,8,9,1,161
433368,1049,6,8,1,161
433368,899.09999999404,4,5,1,81
433368,969.20000000298,5,4,1,81
433368,856.79999999702,2,1,1,41
433368,1366.59999999404,8,6,1,122
433368,846.59999999404,9,7,1,199
433368,1423.09999999404,1,0,1,0
433368,921,1,2,1,22
433368,846.09999999404,5,6,1,130
433368,971.20000000298,0,8,1,173
433368,2121.59999999404,3,1,1,63
916174,891.79999999702,4,8,1,85
916174,1025.59999999404,8,4,1,81
916174,1569.09999999404,1,3,1,63
916174,818,4,7,1,143
916174,775.09999999404,0,6,1,18
916174,1153.59999999404,7,8,1,172
916174,737.79999999702,0,7,1,0
916174,883,5,7,1,143
916174,722.09999999404,5,6,1,105
916174,1107.09999999404,6,0,1,123
916174,847.70000000298,4,3,1,81
916174,1125.60000000894,4,8,1,86
916174,818.399999991059,2,6,1,54
916174,1010.5,9,2,1,46
916174,751.09999999404,0,5,1,105
916174,838.5,2,0,1,46
916174,1141.20000000298,8,0,1,173
916174,1291.69999998808,4,1,1,86
916174,831.40000000596,7,1,1,140
916174,1243,9,1,1,25
916174,1023.79999999702,1,3,1,70
916174,1030.90000000596,9,1,1,24
916174,708.59999999404,9,0,1,191
916174,725.600000008941,5,2,1,105
916174,1313.90000000596,8,4,1,85
916174,854.5,7,3,1,70
916174,952.70000000298,3,1,1,70
916174,883.90000000596,7,6,1,144
916174,991.09999999404,3,5,1,102
916174,812.300000011921,1,8,1,31
916174,940.79999999702,3,8,1,76
916174,996.70000000298,4,1,1,25
916174,1342.39999999106,3,8,1,163
916174,765.29999999702,0,8,1,161
916174,971.100000008941,7,4,1,81
916174,922.40000000596,8,3,1,76
916174,848.09999999404,8,6,1,123
916174,808.899999991059,9,3,1,187
916174,857.29999999702,4,2,1,81
916174,1365.19999998808,4,7,1,87
916174,717,4,9,1,191
916174,780.899999991059,2,4,1,46
916174,926.399999991059,8,5,1,163
916174,745.899999991059,8,5,1,103
916174,1008.79999999702,1,4,1,25
916174,1028.19999998808,1,8,1,163
916174,961.90000000596,0,5,1,2
916174,1866.10000000894,1,5,1,103
916174,781.20000000298,4,2,1,86
916174,724.29999999702,0,9,1,191
916174,2107.20000000298,8,7,1,142
916174,1311.29999999702,3,5,0,63
916174,734.100000008941,0,9,1,0
916174,1023.90000000596,4,0,1,8
916174,997.100000008941,0,4,1,8
916174,1605.10000000894,3,6,1,120
916174,760.5,4,2,1,41
916174,751.699999988079,3,1,1,68
916174,693.40000000596,0,9,1,180
916174,690.899999991059,5,6,1,123
958274,1654.59999999404,4,0,1,81
958274,1395.90000000596,5,3,1,63
958274,1309.30000001192,9,2,1,54
958274,1258.90000000596,2,1,1,31
958274,1453.20000001788,5,7,1,142
958274,1444.30000001192,8,2,1,44
958274,1510.90000000596,7,0,1,2
958274,1421.10000002384,8,2,1,173
958274,1252.29999998212,5,9,1,101
958274,1252,8,0,1,2
958274,1578.80000001192,3,2,1,54
958274,1871.39999997616,7,3,1,140
958274,2910.10000002384,6,9,1,130
958274,1541.19999998808,1,4,1,87
958274,1461,6,5,1,120
958274,1237,7,8,1,140
958274,1140.90000000596,2,9,1,41
958274,1107.40000000596,2,3,1,44
958274,1084.39999997616,2,1,1,54
958274,1197.30000001192,0,1,1,24
958274,1413.5,3,8,1,173
958274,1179.89999997616,3,9,1,68
958274,1412.89999997616,3,4,1,85
958274,1377.10000002384,3,1,1,31
958274,1284.09999999404,0,4,1,81
958274,NaN,8,9,NaN,172
958274,1431.80000001192,8,1,1,24
958274,1149.40000000596,1,9,1,22
958274,1516.80000001192,5,0,1,0
958274,1326.10000002384,4,1,1,24
958274,1295.09999999404,2,7,1,142
958274,1453.29999998212,1,2,1,31
958274,1075.59999999404,4,3,1,85
958274,1386.5,4,6,1,120
958274,1116.80000001192,0,8,1,18
958274,1478,8,3,1,163
958274,1102.5,9,6,1,180
958274,1331.40000000596,1,3,1,76
958274,1443.70000001788,3,8,1,68
958274,1219,6,9,1,120
958274,1427.80000001192,6,5,1,123
958274,1409.40000000596,6,7,1,143
958274,1444.30000001192,2,4,1,41
958274,1255.09999999404,2,4,1,81
958274,1261.70000001788,9,0,1,187
958274,1355,6,0,1,8
958274,1444.90000000596,8,0,1,163
958274,1379.69999998808,1,7,1,140
958274,1651.90000000596,6,2,1,44
958274,1205.10000002384,4,6,1,85
958274,1382.59999999404,5,9,1,103
958274,1019.60000002384,2,0,1,54
958274,1356.60000002384,4,9,1,180
958274,1507.70000001788,7,2,1,41
958274,1244.40000000596,6,2,1,46
958274,1340.70000001788,6,1,1,122
958274,1501,2,0,1,2
958274,1167.59999999404,6,0,1,2
958274,1522.69999998808,1,7,1,25
958274,1493.59999999404,8,0,1,18
792933,1532.29999999702,9,0,1,2
792933,1209.80000001192,8,1,1,161
792933,784.29999999702,9,0,1,0
792933,934.70000000298,5,1,1,22
792933,967.899999991059,4,0,1,18
792933,996.29999999702,0,5,1,8
792933,931.600000008941,0,2,1,2
792933,837.399999991059,8,9,1,163
792933,1077.10000000894,7,1,1,142
792933,825.5,7,4,1,143
792933,931.29999999702,6,3,1,130
792933,1098.80000001192,0,2,1,44
792933,769.5,3,5,1,103
792933,730.79999999702,8,1,1,31
792933,1068.40000000596,9,4,0,199
792933,921.20000000298,5,2,1,103
792933,912.699999988079,7,9,1,142
792933,1070.5,9,8,1,163
792933,820.09999999404,5,0,1,101
792933,1006.59999999404,2,9,1,199
792933,878.899999991059,5,2,1,41
792933,1052.5,1,8,1,173
792933,856,4,8,1,81
792933,1214,2,4,1,44
792933,996.800000011921,4,2,1,87
792933,1120.30000001192,1,4,1,31
792933,798.20000000298,1,6,1,25
792933,919.79999999702,9,7,1,180
792933,922.29999999702,5,1,1,31
792933,727,7,5,1,103
792933,951.899999991059,1,2,1,46
792933,785.70000000298,3,2,1,41
792933,731.29999999702,6,1,1,25
792933,1611,4,7,1,142
792933,840.5,1,2,1,25
792933,931.399999991059,3,6,1,76
792933,829,3,4,1,76
792933,842.29999999702,5,1,1,105
792933,791.59999999404,5,9,1,191
792933,1230.79999999702,8,3,1,63
792933,2574.90000000596,0,6,1,122
792933,865.59999999404,1,0,1,24
792933,1473.29999999702,0,4,1,86
792933,962.399999991059,7,1,1,24
792933,1590.40000000596,9,1,1,199
792933,965.20000000298,2,8,1,172
792933,945.09999999404,1,7,1,144
792933,1062,0,7,1,142
792933,1094.40000000596,8,9,1,161
792933,938.5,6,8,1,161
792933,794.59999999404,4,5,1,81
792933,978.20000000298,5,4,1,81
792933,866.5,2,1,1,41
792933,910.59999999404,8,6,1,122
792933,1135.70000000298,9,7,1,199
792933,1177.90000000596,1,0,1,0
792933,852.59999999404,1,2,1,22
792933,920.29999999702,5,6,1,130
792933,1098.70000000298,0,8,1,173
792933,894.20000000298,3,1,1,63
611171,1012.40000000596,6,8,1,173
611171,857.5,7,9,1,143
611171,979.899999991059,7,5,1,142
611171,920.800000011921,2,5,1,44
611171,1114.5,7,4,1,87
611171,1047.20000000298,7,2,1,44
611171,775,2,5,1,54
611171,863.70000000298,3,7,1,142
611171,942.20000000298,6,8,1,163
611171,981.20000000298,2,0,1,0
611171,884.29999999702,6,2,1,123
611171,930.20000000298,6,4,1,86
611171,921.5,0,3,1,68
611171,822.20000000298,7,2,1,144
611171,1221.29999999702,6,4,1,122
611171,842.899999991059,0,9,1,2
611171,935.399999991059,6,7,1,140
611171,786.79999999702,8,2,1,41
611171,746.5,9,2,1,187
611171,891.79999999702,8,6,1,173
611171,863,2,6,1,44
611171,945.09999999404,4,0,0,87
611171,1110.69999998808,7,4,1,85
611171,1097,6,5,1,105
611171,924.79999999702,9,3,1,76
611171,1069.40000000596,3,0,1,68
611171,1404.19999998808,9,4,1,85
611171,1061.40000000596,1,9,1,25
611171,1054.90000000596,2,6,1,130
611171,904.5,7,6,1,142
611171,978.800000011921,6,0,1,130
611171,1116.79999999702,8,9,1,173
611171,1297.5,3,5,1,68
611171,863,7,2,1,46
611171,1038.09999999404,5,7,1,101
611171,767.399999991059,7,9,1,191
611171,978.29999999702,2,7,1,140
611171,989.399999991059,2,7,1,46
611171,990.59999999404,8,1,1,25
611171,953.09999999404,0,8,1,2
611171,787.70000000298,1,5,1,105
611171,842.899999991059,9,3,1,199
611171,1344.90000000596,4,1,1,85
611171,1130.29999999702,9,4,1,86
611171,1249.60000000894,3,6,1,63
611171,884.09999999404,3,2,1,70
611171,782.5,7,5,1,143
611171,824,0,1,1,22
611171,861.399999991059,2,6,1,46
611171,884.29999999702,4,1,1,22
611171,1203.70000000298,4,5,1,103
611171,894.79999999702,5,1,1,103
611171,810.40000000596,9,1,1,191
611171,1072.5,3,0,1,63
611171,829.40000000596,0,8,1,0
611171,970,8,5,1,101
611171,1003.79999999702,5,7,1,140
611171,1041.90000000596,1,6,1,120
611171,1072.90000000596,7,5,1,101
611171,940.29999999702,9,8,1,187
874724,1300.5,7,9,1,144
874724,1082.30000001192,2,6,1,123
874724,890.800000011921,5,4,1,103
874724,1163.40000003576,4,6,1,81
874724,971.300000011921,7,0,1,144
874724,1342,2,4,1,85
874724,975.900000035763,6,8,1,122
874724,1186.90000003576,6,4,1,81
874724,1417.89999997616,2,4,1,86
874724,1184.60000002384,1,4,1,24
874724,1011.19999998808,6,3,0,63
874724,1189.09999996424,4,8,1,161
874724,1025.19999998808,6,1,1,31
874724,883.099999964237,4,3,1,76
874724,875.900000035763,6,9,1,187
874724,1108.69999998808,3,4,1,86
874724,1219.30000001192,9,7,1,144
874724,892.200000047684,4,6,1,87
874724,1143.30000001192,6,1,1,130
874724,961.900000035763,3,4,1,87
874724,864.5,1,3,1,31
874724,1345.69999998808,8,5,1,102
874724,1682.89999997616,0,3,1,63
874724,1040.59999996424,9,0,1,18
874724,1194.69999998808,7,8,1,144
874724,1114.19999998808,9,8,1,180
874724,1205,1,4,1,85
874724,1083.5,8,0,1,8
874724,1121,6,5,1,130
874724,1013.60000002384,4,5,1,101
874724,1196,0,7,1,143
874724,1452.30000001192,7,0,1,142
874724,961.799999952316,1,8,1,25
874724,912.5,0,6,1,123
874724,1227,1,0,1,2
874724,1134.39999997616,7,3,1,76
874724,1054.80000001192,7,6,1,140
874724,880.600000023842,5,8,1,105
874724,966.199999988079,1,9,1,24
874724,1150.60000002384,2,9,1,46
874724,1246.59999996424,2,5,1,41
874724,1173.90000003576,8,5,1,105
874724,927.300000011921,4,9,1,199
874724,1739,3,4,1,63
874724,1180,6,4,1,130
874724,918.800000011921,8,6,1,130
874724,947.099999964237,7,3,1,68
874724,1006.60000002384,8,0,1,161
874724,878.699999988079,6,8,1,120
874724,1292.80000001192,1,0,1,18
874724,875.399999976158,5,3,1,68
874724,1583.70000004768,6,7,1,142
874724,1178.80000001192,4,7,1,86
874724,1188.69999998808,0,9,1,18
874724,1091.19999998808,1,3,1,24
874724,1005.5,5,3,1,76
874724,1016.59999996424,9,3,1,180
874724,1476.69999998808,5,8,1,163
874724,1210.5,7,6,1,122
874724,1110.19999998808,5,8,1,173
484462,1537.20000000298,9,2,1,44
484462,1777.09999999776,4,2,0,46
484462,1299.39999999851,5,1,1,25
484462,1129.89999999851,6,3,1,68
484462,1419.30000000075,3,2,1,76
484462,1195.5,6,9,1,122
484462,873.199999999255,5,9,1,180
484462,1127.20000000298,8,5,1,161
484462,1229.39999999851,2,8,1,161
484462,1325.60000000149,4,3,1,68
484462,1064.60000000149,4,3,1,70
484462,1173.90000000224,4,8,1,87
484462,875.199999999255,2,8,1,173
484462,1425.69999999925,1,0,1,8
484462,1121.39999999851,2,9,1,44
484462,1228.60000000149,0,5,1,103
484462,1627.39999999851,6,4,1,120
484462,1114.5,7,0,1,8
484462,1010.19999999925,9,5,1,180
484462,1132.10000000149,9,2,1,41
484462,1900.80000000075,4,0,1,86
484462,1360,8,5,1,172
484462,883.699999999255,0,3,1,0
484462,1743.30000000075,4,9,1,87
484462,1081.60000000149,6,7,1,120
484462,1704.09999999776,5,4,1,102
484462,1339.90000000224,8,0,1,172
484462,1347.69999999925,5,8,1,102
484462,1435.69999999925,5,0,1,18
484462,1673.70000000298,6,1,1,24
484462,1007.39999999851,7,8,1,161
484462,2409.09999999776,2,6,1,41
484462,1669.39999999851,9,8,1,199
484462,1275.60000000149,7,0,1,140
484462,1425.5,5,7,1,105
484462,1161.69999999925,6,0,1,18
484462,2005.19999999925,4,9,1,86
484462,1609.5,7,3,1,63
484462,1242.79999999702,5,3,1,101
484462,1311.79999999702,3,0,1,0
484462,1805.69999999925,0,4,1,87
484462,1161.69999999925,6,4,1,85
484462,1439.5,6,0,0,122
484462,1163.30000000075,5,8,1,103
484462,1001.39999999851,9,3,1,68
484462,1157.40000000224,2,7,1,54
484462,1267.5,0,6,1,8
484462,1402.5,9,7,1,140
484462,997.300000000745,2,1,1,46
484462,1261.19999999925,9,0,0,199
484462,845.800000000745,9,4,1,187
484462,1169.69999999925,5,4,1,87
484462,1251.19999999925,0,2,1,8
484462,884.5,8,9,1,180
484462,1025.80000000075,3,4,1,68
484462,993.39999999851,5,0,1,8
484462,1975.69999999925,2,6,1,122
484462,2115.19999999925,3,2,1,44
484462,1567.80000000075,2,3,1,70
484462,1429.69999999925,6,8,1,172
797266,1351.09999999404,9,2,1,44
797266,1362.80000001192,4,2,1,46
797266,1583.30000001192,5,1,1,25
797266,1492.69999998808,6,3,1,68
797266,1884.19999998808,3,2,1,76
797266,1933.59999999404,6,9,0,122
797266,2271.59999999404,5,9,0,180
797266,1223.90000000596,8,5,1,161
797266,1616.20000001788,2,8,1,161
797266,1533.5,4,3,1,68
797266,1272.90000000596,4,3,1,70
797266,1685.09999999404,4,8,1,87
797266,1997.59999999404,2,8,1,173
797266,1388.09999999404,1,0,1,8
797266,1719.5,2,9,1,44
797266,1651.29999998212,0,5,1,103
797266,1638.90000000596,6,4,1,120
797266,1211.59999999404,7,0,1,8
797266,1124.30000001192,9,5,1,180
797266,1468.90000000596,9,2,1,41
797266,1796.09999999404,4,0,1,86
797266,1143.09999999404,8,5,1,172
797266,1090.80000001192,0,3,1,0
797266,1156,4,9,1,87
797266,1527.30000001192,6,7,1,120
797266,1612,5,4,1,102
797266,1000.5,8,0,1,172
797266,1296.59999999404,5,8,1,102
797266,1813,5,0,1,18
797266,1318.30000001192,6,1,1,24
797266,1220.30000001192,7,8,1,161
797266,1319.30000001192,2,6,1,41
797266,2614.30000001192,9,8,1,199
797266,1439.40000000596,7,0,1,140
797266,1149.79999998212,5,7,1,105
797266,1340.40000000596,6,0,1,18
797266,1420.09999999404,4,9,1,86
797266,2140.59999999404,7,3,1,63
797266,1163.30000001192,5,3,1,101
797266,1565.59999999404,3,0,1,0
797266,1614.69999998808,0,4,1,87
797266,1163.10000002384,6,4,1,85
797266,1356.19999998808,6,0,1,122
797266,1550.09999999404,5,8,1,103
797266,1505.90000000596,9,3,1,68
797266,1116.10000002384,2,7,1,54
797266,1165.70000001788,0,6,1,8
797266,1356.59999999404,9,7,1,140
797266,1054.10000002384,2,1,1,46
797266,1838.79999998212,9,0,1,199
797266,1003,9,4,1,187
797266,1437.59999999404,5,4,1,87
797266,1683.80000001192,0,2,1,8
797266,1348.59999999404,8,9,1,180
797266,1061.30000001192,3,4,1,68
797266,1230.59999999404,5,0,1,8
797266,1540,2,6,1,122
797266,1263.30000001192,3,2,1,44
797266,1156.5,2,3,1,70
797266,1548.80000001192,6,8,1,172
980775,670.199999999255,0,6,1,0
980775,637.699999999255,9,6,1,187
980775,598.599999999627,1,9,1,191
980775,663.799999998882,8,2,1,161
980775,606.599999999627,1,7,1,22
980775,734.300000000745,7,3,1,144
980775,654,2,3,1,54
980775,728.900000000373,2,5,1,46
980775,670.5,2,3,1,68
980775,781.699999999255,3,7,1,140
980775,759.5,0,5,1,18
980775,878.300000000745,4,2,1,44
980775,706.900000000373,0,5,1,0
980775,910.5,1,5,1,22
980775,863.89999999851,5,3,1,70
980775,943.39999999851,5,0,1,103
980775,870.5,6,9,1,191
980775,779.199999999255,9,8,1,191
980775,818.39999999851,5,2,1,44
980775,765.5,5,8,1,161
980775,729.400000000373,7,1,1,143
980775,862.799999998882,5,6,1,103
980775,732.699999999255,5,7,1,103
980775,1214.40000000037,8,7,1,163
980775,1117,8,2,1,54
980775,959.5,1,5,1,25
980775,676.599999999627,9,6,1,199
980775,731.900000000373,7,3,1,143
980775,950.200000001118,4,0,1,0
980775,734.300000000745,3,1,1,76
980775,665.5,4,0,0,85
980775,722.5,1,3,1,68
980775,996.5,0,3,1,70
980775,782.5,0,9,1,187
980775,1084.69999999925,6,5,1,103
980775,1996,8,9,1,187
980775,926.599999999627,9,6,1,120
980775,1711.59999999963,2,3,1,41
980775,1135.5,3,0,1,70
980775,1671.59999999963,0,9,0,8
980775,789.099999999627,9,1,1,22
980775,786.5,1,6,1,22
980775,879.5,5,2,1,101
980775,688.300000000745,3,9,1,191
980775,1086.19999999925,7,6,1,130
980775,694.200000001118,1,9,1,180
980775,1070.60000000149,0,4,1,85
980775,1380.80000000075,3,0,0,76
980775,1323.5,8,3,1,172
980775,658.699999999255,5,2,1,46
980775,705.099999999627,4,1,1,31
980775,929,2,1,1,24
980775,844.699999999255,8,7,1,140
980775,1015.19999999925,1,7,1,143
980775,694.799999998882,0,3,1,2
980775,1180.80000000075,9,8,1,173
980775,1686.59999999963,4,7,1,85
980775,750.700000001118,2,4,1,54
980775,667.599999999627,6,3,1,70
980775,663.5,0,1,1,31
573080,2373.90000000037,8,2,0,46
573080,1126.19999999925,4,0,1,2
573080,1185.30000000075,9,5,1,187
573080,1430.19999999925,4,5,1,85
573080,1029.40000000037,5,8,1,101
573080,827.800000000745,9,3,1,191
573080,831.799999998882,7,8,1,142
573080,574.599999999627,4,2,1,85
573080,877.800000000745,3,0,1,8
573080,1208.20000000112,3,4,1,81
573080,786.800000000745,1,8,1,161
573080,908.200000001118,3,2,1,68
573080,970.200000001118,3,1,1,25
573080,741.700000001118,2,5,1,103
573080,812.299999998882,8,4,1,163
573080,810.599999999627,8,4,1,173
573080,1105.59999999963,1,2,1,54
573080,672.900000000373,7,4,1,144
573080,798.599999999627,8,7,1,173
573080,947.799999998882,0,7,1,144
573080,993.699999999255,0,1,1,0
573080,767.199999999255,4,9,1,187
573080,1005.79999999888,0,2,1,54
573080,703.5,7,9,1,187
573080,881.199999999255,2,8,1,41
573080,959.300000000745,3,1,1,22
573080,881.400000000373,6,5,1,122
573080,982,6,7,1,144
573080,562.699999999255,9,4,1,180
573080,978.60000000149,6,9,1,123
573080,628.800000000745,2,9,1,54
573080,683,2,7,1,41
573080,903.199999999255,3,7,1,76
573080,807,7,1,1,31
573080,1119.70000000112,8,7,1,144
573080,694.800000000745,0,3,1,18
573080,818.299999998882,8,5,1,173
573080,NaN,5,3,NaN,102
573080,1938.19999999925,1,0,1,25
573080,778.60000000149,0,2,1,18
573080,770.800000000745,9,7,1,187
573080,885.199999999255,4,8,1,173
573080,895.099999999627,2,0,1,44
573080,914.199999999255,9,7,1,142
573080,866.299999998882,1,6,1,130
573080,796.300000000745,2,0,1,41
573080,932.299999998882,9,1,1,180
573080,867,1,5,1,102
573080,750.799999998882,4,2,1,54
573080,1128,3,5,1,101
573080,1179.29999999888,4,5,1,105
573080,1097.40000000037,0,7,1,140
573080,687.200000001118,9,5,1,102
573080,1022.80000000075,6,7,1,122
573080,1186.19999999925,2,9,1,191
573080,707.299999998882,9,0,1,180
573080,763.5,7,0,1,0
573080,1199,4,9,1,85
573080,764,4,5,1,87
573080,1230.40000000037,2,1,1,22
768382,1051.90000000037,8,9,1,199
768382,NaN,4,3,NaN,87
768382,1687.90000000037,7,9,1,180
768382,1865.40000000037,2,8,1,44
768382,767.39999999851,7,5,1,144
768382,950.800000000745,2,5,1,101
768382,685,0,8,1,8
768382,781.599999999627,2,5,1,102
768382,723.900000000373,9,5,1,103
768382,1544.90000000037,3,6,0,122
768382,844.400000000373,5,9,1,105
768382,605.099999999627,9,5,1,191
768382,655,8,6,1,161
768382,767.700000001118,0,7,1,2
768382,1211.09999999963,4,7,1,144
768382,782.300000000745,7,4,1,142
768382,671.699999999255,3,5,1,76
768382,850.5,2,9,1,187
768382,1149.19999999925,7,4,1,86
768382,828.699999999255,7,2,1,142
768382,957.099999999627,4,7,1,140
768382,697.5,0,5,1,102
768382,747.799999998882,0,4,1,18
768382,1038.40000000037,8,1,1,173
768382,644.299999998882,2,8,1,54
768382,745,3,2,1,46
768382,1064.19999999925,5,8,1,172
768382,766.200000001118,9,6,1,123
768382,670.199999999255,1,9,1,187
768382,948.39999999851,2,8,1,163
768382,927.300000000745,0,2,1,41
768382,975.699999999255,9,6,1,130
768382,779.199999999255,3,7,1,143
768382,752.800000000745,1,7,1,24
768382,922.099999999627,8,6,1,163
768382,673.10000000149,2,5,1,105
768382,1045.19999999925,0,1,1,2
768382,1323,1,0,1,31
768382,1167.70000000112,5,6,1,122
768382,994.200000001118,0,6,1,130
768382,841.599999999627,8,3,1,70
768382,912,8,1,1,172
768382,981.700000001118,1,4,1,81
768382,847,3,8,1,70
768382,936.400000000373,1,8,1,22
768382,871.300000000745,6,5,1,101
768382,734.700000001118,5,4,1,101
768382,845,6,9,1,199
768382,1087.39999999851,1,8,1,172
768382,799.400000000373,3,9,1,70
768382,1153.90000000037,4,6,0,130
768382,750.400000000373,3,9,1,187
768382,721.300000000745,8,4,1,87
768382,1155,4,3,1,63
768382,932.800000000745,8,4,1,161
768382,903.400000000373,1,5,1,31
768382,1067.09999999963,5,4,1,85
768382,1015.59999999963,8,7,1,172
768382,759.400000000373,8,1,1,163
768382,669.099999999627,9,4,1,191
968473,591.20000000298,6,8,1,173
968473,731,7,9,1,143
968473,648.29999999702,7,5,1,142
968473,836.90000000596,2,5,1,44
968473,977.5,7,4,1,87
968473,856.199999988079,7,2,1,44
968473,666.20000000298,2,5,1,54
968473,976.399999991059,3,7,1,142
968473,775.79999999702,6,8,1,163
968473,717.399999991059,2,0,1,0
968473,720.90000000596,6,2,1,123
968473,1570.40000000596,6,4,1,86
968473,704.29999999702,0,3,1,68
968473,739.20000000298,7,2,1,144
968473,1203.29999999702,6,4,1,122
968473,927.70000000298,0,9,1,2
968473,848.59999999404,6,7,1,140
968473,939.90000000596,8,2,1,41
968473,668.5,9,2,1,187
968473,713.09999999404,8,6,1,173
968473,760.899999991059,2,6,1,44
968473,1363,4,0,1,87
968473,961.5,7,4,1,85
968473,672.40000000596,6,5,1,105
968473,1186,9,3,1,76
968473,705.70000000298,3,0,1,68
968473,1045.40000000596,9,4,1,85
968473,857.5,1,9,1,25
968473,826,2,6,1,130
968473,634.90000000596,7,6,1,142
968473,878.20000000298,6,0,1,130
968473,772,8,9,1,173
968473,627.40000000596,3,5,1,68
968473,681.600000008941,7,2,1,46
968473,796.90000000596,5,7,1,101
968473,553.09999999404,7,9,1,191
968473,817.90000000596,2,7,1,140
968473,750.90000000596,2,7,1,46
968473,713.29999999702,8,1,1,25
968473,695.59999999404,0,8,1,2
968473,585.5,1,5,1,105
968473,583.20000000298,9,3,1,199
968473,959.79999999702,4,1,1,85
968473,1211,9,4,1,86
968473,1682.09999999404,3,6,1,63
968473,639.29999999702,3,2,1,70
968473,547.20000000298,7,5,1,143
968473,826.300000011921,0,1,1,22
968473,1233.10000000894,2,6,1,46
968473,645.59999999404,4,1,1,22
968473,711.59999999404,4,5,1,103
968473,820.79999999702,5,1,1,103
968473,664.40000000596,9,1,1,191
968473,670.5,3,0,1,63
968473,616.70000000298,0,8,1,0
968473,637.70000000298,8,5,1,101
968473,707.90000000596,5,7,1,140
968473,1180.79999999702,1,6,1,120
968473,597,7,5,1,101
968473,674.90000000596,9,8,1,187
586014,1294.20000004768,9,0,1,2
586014,1293.30000007153,8,1,1,161
586014,1371.09999990463,9,0,1,0
586014,1293,5,1,1,22
586014,1118.10000002384,4,0,1,18
586014,1261.20000004768,0,5,0,8
586014,1271.29999995232,0,2,1,2
586014,1347.10000002384,8,9,1,163
586014,1501.20000004768,7,1,1,142
586014,1899.70000004768,7,4,1,143
586014,1478.80000007153,6,3,1,130
586014,1420.30000007153,0,2,1,44
586014,958,3,5,1,103
586014,908.200000047684,8,1,1,31
586014,1135.10000002384,9,4,1,199
586014,1310,5,2,1,103
586014,1420.70000004768,7,9,1,142
586014,1029,9,8,1,163
586014,1103.10000002384,5,0,1,101
586014,2164.5,2,9,1,199
586014,1188.60000002384,5,2,0,41
586014,1381,1,8,1,173
586014,1780.5,4,8,1,81
586014,1204.30000007153,2,4,1,44
586014,1196.60000002384,4,2,1,87
586014,1403.80000007153,1,4,1,31
586014,1132.79999995232,1,6,1,25
586014,1157.79999995232,9,7,1,180
586014,1429.39999997616,5,1,1,31
586014,1181.5,7,5,1,103
586014,2510.10000002384,1,2,0,46
586014,1362.40000009537,3,2,1,41
586014,1061.90000009537,6,1,1,25
586014,1094.29999995232,4,7,1,142
586014,1571.30000007153,1,2,1,25
586014,1341.30000007153,3,6,1,76
586014,1047,3,4,1,76
586014,1193.5,5,1,1,105
586014,1174.10000002384,5,9,1,191
586014,1468.20000004768,8,3,1,63
586014,918.399999976158,0,6,1,122
586014,1395.19999992847,1,0,1,24
586014,1340.29999995232,0,4,0,86
586014,989,7,1,1,24
586014,1484.09999990463,9,1,1,199
586014,2467.89999997616,2,8,0,172
586014,1331.5,1,7,1,144
586014,2086.30000007153,0,7,1,142
586014,1226.89999997616,8,9,1,161
586014,1325,6,8,1,161
586014,1309.89999997616,4,5,1,81
586014,979.799999952316,5,4,1,81
586014,949,2,1,0,41
586014,1086.79999995232,8,6,1,122
586014,1300.09999990463,9,7,0,199
586014,1700.39999997616,1,0,1,0
586014,1109.20000004768,1,2,1,22
586014,1108.29999995232,5,6,1,130
586014,1037,0,8,1,173
586014,1094.29999995232,3,1,1,63
368555,597.399999991059,8,0,1,0
368555,589,1,6,1,123
368555,1479.80000001192,3,5,1,105
368555,650.800000011921,0,2,1,46
368555,542.800000011921,6,4,1,87
368555,670.79999999702,6,8,1,123
368555,887.899999991059,9,3,1,63
368555,799.5,6,3,1,122
368555,1082.60000000894,6,1,1,120
368555,635.79999999702,4,8,1,172
368555,837.40000000596,3,6,1,68
368555,679.59999999404,2,7,1,144
368555,1165.79999999702,5,7,1,102
368555,1553.29999999702,8,4,1,86
368555,812.20000000298,5,2,1,102
368555,591.300000011921,5,0,1,105
368555,840.5,7,5,1,105
368555,677.79999999702,3,8,1,161
368555,671.70000000298,1,5,1,101
368555,702.09999999404,9,7,1,143
368555,656.90000000596,9,6,1,122
368555,875.40000000596,5,9,1,199
368555,779.5,0,6,1,2
368555,759.70000000298,0,1,1,25
368555,642.29999999702,3,9,1,199
368555,588.5,0,9,1,199
368555,577.70000000298,7,6,1,143
368555,699,1,7,1,142
368555,507.70000000298,8,9,1,191
368555,535.899999991059,6,9,1,180
368555,771.5,5,6,1,101
368555,866,6,3,1,76
368555,854,0,1,1,18
368555,665.5,1,2,1,41
368555,838,4,9,1,81
368555,668.70000000298,1,2,1,24
368555,783.20000000298,3,7,1,144
368555,701.20000000298,9,4,1,81
368555,729.399999991059,8,3,1,68
368555,762.59999999404,9,5,1,101
368555,521.5,5,2,1,54
368555,546.90000000596,7,1,1,25
368555,499.40000000596,8,1,1,22
368555,893,5,4,0,86
368555,618.399999991059,9,7,1,191
368555,763.600000008941,6,3,1,120
368555,704.20000000298,7,8,1,173
368555,486.40000000596,3,9,1,180
368555,821.79999999702,6,8,1,130
368555,595.70000000298,1,9,1,199
368555,711.40000000596,3,5,1,70
368555,626.40000000596,6,0,1,0
368555,1255.20000000298,4,6,0,86
368555,718.20000000298,0,4,1,0
368555,607.29999999702,0,7,1,18
368555,645.800000011921,7,8,1,143
368555,570.5,9,5,1,105
368555,774.899999991059,2,6,1,120
368555,654.300000011921,9,5,1,199
368555,604.5,7,1,1,144
803992,625,0,6,1,0
803992,545.39999999851,9,6,1,187
803992,351.89999999851,1,9,0,191
803992,1231.10000000149,8,2,1,161
803992,468.10000000149,1,7,1,22
803992,535.199999999255,7,3,1,144
803992,515.60000000149,2,3,1,54
803992,385.199999999255,2,5,1,46
803992,684.5,2,3,1,68
803992,730.900000002235,3,7,1,140
803992,589.800000000745,0,5,1,18
803992,748.599999997765,4,2,1,44
803992,648.599999997765,0,5,1,0
803992,583.70000000298,1,5,1,22
803992,919.300000000745,5,3,1,70
803992,698.5,5,0,1,103
803992,597.699999999255,6,9,1,191
803992,628.199999999255,9,8,1,191
803992,914.800000000745,5,2,1,44
803992,636.900000002235,5,8,1,161
803992,645.60000000149,7,1,1,143
803992,624.199999999255,5,6,1,103
803992,519.39999999851,5,7,1,103
803992,805.300000000745,8,7,1,163
803992,904.300000000745,8,2,1,54
803992,647.199999999255,1,5,1,25
803992,1283.90000000224,9,6,1,199
803992,778.699999999255,7,3,1,143
803992,760.5,4,0,1,0
803992,677.60000000149,3,1,1,76
803992,642.699999999255,4,0,1,85
803992,681.20000000298,1,3,1,68
803992,591.89999999851,0,3,1,70
803992,723.89999999851,0,9,1,187
803992,1114.60000000149,6,5,1,103
803992,811.800000000745,8,9,1,187
803992,1142.09999999776,9,6,1,120
803992,668,2,3,1,41
803992,761.199999999255,3,0,1,70
803992,702.800000000745,0,9,1,8
803992,946.60000000149,9,1,1,22
803992,1001.89999999851,1,6,1,22
803992,688,5,2,1,101
803992,930,3,9,1,191
803992,927.60000000149,7,6,1,130
803992,715.900000002235,1,9,1,180
803992,908.10000000149,0,4,1,85
803992,880.099999997765,3,0,1,76
803992,735.5,8,3,1,172
803992,1019,5,2,1,46
803992,683.699999999255,4,1,1,31
803992,838.099999997765,2,1,1,24
803992,784.29999999702,8,7,1,140
803992,790,1,7,1,143
803992,664.79999999702,0,3,1,2
803992,904.099999997765,9,8,1,173
803992,911,4,7,1,85
803992,931.800000000745,2,4,1,54
803992,728.900000002235,6,3,1,70
803992,846.5,0,1,1,31
583280,911.599999999627,4,8,1,85
583280,886.400000000373,8,4,1,81
583280,1472.90000000037,1,3,1,63
583280,783.299999999814,4,7,1,143
583280,689.5,0,6,1,18
583280,1902.20000000019,7,8,1,172
583280,662.200000000186,0,7,1,0
583280,NaN,5,7,NaN,143
583280,938.299999999814,5,6,1,105
583280,1128.19999999925,6,0,1,123
583280,1012.60000000056,4,3,1,81
583280,1398.20000000019,4,8,1,86
583280,1028.79999999981,2,6,1,54
583280,1088.20000000019,9,2,1,46
583280,1053.29999999981,0,5,1,105
583280,972.299999999814,2,0,1,46
583280,1204.89999999944,8,0,1,173
583280,1257.10000000056,4,1,1,86
583280,882.599999999627,7,1,1,140
583280,1121.5,9,1,1,25
583280,835.599999999627,1,3,1,70
583280,863.799999999814,9,1,1,24
583280,782.700000000186,9,0,1,191
583280,1957.09999999963,5,2,1,105
583280,1215.79999999981,8,4,1,85
583280,1584.60000000056,7,3,1,70
583280,1273.79999999981,3,1,1,70
583280,1063.70000000019,7,6,1,144
583280,911.700000000186,3,5,1,102
583280,1189.40000000037,1,8,1,31
583280,991.5,3,8,1,76
583280,1431.79999999981,4,1,1,25
583280,1075.5,3,8,1,163
583280,840.299999999814,0,8,1,161
583280,842.099999999627,7,4,1,81
583280,998.599999999627,8,3,1,76
583280,880.399999999441,8,6,1,123
583280,943.100000000559,9,3,1,187
583280,1076,4,2,1,81
583280,886.5,4,7,1,87
583280,1103.09999999963,4,9,1,191
583280,949.700000000186,2,4,1,46
583280,975.199999999255,8,5,1,163
583280,1330.79999999981,8,5,1,103
583280,883.900000000373,1,4,1,25
583280,1300.5,1,8,1,163
583280,914.200000000186,0,5,1,2
583280,1045.09999999963,1,5,1,103
583280,1519.40000000037,4,2,1,86
583280,935.700000000186,0,9,1,191
583280,1456.20000000019,8,7,1,142
583280,1247.39999999944,3,5,1,63
583280,781.399999999441,0,9,1,0
583280,2612.79999999981,4,0,1,8
583280,1720,0,4,1,8
583280,1396.59999999963,3,6,1,120
583280,1545.90000000037,4,2,1,41
583280,1234.69999999925,3,1,1,68
583280,1132.20000000019,0,9,1,180
583280,1477.5,5,6,1,123
309056,679.5,7,9,1,144
309056,817,2,6,1,123
309056,536.799999998882,5,4,1,103
309056,689.599999999627,4,6,1,81
309056,725.900000000373,7,0,1,144
309056,746.799999998882,2,4,1,85
309056,1090.89999999851,6,8,1,122
309056,680.89999999851,6,4,1,81
309056,2158.90000000037,2,4,0,86
309056,775.60000000149,1,4,1,24
309056,957.300000000745,6,3,1,63
309056,1174.20000000112,4,8,1,161
309056,1407,6,1,1,31
309056,1318.30000000075,4,3,1,76
309056,1224.09999999963,6,9,1,187
309056,994.900000000373,3,4,1,86
309056,817.800000000745,9,7,1,144
309056,761.099999999627,4,6,1,87
309056,689.400000000373,6,1,1,130
309056,898.300000000745,3,4,1,87
309056,751.400000000373,1,3,1,31
309056,770.5,8,5,1,102
309056,1111.60000000149,0,3,1,63
309056,841.300000000745,9,0,1,18
309056,602.299999998882,7,8,0,144
309056,741.300000000745,9,8,1,180
309056,1099.30000000075,1,4,1,85
309056,791.599999999627,8,0,1,8
309056,839.5,6,5,1,130
309056,855.599999999627,4,5,1,101
309056,863.400000000373,0,7,1,143
309056,920.5,7,0,1,142
309056,701.900000000373,1,8,1,25
309056,1158.19999999925,0,6,1,123
309056,1170.30000000075,1,0,1,2
309056,934,7,3,1,76
309056,988.200000001118,7,6,0,140
309056,909.199999999255,5,8,1,105
309056,994.299999998882,1,9,1,24
309056,764,2,9,1,46
309056,627.199999999255,2,5,1,41
309056,850.099999999627,8,5,1,105
309056,830.599999999627,4,9,1,199
309056,895.900000000373,3,4,1,63
309056,584.400000000373,6,4,1,130
309056,1174.09999999963,8,6,1,130
309056,1143.20000000112,7,3,1,68
309056,709.700000001118,8,0,1,161
309056,918.200000001118,6,8,1,120
309056,1283,1,0,1,18
309056,1262.5,5,3,1,68
309056,719,6,7,1,142
309056,724.099999999627,4,7,1,86
309056,854.400000000373,0,9,1,18
309056,831.699999999255,1,3,1,24
309056,1106.30000000075,5,3,1,76
309056,1233,9,3,1,180
309056,1006.90000000037,5,8,1,163
309056,1180.40000000037,7,6,1,122
309056,944.5,5,8,1,173
700600,NaN,8,9,NaN,199
700600,955.400000000373,4,3,1,87
700600,846.89999999851,7,9,1,180
700600,1080.30000000075,2,8,1,44
700600,874.10000000149,7,5,1,144
700600,1102.89999999851,2,5,1,101
700600,1167.79999999888,0,8,1,8
700600,NaN,2,5,NaN,102
700600,1181.69999999925,9,5,1,103
700600,1318.20000000112,3,6,1,122
700600,811.89999999851,5,9,1,105
700600,1136.40000000037,9,5,1,191
700600,738.799999998882,8,6,1,161
700600,881.800000000745,0,7,1,2
700600,1123,4,7,1,144
700600,964.099999999627,7,4,1,142
700600,2347.90000000037,3,5,1,76
700600,845.599999999627,2,9,1,187
700600,NaN,7,4,NaN,86
700600,990.800000000745,7,2,1,142
700600,1311.20000000112,4,7,1,140
700600,NaN,0,5,NaN,102
700600,1340.40000000037,0,4,1,18
700600,1452,8,1,1,173
700600,1284.59999999963,2,8,1,54
700600,1163.89999999851,3,2,1,46
700600,1043.20000000112,5,8,1,172
700600,1101,9,6,1,123
700600,942.89999999851,1,9,1,187
700600,840.199999999255,2,8,1,163
700600,1030.20000000112,0,2,1,41
700600,1871.5,9,6,1,130
700600,1335.30000000075,3,7,1,143
700600,892.60000000149,1,7,1,24
700600,1091.59999999963,8,6,1,163
700600,983.200000001118,2,5,1,105
700600,949.400000000373,0,1,1,2
700600,872.299999998882,1,0,1,31
700600,988.5,5,6,1,122
700600,1275.5,0,6,1,130
700600,1316.5,8,3,1,70
700600,973.099999999627,8,1,1,172
700600,961.099999999627,1,4,1,81
700600,974,3,8,1,70
700600,991.5,1,8,1,22
700600,1046.79999999888,6,5,1,101
700600,1210.39999999851,5,4,1,101
700600,956.199999999255,6,9,1,199
700600,1125,1,8,1,172
700600,1038.69999999925,3,9,1,70
700600,1134.39999999851,4,6,1,130
700600,742.699999999255,3,9,1,187
700600,1345.5,8,4,1,87
700600,NaN,4,3,NaN,63
700600,1010.10000000149,8,4,1,161
700600,1131.79999999888,1,5,1,31
700600,1121,5,4,1,85
700600,1188.80000000075,8,7,1,172
700600,1072.70000000112,8,1,1,163
700600,933.400000000373,9,4,1,191
597324,2956.89999999944,0,6,1,0
597324,1886.40000000037,9,6,1,187
597324,1114.19999999925,1,9,1,191
597324,912.799999999814,8,2,1,161
597324,984.900000000373,1,7,1,22
597324,983.299999999814,7,3,1,144
597324,906.200000000186,2,3,1,54
597324,893.200000000186,2,5,1,46
597324,1348.60000000056,2,3,1,68
597324,1118.89999999944,3,7,1,140
597324,1563.09999999963,0,5,1,18
597324,1464,4,2,1,44
597324,750.200000000186,0,5,1,0
597324,712.899999999441,1,5,1,22
597324,1174.10000000056,5,3,1,70
597324,1024.90000000037,5,0,1,103
597324,1249.20000000019,6,9,1,191
597324,1350.89999999944,9,8,1,191
597324,2218.70000000019,5,2,1,44
597324,1018.70000000019,5,8,1,161
597324,1009.29999999981,7,1,1,143
597324,973.299999999814,5,6,1,103
597324,789.599999999627,5,7,1,103
597324,672.599999999627,8,7,1,163
597324,1249,8,2,1,54
597324,976.099999999627,1,5,1,25
597324,882,9,6,1,199
597324,1056.60000000056,7,3,1,143
597324,1168.20000000019,4,0,1,0
597324,827.700000000186,3,1,1,76
597324,2178.70000000019,4,0,1,85
597324,1047,1,3,1,68
597324,1262.20000000019,0,3,1,70
597324,860.700000000186,0,9,1,187
597324,1300.20000000019,6,5,1,103
597324,907,8,9,1,187
597324,1389,9,6,1,120
597324,1008.20000000019,2,3,1,41
597324,NaN,3,0,NaN,70
597324,1100,0,9,1,8
597324,1322.19999999925,9,1,1,22
597324,885.600000000559,1,6,1,22
597324,841.799999999814,5,2,1,101
597324,1073,3,9,1,191
597324,1527.20000000019,7,6,1,130
597324,954.5,1,9,1,180
597324,961.899999999441,0,4,0,85
597324,975,3,0,1,76
597324,1572.5,8,3,1,172
597324,1090.40000000037,5,2,1,46
597324,1264.5,4,1,1,31
597324,1095.90000000037,2,1,1,24
597324,972.400000000373,8,7,1,140
597324,846.900000000373,1,7,1,143
597324,936.900000000373,0,3,1,2
597324,1280.10000000056,9,8,1,173
597324,1054.80000000075,4,7,1,85
597324,1054.5,2,4,1,54
597324,967.700000000186,6,3,1,70
597324,1112.29999999981,0,1,1,31
562767,NaN,6,0,NaN,120
562767,902.300000011921,3,8,1,172
562767,673.5,5,9,1,187
562767,2225.20000001788,1,6,0,31
562767,747.5,1,3,1,22
562767,1489.70000001788,1,2,0,44
562767,2047.60000002384,1,3,0,25
562767,1503.5,8,2,1,163
562767,1435.70000001788,6,3,1,123
562767,799.40000000596,3,8,1,63
562767,1686.80000001192,6,2,0,54
562767,2353.19999998808,3,7,0,68
562767,2220.5,7,6,1,120
562767,1365,4,1,1,81
562767,772.699999988079,9,1,1,187
562767,2634.5,0,2,1,0
562767,NaN,5,0,NaN,102
562767,1111.70000001788,2,9,0,180
562767,719.799999982119,4,7,1,81
562767,1119.80000001192,3,7,1,70
562767,668.5,8,6,1,172
562767,979.59999999404,1,7,1,31
562767,1041.5,0,4,1,2
562767,1768.09999999404,2,3,0,46
562767,1216.90000000596,7,2,1,54
562767,1041.69999998808,4,5,1,86
562767,1124.70000001788,0,8,1,172
562767,1793.19999998808,3,0,1,18
562767,1081.20000001788,1,6,1,122
562767,NaN,8,7,NaN,161
562767,952.299999982119,4,6,1,122
562767,777.09999999404,1,6,1,24
562767,878.09999999404,5,6,1,120
562767,1218,2,7,1,143
562767,889.40000000596,5,1,1,24
562767,1695.30000001192,9,6,1,191
562767,1309.40000000596,6,7,1,130
562767,822.800000011921,9,1,1,31
562767,2305.80000001192,2,0,1,8
562767,1068.09999999404,6,2,1,122
562767,943.09999999404,3,7,1,63
562767,1086.80000001192,2,3,1,63
562767,945.90000000596,2,3,1,76
562767,998.09999999404,9,8,1,172
562767,1095.09999999404,3,1,1,24
562767,1062.5,6,2,1,120
562767,1175.40000000596,7,2,1,140
562767,717.800000011921,1,8,1,24
562767,845.700000017881,7,9,1,140
562767,935.300000011921,1,0,1,22
562767,739.199999988079,7,5,1,140
562767,1018.79999998212,3,6,1,130
562767,1136.79999998212,2,0,1,18
562767,997.40000000596,8,3,1,173
562767,1045.90000000596,4,5,1,102
562767,1443.69999998808,6,2,1,41
562767,938,9,8,1,161
562767,1324.79999998212,0,5,1,101
562767,1404.69999998808,2,1,1,44
562767,1041.09999999404,0,8,1,163
486336,932.100000023842,3,4,1,70
486336,825.300000011921,5,3,1,105
486336,1050.09999996424,4,8,1,163
486336,1299.70000004768,3,9,1,76
486336,1264.10000002384,7,2,1,143
486336,1725.30000001192,1,4,1,86
486336,1157.5,9,2,1,199
486336,1070.30000001192,6,2,1,130
486336,1025.70000004768,2,1,1,25
486336,967.600000023842,8,3,1,161
486336,1392.10000002384,1,5,1,24
486336,1385.69999998808,6,1,1,123
486336,1649.20000004768,0,6,1,120
486336,1505.80000001192,5,9,1,102
486336,1167.19999998808,7,5,1,102
486336,1054.80000001192,9,2,1,191
486336,1344.30000001192,4,6,1,123
486336,1021.20000004768,9,2,1,180
486336,1405.09999996424,8,7,1,143
486336,1547.69999998808,2,4,1,87
486336,1294.5,7,4,1,140
486336,1177.30000001192,1,9,1,31
486336,1306.89999997616,7,9,1,199
486336,1031.29999995232,5,3,1,103
486336,1388.30000001192,4,1,1,87
486336,990.699999988079,7,6,1,123
486336,1289.39999997616,2,8,1,46
486336,1294.30000001192,9,4,1,87
486336,1323.19999998808,3,6,1,70
486336,1294,4,3,1,86
486336,1137.19999998808,3,6,1,123
486336,1012.5,0,7,1,8
486336,1049,9,0,1,8
486336,1186.40000003576,9,3,1,70
486336,1953.19999998808,3,9,1,63
486336,1092.70000004768,3,0,1,2
486336,1072.89999997616,8,4,1,172
486336,2348,0,3,1,8
486336,1016.80000001192,7,0,1,143
486336,1192.39999997616,8,6,1,120
486336,1424.60000002384,7,8,1,163
486336,997.699999988079,5,4,1,105
486336,1277.69999998808,3,2,1,63
486336,1325.59999996424,0,3,1,76
486336,2304.19999998808,0,1,1,8
486336,1393.80000001192,6,5,1,102
486336,1559.19999998808,5,7,1,144
486336,1411.5,6,1,1,22
486336,1009.60000002384,6,7,1,123
486336,972.800000011921,8,2,1,172
486336,1377.69999998808,1,4,1,22
486336,1012.40000003576,5,0,1,2
486336,1109.60000002384,7,0,1,18
486336,883.300000011921,5,1,1,102
486336,781.699999988079,5,1,1,101
486336,1152,6,4,1,123
486336,850.5,7,1,1,22
486336,1047.60000002384,7,3,1,142
486336,1001.70000004768,5,6,1,102
486336,1107.39999997616,2,7,1,44
746773,NaN,8,0,NaN,0
746773,1028.5,1,6,1,123
746773,1104.80000001192,3,5,1,105
746773,600.699999988079,0,2,1,46
746773,963.5,6,4,1,87
746773,1193.5,6,8,1,123
746773,1926.09999999404,9,3,1,63
746773,2192.59999999404,6,3,0,122
746773,1069.59999999404,6,1,1,120
746773,808.300000011921,4,8,1,172
746773,1261,3,6,1,68
746773,938.79999999702,2,7,1,144
746773,2056.29999999702,5,7,1,102
746773,906.399999991059,8,4,1,86
746773,1544.19999998808,5,2,1,102
746773,908.09999999404,5,0,1,105
746773,932.5,7,5,1,105
746773,797.40000000596,3,8,1,161
746773,910.70000000298,1,5,1,101
746773,1127,9,7,1,143
746773,1576.39999999106,9,6,1,122
746773,820.600000008941,5,9,1,199
746773,1105.60000000894,0,6,1,2
746773,2033.79999999702,0,1,0,25
746773,822.59999999404,3,9,1,199
746773,757.5,0,9,1,199
746773,1250.20000000298,7,6,1,143
746773,1036.90000000596,1,7,1,142
746773,693.70000000298,8,9,1,191
746773,688,6,9,1,180
746773,763.59999999404,5,6,1,101
746773,778.399999991059,6,3,1,76
746773,1081.10000000894,0,1,1,18
746773,809.79999999702,1,2,1,41
746773,1155.10000000894,4,9,1,81
746773,1020.29999999702,1,2,1,24
746773,764.100000008941,3,7,1,144
746773,736.899999991059,9,4,1,81
746773,812.79999999702,8,3,1,68
746773,689.5,9,5,1,101
746773,720.5,5,2,1,54
746773,1044.5,7,1,1,25
746773,875.29999999702,8,1,1,22
746773,803.5,5,4,1,86
746773,796.100000008941,9,7,1,191
746773,806.899999991059,6,3,0,120
746773,743.79999999702,7,8,1,173
746773,699.600000008941,3,9,1,180
746773,1108.39999999106,6,8,1,130
746773,662.29999999702,1,9,1,199
746773,827.5,3,5,1,70
746773,686.600000008941,6,0,1,0
746773,806.70000000298,4,6,1,86
746773,917.899999991059,0,4,1,0
746773,744.70000000298,0,7,1,18
746773,1084.79999999702,7,8,1,143
746773,1007.29999999702,9,5,1,105
746773,1020.20000000298,2,6,1,120
746773,878.20000000298,9,5,1,199
746773,993,7,1,1,144
542223,1095.80000000075,4,8,1,85
542223,817.099999997765,8,4,1,81
542223,1000,1,3,1,63
542223,951,4,7,1,143
542223,709.39999999851,0,6,1,18
542223,1183.10000000149,7,8,1,172
542223,816.39999999851,0,7,1,0
542223,711,5,7,1,143
542223,753.5,5,6,1,105
542223,732.10000000149,6,0,1,123
542223,667.89999999851,4,3,1,81
542223,788.699999999255,4,8,1,86
542223,533.89999999851,2,6,1,54
542223,979,9,2,1,46
542223,469,0,5,1,105
542223,1158.60000000149,2,0,1,46
542223,777.199999999255,8,0,1,173
542223,603.70000000298,4,1,1,86
542223,736.199999999255,7,1,1,140
542223,992.199999999255,9,1,1,25
542223,649.60000000149,1,3,1,70
542223,677.10000000149,9,1,1,24
542223,1019.89999999851,9,0,1,191
542223,709.400000002235,5,2,1,105
542223,1173.30000000075,8,4,1,85
542223,661.199999999255,7,3,1,70
542223,1529.19999999925,3,1,1,70
542223,650.900000002235,7,6,1,144
542223,1338.5,3,5,1,102
542223,783.199999999255,1,8,1,31
542223,543.699999999255,3,8,1,76
542223,1145.19999999925,4,1,1,25
542223,808.199999999255,3,8,1,163
542223,632.400000002235,0,8,1,161
542223,552,7,4,1,81
542223,750.199999999255,8,3,1,76
542223,498.29999999702,8,6,1,123
542223,1256.39999999851,9,3,1,187
542223,804.800000000745,4,2,1,81
542223,660.70000000298,4,7,1,87
542223,1425.5,4,9,1,191
542223,1318.19999999925,2,4,1,46
542223,549,8,5,1,163
542223,810.60000000149,8,5,1,103
542223,1264.39999999851,1,4,1,25
542223,991.10000000149,1,8,1,163
542223,959.199999999255,0,5,1,2
542223,777.900000002235,1,5,1,103
542223,1084.60000000149,4,2,1,86
542223,844,0,9,1,191
542223,775,8,7,1,142
542223,943.699999999255,3,5,1,63
542223,533.5,0,9,1,0
542223,1073.79999999702,4,0,1,8
542223,892.800000000745,0,4,1,8
542223,870.800000000745,3,6,1,120
542223,756.300000000745,4,2,1,41
542223,856.89999999851,3,1,1,68
542223,840.699999999255,0,9,1,180
542223,707.699999999255,5,6,1,123
762819,1226.09999990463,9,0,1,2
762819,1450.79999995232,8,1,1,161
762819,1289.89999985695,9,0,1,0
762819,963.299999952316,5,1,1,22
762819,1077,4,0,1,18
762819,1415.5,0,5,1,8
762819,1138.70000004768,0,2,1,2
762819,1195,8,9,1,163
762819,1195.09999990463,7,1,1,142
762819,1170.29999995232,7,4,1,143
762819,1281.20000004768,6,3,1,130
762819,1600.79999995232,0,2,1,44
762819,1068.40000009537,3,5,1,103
762819,1072.90000009537,8,1,1,31
762819,1643,9,4,1,199
762819,1138.30000019073,5,2,1,103
762819,1034.70000004768,7,9,1,142
762819,1572.5,9,8,1,163
762819,1426.60000014305,5,0,1,101
762819,1498.90000009537,2,9,1,199
762819,1179.60000014305,5,2,1,41
762819,1059.40000009537,1,8,1,173
762819,1530.39999985695,4,8,1,81
762819,1448.20000004768,2,4,1,44
762819,1654.79999995232,4,2,1,87
762819,1115.29999995232,1,4,1,31
762819,995.200000047684,1,6,1,25
762819,961.700000047684,9,7,1,180
762819,1673.59999990463,5,1,1,31
762819,1333.39999985695,7,5,1,103
762819,995.600000143051,1,2,1,46
762819,957.600000143051,3,2,1,41
762819,1084,6,1,1,25
762819,1006.10000014305,4,7,1,142
762819,1676.29999995232,1,2,1,25
762819,1314.20000004768,3,6,1,76
762819,1038.5,3,4,1,76
762819,1124,5,1,1,105
762819,1531.20000004768,5,9,1,191
762819,1265,8,3,1,63
762819,1058.10000014305,0,6,1,122
762819,1603.89999985695,1,0,1,24
762819,1291.59999990463,0,4,0,86
762819,1866.20000004768,7,1,1,24
762819,1525.20000004768,9,1,1,199
762819,1529.5,2,8,1,172
762819,979.399999856949,1,7,1,144
762819,1004.70000004768,0,7,1,142
762819,1594.40000009537,8,9,1,161
762819,1424.39999985695,6,8,1,161
762819,1396.40000009537,4,5,1,81
762819,1457.10000014305,5,4,1,81
762819,1452,2,1,1,41
762819,1396.30000019073,8,6,1,122
762819,1423.40000009537,9,7,1,199
762819,1659,1,0,1,0
762819,1292.39999985695,1,2,1,22
762819,1369.59999990463,5,6,1,130
762819,1496.5,0,8,1,173
762819,1436.89999985695,3,1,1,63
951957,1766.70000004768,6,0,1,120
951957,1233.60000002384,3,8,1,172
951957,934.899999976158,5,9,1,187
951957,1106.19999998808,1,6,1,31
951957,939.100000023842,1,3,1,22
951957,943,1,2,1,44
951957,1049.69999998808,1,3,1,25
951957,975.5,8,2,1,163
951957,1366.10000002384,6,3,1,123
951957,1271.19999998808,3,8,1,63
951957,922.800000011921,6,2,1,54
951957,1186.09999996424,3,7,1,68
951957,2072.30000001192,7,6,1,120
951957,960.399999976158,4,1,1,81
951957,746.399999976158,9,1,1,187
951957,728.199999988079,0,2,1,0
951957,1266.19999998808,5,0,1,102
951957,779.399999976158,2,9,1,180
951957,914.399999976158,4,7,1,81
951957,789.5,3,7,1,70
951957,759.299999952316,8,6,1,172
951957,NaN,1,7,NaN,31
951957,730.899999976158,0,4,1,2
951957,NaN,2,3,NaN,46
951957,1176,7,2,1,54
951957,989.699999988079,4,5,1,86
951957,1093.80000001192,0,8,1,172
951957,919.800000011921,3,0,1,18
951957,554,1,6,0,122
951957,815.199999988079,8,7,1,161
951957,NaN,4,6,NaN,122
951957,744.600000023842,1,6,1,24
951957,1133.70000004768,5,6,1,120
951957,1042.69999998808,2,7,1,143
951957,1889.40000003576,5,1,0,24
951957,777.099999964237,9,6,1,191
951957,873.399999976158,6,7,1,130
951957,1893.30000001192,9,1,1,31
951957,1101.69999998808,2,0,1,8
951957,584.899999976158,6,2,1,122
951957,1321.69999998808,3,7,1,63
951957,1149.79999995232,2,3,1,63
951957,798.800000011921,2,3,1,76
951957,1167.60000002384,9,8,1,172
951957,1077.10000002384,3,1,1,24
951957,1232.89999997616,6,2,1,120
951957,1694.80000001192,7,2,1,140
951957,1257.19999998808,1,8,1,24
951957,1060.80000001192,7,9,1,140
951957,749.699999988079,1,0,1,22
951957,745.399999976158,7,5,1,140
951957,1045.69999998808,3,6,1,130
951957,1365.90000003576,2,0,1,18
951957,784.699999988079,8,3,1,173
951957,515.399999976158,4,5,0,102
951957,1025.79999995232,6,2,1,41
951957,1162.40000003576,9,8,1,161
951957,1044.30000001192,0,5,1,101
951957,941.799999952316,2,1,1,44
951957,758.899999976158,0,8,0,163
519121,1949,8,2,0,46
519121,1722.59999999776,4,0,0,2
519121,1436.69999999925,9,5,0,187
519121,1098.69999999925,4,5,1,85
519121,971.300000000745,5,8,0,101
519121,1189.80000000075,9,3,1,191
519121,1018.60000000149,7,8,0,142
519121,883.5,4,2,1,85
519121,982.599999997765,3,0,1,8
519121,983.199999999255,3,4,0,81
519121,1120,1,8,1,161
519121,733.20000000298,3,2,1,68
519121,1305.5,3,1,1,25
519121,873.5,2,5,0,103
519121,878.79999999702,8,4,0,163
519121,707.800000000745,8,4,1,173
519121,1396,1,2,1,54
519121,1185.69999999925,7,4,1,144
519121,793.60000000149,8,7,0,173
519121,1023.89999999851,0,7,0,144
519121,1103.40000000224,0,1,1,0
519121,1135.69999999925,4,9,1,187
519121,1857.69999999925,0,2,1,54
519121,904.699999999255,7,9,1,187
519121,1043.59999999776,2,8,1,41
519121,895.099999997765,3,1,1,22
519121,2621.60000000149,6,5,0,122
519121,1083.69999999925,6,7,1,144
519121,1735.60000000149,9,4,1,180
519121,1346.69999999925,6,9,1,123
519121,1001.5,2,9,1,54
519121,941.699999999255,2,7,1,41
519121,1093.60000000149,3,7,1,76
519121,1258.40000000224,7,1,1,31
519121,1270.5,8,7,1,144
519121,986.599999997765,0,3,1,18
519121,1151.19999999925,8,5,1,173
519121,1653.5,5,3,1,102
519121,1438.69999999925,1,0,1,25
519121,1179.90000000224,0,2,1,18
519121,938.699999999255,9,7,1,187
519121,1507.40000000224,4,8,1,173
519121,989.39999999851,2,0,1,44
519121,1105.40000000224,9,7,1,142
519121,1627.59999999776,1,6,1,130
519121,1067.89999999851,2,0,1,41
519121,1515.5,9,1,1,180
519121,1343.10000000149,1,5,1,102
519121,1313.30000000075,4,2,1,54
519121,1479.30000000075,3,5,1,101
519121,974,4,5,1,105
519121,1094.5,0,7,1,140
519121,1289.59999999776,9,5,1,102
519121,1548.80000000075,6,7,0,122
519121,949.400000002235,2,9,1,191
519121,1179.5,9,0,1,180
519121,2027.69999999925,7,0,1,0
519121,1090.69999999925,4,9,0,85
519121,1701.70000000298,4,5,1,87
519121,1045.5,2,1,1,22
764886,1264.70000000298,7,9,1,144
764886,1125.70000000298,2,6,1,123
764886,1195.30000001192,5,4,1,103
764886,910.90000000596,4,6,1,81
764886,863.59999999404,7,0,1,144
764886,1290.10000000894,2,4,1,85
764886,1048.09999999404,6,8,1,122
764886,1134.20000000298,6,4,1,81
764886,1030.09999999404,2,4,1,86
764886,1291.5,1,4,1,24
764886,1250.20000000298,6,3,1,63
764886,1031,4,8,1,161
764886,1124.40000000596,6,1,1,31
764886,792.800000011921,4,3,1,76
764886,855.600000008941,6,9,1,187
764886,695.59999999404,3,4,1,86
764886,738.40000000596,9,7,1,144
764886,1269,4,6,1,87
764886,1127.79999999702,6,1,1,130
764886,1133.20000000298,3,4,1,87
764886,1124.5,1,3,1,31
764886,1791.89999999106,8,5,1,102
764886,1009.19999998808,0,3,1,63
764886,1381.19999998808,9,0,1,18
764886,1298,7,8,1,144
764886,832.20000000298,9,8,1,180
764886,1293.79999999702,1,4,1,85
764886,2249.39999999106,8,0,1,8
764886,1263.30000001192,6,5,1,130
764886,1305.60000000894,4,5,1,101
764886,1031.29999999702,0,7,1,143
764886,1064.09999999404,7,0,1,142
764886,1315.90000000596,1,8,1,25
764886,1710,0,6,1,123
764886,1379.10000000894,1,0,1,2
764886,1162.5,7,3,1,76
764886,1168.09999999404,7,6,1,140
764886,927,5,8,1,105
764886,1051.09999999404,1,9,1,24
764886,865.399999991059,2,9,1,46
764886,735.899999991059,2,5,1,41
764886,998.100000008941,8,5,1,105
764886,833.399999991059,4,9,1,199
764886,1184,3,4,1,63
764886,718.79999999702,6,4,1,130
764886,2788.89999999106,8,6,1,130
764886,1331.90000000596,7,3,1,68
764886,1043.90000000596,8,0,1,161
764886,917.40000000596,6,8,1,120
764886,1280.79999999702,1,0,1,18
764886,1062.40000000596,5,3,1,68
764886,1243.5,6,7,1,142
764886,1473.90000000596,4,7,1,86
764886,1038.20000000298,0,9,1,18
764886,889.59999999404,1,3,1,24
764886,1084,5,3,1,76
764886,926.800000011921,9,3,1,180
764886,1125.69999998808,5,8,1,163
764886,772.70000000298,7,6,1,122
764886,817,5,8,1,173
656102,761.699999999255,6,8,1,173
656102,980.70000000298,7,9,1,143
656102,623.599999997765,7,5,1,142
656102,561.300000000745,2,5,1,44
656102,919.29999999702,7,4,1,87
656102,770.800000000745,7,2,1,44
656102,959,2,5,1,54
656102,777,3,7,1,142
656102,871.699999999255,6,8,1,163
656102,525.699999999255,2,0,1,0
656102,1199,6,2,1,123
656102,1024,6,4,1,86
656102,713.699999999255,0,3,1,68
656102,727.900000002235,7,2,1,144
656102,592.5,6,4,1,122
656102,672.10000000149,0,9,1,2
656102,1022.90000000224,6,7,1,140
656102,715.10000000149,8,2,1,41
656102,765.300000000745,9,2,1,187
656102,588.89999999851,8,6,1,173
656102,644.699999999255,2,6,1,44
656102,565.699999999255,4,0,1,87
656102,968.099999997765,7,4,1,85
656102,675.699999999255,6,5,1,105
656102,555.800000000745,9,3,1,76
656102,1062.39999999851,3,0,1,68
656102,1311.5,9,4,1,85
656102,903.699999999255,1,9,1,25
656102,938.60000000149,2,6,1,130
656102,905.900000002235,7,6,1,142
656102,816.900000002235,6,0,1,130
656102,529.400000002235,8,9,1,173
656102,527.699999999255,3,5,1,68
656102,939.199999999255,7,2,1,46
656102,654.300000000745,5,7,1,101
656102,854.900000002235,7,9,1,191
656102,802.20000000298,2,7,1,140
656102,717.39999999851,2,7,1,46
656102,768,8,1,1,25
656102,533.20000000298,0,8,1,2
656102,752.300000000745,1,5,1,105
656102,517.60000000149,9,3,1,199
656102,1030.19999999925,4,1,1,85
656102,835.599999997765,9,4,1,86
656102,666.20000000298,3,6,0,63
656102,662.300000000745,3,2,1,70
656102,639.60000000149,7,5,1,143
656102,1051,0,1,1,22
656102,1046.5,2,6,1,46
656102,707.70000000298,4,1,1,22
656102,621.800000000745,4,5,1,103
656102,782.39999999851,5,1,1,103
656102,567.79999999702,9,1,1,191
656102,650.199999999255,3,0,1,63
656102,433.10000000149,0,8,1,0
656102,700.900000002235,8,5,1,101
656102,796.400000002235,5,7,1,140
656102,684.800000000745,1,6,1,120
656102,573.79999999702,7,5,1,101
656102,797.800000000745,9,8,1,187
342820,898.699999999255,6,8,1,173
342820,774,7,9,1,143
342820,549.199999999255,7,5,1,142
342820,817.699999999255,2,5,1,44
342820,856.89999999851,7,4,1,87
342820,772.70000000298,7,2,1,44
342820,694.89999999851,2,5,1,54
342820,995.89999999851,3,7,1,142
342820,796.79999999702,6,8,1,163
342820,845.89999999851,2,0,1,0
342820,997.699999999255,6,2,1,123
342820,869.89999999851,6,4,1,86
342820,509.89999999851,0,3,1,68
342820,1076.29999999702,7,2,1,144
342820,514.300000000745,6,4,1,122
342820,608.5,0,9,1,2
342820,1307.5,6,7,1,140
342820,766.5,8,2,1,41
342820,733.79999999702,9,2,1,187
342820,459.60000000149,8,6,1,173
342820,474.800000000745,2,6,1,44
342820,730.800000000745,4,0,1,87
342820,600.900000002235,7,4,0,85
342820,688.400000002235,6,5,1,105
342820,738.60000000149,9,3,1,76
342820,726.39999999851,3,0,1,68
342820,1454.40000000224,9,4,1,85
342820,1718.30000000075,1,9,1,25
342820,902,2,6,1,130
342820,819.60000000149,7,6,1,142
342820,601.599999997765,6,0,1,130
342820,553,8,9,1,173
342820,470.39999999851,3,5,1,68
342820,954.900000002235,7,2,1,46
342820,652.5,5,7,1,101
342820,833.800000000745,7,9,1,191
342820,787.89999999851,2,7,1,140
342820,710.20000000298,2,7,1,46
342820,908.39999999851,8,1,1,25
342820,763.300000000745,0,8,1,2
342820,828.599999997765,1,5,1,105
342820,751.89999999851,9,3,1,199
342820,1013.80000000075,4,1,1,85
342820,1543.30000000075,9,4,1,86
342820,1498.59999999776,3,6,1,63
342820,906.800000000745,3,2,1,70
342820,536.10000000149,7,5,1,143
342820,1106,0,1,1,22
342820,756.300000000745,2,6,1,46
342820,1089.69999999925,4,1,1,22
342820,664.20000000298,4,5,1,103
342820,951.800000000745,5,1,1,103
342820,644.10000000149,9,1,1,191
342820,639.300000000745,3,0,1,63
342820,696.199999999255,0,8,1,0
342820,932.800000000745,8,5,1,101
342820,888,5,7,1,140
342820,552.79999999702,1,6,1,120
342820,585.199999999255,7,5,1,101
342820,865.599999997765,9,8,1,187
667934,1162.79999999981,6,0,1,120
667934,1026.89999999944,3,8,1,172
667934,916.700000000186,5,9,1,187
667934,1014.70000000019,1,6,1,31
667934,883.099999999627,1,3,1,22
667934,1067.29999999981,1,2,1,44
667934,972,1,3,1,25
667934,907.599999999627,8,2,1,163
667934,1081.29999999981,6,3,1,123
667934,2992.79999999981,3,8,1,63
667934,1013.60000000056,6,2,1,54
667934,903.300000000745,3,7,1,68
667934,942.600000000559,7,6,1,120
667934,1102,4,1,1,81
667934,887.5,9,1,1,187
667934,779.600000000559,0,2,1,0
667934,1399.30000000075,5,0,1,102
667934,742.600000000559,2,9,1,180
667934,836.200000000186,4,7,1,81
667934,1560.5,3,7,1,70
667934,787.900000000373,8,6,1,172
667934,1943.29999999981,1,7,1,31
667934,978.700000000186,0,4,1,2
667934,1298.29999999981,2,3,1,46
667934,1422.70000000019,7,2,1,54
667934,1929.20000000019,4,5,0,86
667934,1096.20000000019,0,8,1,172
667934,914.700000000186,3,0,1,18
667934,1198.20000000019,1,6,1,122
667934,1175.89999999944,8,7,1,161
667934,991,4,6,1,122
667934,1189.5,1,6,1,24
667934,877,5,6,1,120
667934,922.200000000186,2,7,1,143
667934,1385.29999999981,5,1,1,24
667934,1035.40000000037,9,6,1,191
667934,1534.29999999981,6,7,1,130
667934,1184.39999999944,9,1,1,31
667934,924.700000000186,2,0,1,8
667934,1297.29999999981,6,2,1,122
667934,1931.29999999981,3,7,1,63
667934,1200.40000000037,2,3,1,63
667934,1096.79999999981,2,3,1,76
667934,1107.20000000019,9,8,1,172
667934,989.599999999627,3,1,1,24
667934,1335.69999999925,6,2,1,120
667934,1293,7,2,1,140
667934,1247.29999999981,1,8,1,24
667934,1384.89999999944,7,9,1,140
667934,1441.10000000056,1,0,1,22
667934,978.200000000186,7,5,1,140
667934,1731.60000000056,3,6,1,130
667934,1169.09999999963,2,0,1,18
667934,1076.70000000019,8,3,1,173
667934,1410.09999999963,4,5,0,102
667934,972.299999999814,6,2,1,41
667934,968.400000000373,9,8,1,161
667934,964.599999999627,0,5,1,101
667934,1339.59999999963,2,1,1,44
667934,1074.20000000019,0,8,1,163
638186,913.900000000373,8,0,1,0
638186,701.400000000373,1,6,1,123
638186,675.699999999255,3,5,1,105
638186,953.799999998882,0,2,1,46
638186,1023.80000000075,6,4,1,87
638186,1357.59999999963,6,8,1,123
638186,1752.09999999963,9,3,1,63
638186,1260.09999999963,6,3,1,122
638186,1029,6,1,1,120
638186,935.400000000373,4,8,1,172
638186,1011.40000000037,3,6,1,68
638186,1053,2,7,1,144
638186,1787.69999999925,5,7,0,102
638186,983.900000000373,8,4,1,86
638186,1275.30000000075,5,2,1,102
638186,946.199999999255,5,0,1,105
638186,1075.59999999963,7,5,1,105
638186,837.900000000373,3,8,1,161
638186,725.599999999627,1,5,1,101
638186,687.5,9,7,1,143
638186,1009.5,9,6,1,122
638186,746,5,9,1,199
638186,1124.40000000037,0,6,1,2
638186,1486.89999999851,0,1,1,25
638186,912.699999999255,3,9,1,199
638186,667.400000000373,0,9,1,199
638186,1121.19999999925,7,6,1,143
638186,1144.09999999963,1,7,1,142
638186,765.599999999627,8,9,1,191
638186,642.60000000149,6,9,1,180
638186,905.699999999255,5,6,1,101
638186,995.700000001118,6,3,1,76
638186,1197.5,0,1,1,18
638186,870.900000000373,1,2,1,41
638186,1213.69999999925,4,9,1,81
638186,1689.39999999851,1,2,1,24
638186,895,3,7,1,144
638186,1489.5,9,4,1,81
638186,1003.30000000075,8,3,1,68
638186,1159.90000000037,9,5,1,101
638186,863.299999998882,5,2,1,54
638186,833,7,1,1,25
638186,665.599999999627,8,1,1,22
638186,1567.80000000075,5,4,1,86
638186,1226,9,7,1,191
638186,1429.5,6,3,1,120
638186,1041.70000000112,7,8,1,173
638186,616.400000000373,3,9,1,180
638186,1074.5,6,8,1,130
638186,822.300000000745,1,9,1,199
638186,1130,3,5,1,70
638186,884.599999999627,6,0,1,0
638186,1071.90000000037,4,6,1,86
638186,877.5,0,4,1,0
638186,985.10000000149,0,7,1,18
638186,1079.69999999925,7,8,1,143
638186,904.89999999851,9,5,1,105
638186,1021.90000000037,2,6,1,120
638186,973.900000000373,9,5,1,199
638186,1134.90000000037,7,1,1,144
378256,1303.90000003576,8,9,0,199
378256,1046.30000001192,4,3,1,87
378256,789.699999988079,7,9,1,180
378256,1113.39999997616,2,8,1,44
378256,767.100000023842,7,5,1,144
378256,954.300000011921,2,5,1,101
378256,686.800000011921,0,8,1,8
378256,481.699999988079,2,5,0,102
378256,815.300000011921,9,5,1,103
378256,747,3,6,0,122
378256,558,5,9,1,105
378256,1066.10000002384,9,5,1,191
378256,708.5,8,6,1,161
378256,1098.5,0,7,1,2
378256,1037.19999998808,4,7,1,144
378256,1774.29999995232,7,4,1,142
378256,760.900000035763,3,5,1,76
378256,1007.30000001192,2,9,1,187
378256,702.400000035763,7,4,0,86
378256,1047.5,7,2,1,142
378256,1541.19999998808,4,7,1,140
378256,449.5,0,5,0,102
378256,738.699999988079,0,4,1,18
378256,899.5,8,1,1,173
378256,780.199999988079,2,8,1,54
378256,1970.59999996424,3,2,1,46
378256,1490.30000001192,5,8,1,172
378256,985.900000035763,9,6,1,123
378256,2228.30000001192,1,9,0,187
378256,2367.80000001192,2,8,1,163
378256,1646.10000002384,0,2,1,41
378256,1362.5,9,6,1,130
378256,1309.60000002384,3,7,1,143
378256,746.799999952316,1,7,1,24
378256,767.300000011921,8,6,1,163
378256,1151.10000002384,2,5,0,105
378256,1039.30000001192,0,1,1,2
378256,1407.19999998808,1,0,1,31
378256,572.600000023842,5,6,0,122
378256,1115,0,6,1,130
378256,1212.80000001192,8,3,1,70
378256,1048.09999996424,8,1,1,172
378256,1017.10000002384,1,4,0,81
378256,811.300000011921,3,8,1,70
378256,621.400000035763,1,8,1,22
378256,2242.79999995232,6,5,1,101
378256,880.199999988079,5,4,1,101
378256,539.5,6,9,0,199
378256,1452.69999998808,1,8,1,172
378256,884.099999964237,3,9,1,70
378256,1001.5,4,6,1,130
378256,2175.30000001192,3,9,0,187
378256,1296.80000001192,8,4,1,87
378256,2671.39999997616,4,3,0,63
378256,871.399999976158,8,4,1,161
378256,781.699999988079,1,5,1,31
378256,1098,5,4,1,85
378256,2464.60000002384,8,7,1,172
378256,997.600000023842,8,1,1,163
378256,884.5,9,4,1,191
542203,679,8,2,1,46
542203,712.09999999404,4,0,1,2
542203,538,9,5,1,187
542203,544.40000000596,4,5,1,85
542203,577.40000000596,5,8,1,101
542203,575,9,3,1,191
542203,644.79999999702,7,8,1,142
542203,510.399999991059,4,2,1,85
542203,614.90000000596,3,0,1,8
542203,565,3,4,1,81
542203,617.29999999702,1,8,1,161
542203,517.899999991059,3,2,1,68
542203,615.70000000298,3,1,1,25
542203,701.40000000596,2,5,1,103
542203,602.79999999702,8,4,1,163
542203,784.5,8,4,1,173
542203,671.79999999702,1,2,1,54
542203,639.29999999702,7,4,1,144
542203,807.20000000298,8,7,1,173
542203,750,0,7,1,144
542203,784.70000000298,0,1,1,0
542203,516.90000000596,4,9,1,187
542203,552.5,0,2,1,54
542203,547,7,9,1,187
542203,796.70000000298,2,8,1,41
542203,524.90000000596,3,1,1,22
542203,628.899999991059,6,5,1,122
542203,671.40000000596,6,7,1,144
542203,992.09999999404,9,4,1,180
542203,584.29999999702,6,9,1,123
542203,640.399999991059,2,9,1,54
542203,584.90000000596,2,7,1,41
542203,1015.90000000596,3,7,1,76
542203,488.800000011921,7,1,1,31
542203,669.399999991059,8,7,1,144
542203,606.09999999404,0,3,1,18
542203,539.100000008941,8,5,1,173
542203,788.79999999702,5,3,1,102
542203,906.70000000298,1,0,1,25
542203,557,0,2,1,18
542203,485.59999999404,9,7,1,187
542203,480,4,8,0,173
542203,667.5,2,0,1,44
542203,811.70000000298,9,7,1,142
542203,862.29999999702,1,6,1,130
542203,553.5,2,0,1,41
542203,503.59999999404,9,1,1,180
542203,916.800000011921,1,5,1,102
542203,669.40000000596,4,2,1,54
542203,737.79999999702,3,5,1,101
542203,543.70000000298,4,5,1,105
542203,708.29999999702,0,7,1,140
542203,662.29999999702,9,5,1,102
542203,784.90000000596,6,7,1,122
542203,474.20000000298,2,9,1,191
542203,587.399999991059,9,0,1,180
542203,669.09999999404,7,0,1,0
542203,849.79999999702,4,9,1,85
542203,697.5,4,5,1,87
542203,567.600000008941,2,1,1,22
548179,1118.89999997616,9,2,1,44
548179,622,4,2,1,46
548179,783.200000047684,5,1,1,25
548179,750.299999952316,6,3,1,68
548179,1068.40000009537,3,2,1,76
548179,1282.5,6,9,1,122
548179,708.5,5,9,1,180
548179,823.200000047684,8,5,1,161
548179,1142.70000004768,2,8,1,161
548179,751,4,3,1,68
548179,864.5,4,3,1,70
548179,845.600000023842,4,8,1,87
548179,690.100000023842,2,8,1,173
548179,1147.10000002384,1,0,1,8
548179,925.300000071526,2,9,1,44
548179,1006.39999997616,0,5,1,103
548179,1635.19999992847,6,4,1,120
548179,778.600000023842,7,0,1,8
548179,829.399999976158,9,5,1,180
548179,1392,9,2,1,41
548179,1224.39999997616,4,0,0,86
548179,1097.60000002384,8,5,1,172
548179,1619.60000002384,0,3,1,0
548179,1040.5,4,9,1,87
548179,754.600000023842,6,7,1,120
548179,1009.19999992847,5,4,1,102
548179,1172.89999997616,8,0,1,172
548179,761.100000023842,5,8,1,102
548179,1371.79999995232,5,0,1,18
548179,999.900000095367,6,1,1,24
548179,999.699999928474,7,8,1,161
548179,1007.79999995232,2,6,1,41
548179,1384.69999992847,9,8,0,199
548179,1072.5,7,0,1,140
548179,917.799999952316,5,7,1,105
548179,768.399999976158,6,0,1,18
548179,1125.79999995232,4,9,0,86
548179,1132.5,7,3,0,63
548179,931.899999976158,5,3,1,101
548179,707.600000023842,3,0,1,0
548179,985.200000047684,0,4,1,87
548179,1074.29999995232,6,4,1,85
548179,728.799999952316,6,0,1,122
548179,1204.80000007153,5,8,1,103
548179,697.5,9,3,1,68
548179,728.700000047684,2,7,1,54
548179,902.5,0,6,1,8
548179,754.299999952316,9,7,1,140
548179,927.200000047684,2,1,1,46
548179,1122.29999995232,9,0,1,199
548179,1103.5,9,4,1,187
548179,902.699999928474,5,4,1,87
548179,NaN,0,2,NaN,8
548179,775.5,8,9,1,180
548179,740.5,3,4,1,68
548179,719.199999928474,5,0,1,8
548179,588.5,2,6,0,122
548179,1040.89999997616,3,2,1,44
548179,741.700000047684,2,3,1,70
548179,1116.5,6,8,1,172
609990,939,9,2,1,44
609990,937.29999999702,4,2,1,46
609990,736.20000000298,5,1,1,25
609990,1122.79999999702,6,3,1,68
609990,896,3,2,1,76
609990,1036.79999999702,6,9,1,122
609990,885.399999991059,5,9,1,180
609990,662.29999999702,8,5,1,161
609990,794.40000000596,2,8,1,161
609990,787.199999988079,4,3,1,68
609990,865.100000008941,4,3,1,70
609990,1110.5,4,8,1,87
609990,1089.29999999702,2,8,1,173
609990,1381.60000000894,1,0,1,8
609990,1027.20000000298,2,9,1,44
609990,893.70000000298,0,5,1,103
609990,1070.59999999404,6,4,1,120
609990,798.40000000596,7,0,1,8
609990,802.899999991059,9,5,1,180
609990,1181.10000000894,9,2,1,41
609990,1196.10000000894,4,0,1,86
609990,702.20000000298,8,5,1,172
609990,727.300000011921,0,3,1,0
609990,808.90000000596,4,9,1,87
609990,986.899999991059,6,7,1,120
609990,708.5,5,4,1,102
609990,591,8,0,1,172
609990,888.899999991059,5,8,1,102
609990,1043.80000001192,5,0,1,18
609990,982.70000000298,6,1,1,24
609990,1102.20000000298,7,8,1,161
609990,590.70000000298,2,6,1,41
609990,1116.09999999404,9,8,1,199
609990,619.600000008941,7,0,1,140
609990,1039.70000000298,5,7,1,105
609990,1051.70000000298,6,0,1,18
609990,893.5,4,9,1,86
609990,1014,7,3,1,63
609990,1003.19999998808,5,3,1,101
609990,901.20000000298,3,0,1,0
609990,810.20000000298,0,4,0,87
609990,902.70000000298,6,4,1,85
609990,911,6,0,1,122
609990,730.29999999702,5,8,1,103
609990,843.800000011921,9,3,1,68
609990,703.70000000298,2,7,1,54
609990,800.09999999404,0,6,1,8
609990,863.899999991059,9,7,1,140
609990,875.40000000596,2,1,1,46
609990,824.79999999702,9,0,1,199
609990,821,9,4,1,187
609990,870.90000000596,5,4,1,87
609990,1023.40000000596,0,2,1,8
609990,968.79999999702,8,9,1,180
609990,863,3,4,1,68
609990,2346.5,5,0,1,8
609990,1028,2,6,1,122
609990,952.40000000596,3,2,1,44
609990,1164.40000000596,2,3,1,70
609990,831.59999999404,6,8,1,172
667578,861.70000000298,3,4,1,70
667578,907.100000008941,5,3,1,105
667578,2132,4,8,1,163
667578,864.90000000596,3,9,1,76
667578,1117.20000000298,7,2,1,143
667578,881,1,4,0,86
667578,1359,9,2,1,199
667578,925.29999999702,6,2,0,130
667578,1278.40000000596,2,1,1,25
667578,1086.60000000894,8,3,1,161
667578,932.100000008941,1,5,1,24
667578,1041.20000000298,6,1,1,123
667578,1392.79999999702,0,6,1,120
667578,1819.20000000298,5,9,1,102
667578,1391.10000000894,7,5,1,102
667578,930.20000000298,9,2,1,191
667578,917.5,4,6,1,123
667578,878.600000008941,9,2,1,180
667578,959,8,7,1,143
667578,2574.5,2,4,1,87
667578,1383.60000000894,7,4,1,140
667578,2597.09999999404,1,9,1,31
667578,1309.79999999702,7,9,0,199
667578,1565.29999999702,5,3,0,103
667578,2131.29999999702,4,1,1,87
667578,945.70000000298,7,6,1,123
667578,862.59999999404,2,8,1,46
667578,1793.40000000596,9,4,1,87
667578,1388.20000000298,3,6,1,70
667578,1609.09999999404,4,3,1,86
667578,750.29999999702,3,6,1,123
667578,956.399999991059,0,7,1,8
667578,1024.10000000894,9,0,1,8
667578,1030.79999999702,9,3,1,70
667578,1472.90000000596,3,9,1,63
667578,1579.59999999404,3,0,1,2
667578,967.300000011921,8,4,1,172
667578,1084.59999999404,0,3,1,8
667578,1021.80000001192,7,0,1,143
667578,1358.90000000596,8,6,1,120
667578,1053.79999999702,7,8,1,163
667578,911,5,4,1,105
667578,1503.29999999702,3,2,0,63
667578,1075.5,0,3,1,76
667578,946.399999991059,0,1,1,8
667578,737.800000011921,6,5,1,102
667578,821.79999999702,5,7,1,144
667578,1194.09999999404,6,1,1,22
667578,1001.89999999106,6,7,1,123
667578,676.800000011921,8,2,1,172
667578,775.40000000596,1,4,1,22
667578,984.20000000298,5,0,1,2
667578,866,7,0,1,18
667578,872.5,5,1,1,102
667578,822.09999999404,5,1,1,101
667578,938.5,6,4,1,123
667578,987.20000000298,7,1,1,22
667578,853.20000000298,7,3,1,142
667578,772.29999999702,5,6,1,102
667578,948.29999999702,2,7,1,44
606016,1126.30000000075,4,0,1,81
606016,NaN,5,3,NaN,63
606016,1202.90000000037,9,2,1,54
606016,953.400000000373,2,1,1,31
606016,1157.29999999888,5,7,1,142
606016,978.199999999255,8,2,1,44
606016,1126,7,0,1,2
606016,994.699999999255,8,2,1,173
606016,1118.19999999925,5,9,1,101
606016,1010.29999999888,8,0,1,2
606016,933.200000001118,3,2,1,54
606016,921.199999999255,7,3,1,140
606016,1285.70000000112,6,9,1,130
606016,1908.40000000037,1,4,1,87
606016,918.900000000373,6,5,1,120
606016,1314.79999999888,7,8,1,140
606016,1294.60000000149,2,9,1,41
606016,1002.70000000112,2,3,1,44
606016,747.099999999627,2,1,1,54
606016,1244.5,0,1,1,24
606016,1327.90000000037,3,8,1,173
606016,916.099999999627,3,9,1,68
606016,888.300000000745,3,4,1,85
606016,904.300000000745,3,1,1,31
606016,1109.19999999925,0,4,1,81
606016,861.300000000745,8,9,1,172
606016,893.700000001118,8,1,1,24
606016,1514.40000000037,1,9,1,22
606016,1037.79999999888,5,0,1,0
606016,1137,4,1,1,24
606016,1023.5,2,7,1,142
606016,1067.09999999963,1,2,1,31
606016,941.699999999255,4,3,1,85
606016,1351.79999999888,4,6,1,120
606016,947.599999999627,0,8,1,18
606016,1014.40000000037,8,3,1,163
606016,917,9,6,1,180
606016,1304.80000000075,1,3,1,76
606016,821.099999999627,3,8,1,68
606016,910,6,9,1,120
606016,956.200000001118,6,5,1,123
606016,1176.5,6,7,1,143
606016,915.900000000373,2,4,1,41
606016,1334.80000000075,2,4,1,81
606016,943.199999999255,9,0,1,187
606016,868.599999999627,6,0,1,8
606016,939.199999999255,8,0,1,163
606016,1156.09999999963,1,7,1,140
606016,1078.90000000037,6,2,1,44
606016,1029.19999999925,4,6,1,85
606016,809.39999999851,5,9,1,103
606016,1057,2,0,1,54
606016,1161.80000000075,4,9,1,180
606016,1453,7,2,1,41
606016,926.599999999627,6,2,1,46
606016,967.800000000745,6,1,1,122
606016,853.700000001118,2,0,1,2
606016,1001.40000000037,6,0,1,2
606016,916.400000000373,1,7,1,25
606016,1179,8,0,1,18
961013,936.799999952316,0,6,1,0
961013,766.199999988079,9,6,1,187
961013,1081.10000002384,1,9,1,191
961013,1135.5,8,2,1,161
961013,1021.60000002384,1,7,1,22
961013,1345.39999997616,7,3,1,144
961013,1326.79999995232,2,3,1,54
961013,1161.30000001192,2,5,1,46
961013,1055.10000002384,2,3,1,68
961013,1168.80000001192,3,7,1,140
961013,1290.60000002384,0,5,1,18
961013,1230.30000001192,4,2,1,44
961013,862.699999988079,0,5,1,0
961013,973.800000011921,1,5,1,22
961013,1431.5,5,3,1,70
961013,806,5,0,1,103
961013,789.899999976158,6,9,1,191
961013,1243.60000002384,9,8,1,191
961013,1296.80000001192,5,2,1,44
961013,1119.19999998808,5,8,1,161
961013,1098.80000001192,7,1,1,143
961013,868.800000011921,5,6,1,103
961013,790.399999976158,5,7,1,103
961013,1232.09999996424,8,7,1,163
961013,1213.69999998808,8,2,1,54
961013,1144.5,1,5,1,25
961013,968.100000023842,9,6,1,199
961013,1269.5,7,3,1,143
961013,1016.10000002384,4,0,1,0
961013,1193.30000001192,3,1,1,76
961013,1468.40000003576,4,0,1,85
961013,900.300000011921,1,3,1,68
961013,1113.80000001192,0,3,1,70
961013,825,0,9,1,187
961013,1263,6,5,1,103
961013,860.100000023842,8,9,1,187
961013,1246.5,9,6,1,120
961013,1287.80000001192,2,3,1,41
961013,1154,3,0,1,70
961013,983.699999988079,0,9,1,8
961013,1037.40000003576,9,1,1,22
961013,1033,1,6,1,22
961013,879,5,2,1,101
961013,941.600000023842,3,9,1,191
961013,1188.39999997616,7,6,1,130
961013,1137.40000003576,1,9,1,180
961013,1351.09999996424,0,4,1,85
961013,1139.5,3,0,1,76
961013,902.5,8,3,1,172
961013,1282.60000002384,5,2,1,46
961013,1287.90000003576,4,1,1,31
961013,926.699999988079,2,1,1,24
961013,1232.59999996424,8,7,1,140
961013,1226.60000002384,1,7,1,143
961013,1345.89999997616,0,3,1,2
961013,1058.89999997616,9,8,1,173
961013,1161.40000003576,4,7,1,85
961013,1486.69999998808,2,4,1,54
961013,1189,6,3,1,70
961013,945.199999988079,0,1,1,31
870794,693.100000008941,6,0,1,120
870794,1090.5,3,8,1,172
870794,876.300000011921,5,9,1,187
870794,825.29999999702,1,6,1,31
870794,631.29999999702,1,3,1,22
870794,1022.90000000596,1,2,1,44
870794,NaN,1,3,NaN,25
870794,610.70000000298,8,2,1,163
870794,922.09999999404,6,3,1,123
870794,738.20000000298,3,8,1,63
870794,975.199999988079,6,2,1,54
870794,557.399999991059,3,7,1,68
870794,1028.5,7,6,1,120
870794,673.899999991059,4,1,1,81
870794,585.899999991059,9,1,1,187
870794,659,0,2,1,0
870794,571.5,5,0,1,102
870794,575,2,9,1,180
870794,750.29999999702,4,7,1,81
870794,801.20000000298,3,7,1,70
870794,523.29999999702,8,6,1,172
870794,774.600000008941,1,7,1,31
870794,916.29999999702,0,4,1,2
870794,634.59999999404,2,3,1,46
870794,1255.29999999702,7,2,1,54
870794,617.79999999702,4,5,1,86
870794,990.600000008941,0,8,1,172
870794,1046,3,0,1,18
870794,2230.20000000298,1,6,1,122
870794,644.5,8,7,1,161
870794,1067.10000000894,4,6,1,122
870794,585.09999999404,1,6,1,24
870794,736.59999999404,5,6,0,120
870794,991.699999988079,2,7,1,143
870794,1092.59999999404,5,1,1,24
870794,534.79999999702,9,6,1,191
870794,579.90000000596,6,7,1,130
870794,743.70000000298,9,1,1,31
870794,974.899999991059,2,0,1,8
870794,849.90000000596,6,2,1,122
870794,1262.90000000596,3,7,1,63
870794,893,2,3,1,63
870794,826.40000000596,2,3,1,76
870794,978.79999999702,9,8,1,172
870794,971.40000000596,3,1,1,24
870794,1182.39999999106,6,2,1,120
870794,655.29999999702,7,2,1,140
870794,887,1,8,1,24
870794,917.79999999702,7,9,1,140
870794,634.09999999404,1,0,1,22
870794,581.79999999702,7,5,1,140
870794,1105.40000000596,3,6,1,130
870794,1454.80000001192,2,0,1,18
870794,785.5,8,3,1,173
870794,936,4,5,1,102
870794,1040.20000000298,6,2,1,41
870794,938,9,8,1,161
870794,1010.20000000298,0,5,1,101
870794,795.79999999702,2,1,1,44
870794,1138.59999999404,0,8,0,163
535143,1050.70000000019,8,2,1,46
535143,2076.59999999963,4,0,0,2
535143,877.899999999441,9,5,1,187
535143,801.5,4,5,1,85
535143,707.199999999255,5,8,1,101
535143,744,9,3,1,191
535143,811,7,8,1,142
535143,801.799999999814,4,2,1,85
535143,1172.10000000056,3,0,1,8
535143,1513.40000000037,3,4,1,81
535143,909.200000000186,1,8,1,161
535143,796.700000000186,3,2,1,68
535143,837.100000000559,3,1,1,25
535143,932.300000000745,2,5,1,103
535143,1498.09999999963,8,4,1,163
535143,893.700000000186,8,4,1,173
535143,1106.79999999981,1,2,1,54
535143,1375.20000000019,7,4,1,144
535143,1033.79999999981,8,7,1,173
535143,1468.10000000056,0,7,1,144
535143,1171,0,1,1,0
535143,1298.59999999963,4,9,1,187
535143,1042,0,2,1,54
535143,764.099999999627,7,9,1,187
535143,1149.59999999963,2,8,1,41
535143,1064.39999999944,3,1,1,22
535143,1320.70000000019,6,5,1,122
535143,1180,6,7,1,144
535143,801.799999999814,9,4,1,180
535143,1553.79999999981,6,9,0,123
535143,870.599999999627,2,9,1,54
535143,793.599999999627,2,7,1,41
535143,947.399999999441,3,7,1,76
535143,978.5,7,1,1,31
535143,870.799999999814,8,7,1,144
535143,1000.70000000019,0,3,1,18
535143,1115,8,5,1,173
535143,1657.90000000037,5,3,1,102
535143,1399,1,0,1,25
535143,846.300000000745,0,2,1,18
535143,690.5,9,7,1,187
535143,1603.29999999981,4,8,1,173
535143,730.400000000373,2,0,1,44
535143,1228.89999999944,9,7,1,142
535143,1436,1,6,1,130
535143,789.600000000559,2,0,1,41
535143,802.400000000373,9,1,1,180
535143,1368.40000000037,1,5,1,102
535143,925.100000000559,4,2,1,54
535143,755.100000000559,3,5,1,101
535143,858.900000000373,4,5,1,105
535143,1060.69999999925,0,7,1,140
535143,822.300000000745,9,5,1,102
535143,1284.5,6,7,1,122
535143,1104.29999999981,2,9,1,191
535143,1214.5,9,0,1,180
535143,1021.29999999981,7,0,1,0
535143,1152.09999999963,4,9,1,85
535143,1098.90000000037,4,5,1,87
535143,927.800000000745,2,1,1,22
412174,778.20000000298,9,2,1,44
412174,490.09999999404,4,2,1,46
412174,550.70000000298,5,1,1,25
412174,693.800000011921,6,3,1,68
412174,528.399999991059,3,2,0,76
412174,760.399999991059,6,9,1,122
412174,577,5,9,1,180
412174,604.90000000596,8,5,1,161
412174,681.800000011921,2,8,1,161
412174,553,4,3,1,68
412174,507.70000000298,4,3,1,70
412174,837.600000008941,4,8,1,87
412174,718.59999999404,2,8,1,173
412174,752.40000000596,1,0,1,8
412174,743.09999999404,2,9,1,44
412174,644.90000000596,0,5,1,103
412174,850.29999999702,6,4,1,120
412174,610.600000008941,7,0,1,8
412174,592,9,5,1,180
412174,893.5,9,2,1,41
412174,1513.10000000894,4,0,0,86
412174,569.100000008941,8,5,1,172
412174,586,0,3,1,0
412174,776,4,9,1,87
412174,669,6,7,1,120
412174,1181,5,4,0,102
412174,515.59999999404,8,0,1,172
412174,1229.90000000596,5,8,1,102
412174,706.300000011921,5,0,1,18
412174,707.59999999404,6,1,1,24
412174,780.600000008941,7,8,1,161
412174,817.29999999702,2,6,1,41
412174,1035.90000000596,9,8,1,199
412174,681.600000008941,7,0,1,140
412174,NaN,5,7,NaN,105
412174,NaN,6,0,NaN,18
412174,1139.30000001192,4,9,0,86
412174,1009.70000000298,7,3,1,63
412174,757.40000000596,5,3,1,101
412174,598.600000008941,3,0,1,0
412174,1206.30000001192,0,4,1,87
412174,728,6,4,1,85
412174,782.59999999404,6,0,1,122
412174,673.29999999702,5,8,1,103
412174,585.800000011921,9,3,1,68
412174,729.40000000596,2,7,1,54
412174,741.5,0,6,1,8
412174,704.5,9,7,1,140
412174,686.800000011921,2,1,1,46
412174,790,9,0,1,199
412174,560.800000011921,9,4,1,187
412174,703,5,4,1,87
412174,622.90000000596,0,2,1,8
412174,717.5,8,9,1,180
412174,640,3,4,1,68
412174,588.300000011921,5,0,1,8
412174,787.20000000298,2,6,1,122
412174,657.300000011921,3,2,1,44
412174,605.79999999702,2,3,1,70
412174,690.20000000298,6,8,1,172
961205,1388.29999999702,3,4,1,70
961205,1192.5,5,3,1,105
961205,1335.40000000224,4,8,1,163
961205,935.199999999255,3,9,1,76
961205,994.199999999255,7,2,1,143
961205,2308.10000000149,1,4,1,86
961205,918.70000000298,9,2,1,199
961205,1033.5,6,2,1,130
961205,1046.5,2,1,1,25
961205,2191.60000000149,8,3,1,161
961205,1812.59999999776,1,5,1,24
961205,1425.5,6,1,1,123
961205,1367.89999999851,0,6,1,120
961205,NaN,5,9,NaN,102
961205,NaN,7,5,NaN,102
961205,NaN,9,2,NaN,191
961205,1034.30000000075,4,6,1,123
961205,872.60000000149,9,2,1,180
961205,1125.69999999925,8,7,1,143
961205,1050.10000000149,2,4,1,87
961205,979.5,7,4,1,140
961205,1053.39999999851,1,9,1,31
961205,819.60000000149,7,9,1,199
961205,2550.19999999925,5,3,1,103
961205,947.900000002235,4,1,0,87
961205,NaN,7,6,NaN,123
961205,876.89999999851,2,8,1,46
961205,1021.19999999925,9,4,1,87
961205,NaN,3,6,NaN,70
961205,NaN,4,3,NaN,86
961205,1077.90000000224,3,6,1,123
961205,916.699999999255,0,7,1,8
961205,1050.30000000075,9,0,1,8
961205,944.800000000745,9,3,1,70
961205,1529,3,9,1,63
961205,1260.80000000075,3,0,1,2
961205,1754.90000000224,8,4,1,172
961205,898.300000000745,0,3,1,8
961205,1438.89999999851,7,0,1,143
961205,1657.60000000149,8,6,1,120
961205,1187.19999999925,7,8,1,163
961205,892.79999999702,5,4,1,105
961205,1213.30000000075,3,2,1,63
961205,1109.10000000149,0,3,1,76
961205,965.10000000149,0,1,1,8
961205,NaN,6,5,NaN,102
961205,2856.10000000149,5,7,1,144
961205,1905.89999999851,6,1,1,22
961205,879.300000000745,6,7,1,123
961205,955.800000000745,8,2,1,172
961205,785.5,1,4,1,22
961205,948.300000000745,5,0,1,2
961205,1093.10000000149,7,0,1,18
961205,NaN,5,1,NaN,102
961205,NaN,5,1,NaN,101
961205,1033.69999999925,6,4,1,123
961205,2306.80000000075,7,1,1,22
961205,2042.89999999851,7,3,1,142
961205,NaN,5,6,NaN,102
961205,954.39999999851,2,7,1,44
594295,NaN,8,9,NaN,199
594295,1243.59999999963,4,3,1,87
594295,797.199999999255,7,9,1,180
594295,1152.19999999925,2,8,1,44
594295,1246.80000000075,7,5,1,144
594295,1379.59999999963,2,5,1,101
594295,957.599999999627,0,8,1,8
594295,NaN,2,5,NaN,102
594295,1212,9,5,1,103
594295,1382.40000000037,3,6,1,122
594295,884.800000000745,5,9,1,105
594295,728.39999999851,9,5,1,191
594295,970.400000000373,8,6,1,161
594295,862.799999998882,0,7,1,2
594295,1224.30000000075,4,7,1,144
594295,NaN,7,4,NaN,142
594295,853.699999999255,3,5,1,76
594295,870.199999999255,2,9,1,187
594295,2527.09999999963,7,4,1,86
594295,1223.40000000037,7,2,1,142
594295,1061.59999999963,4,7,1,140
594295,NaN,0,5,NaN,102
594295,790.599999999627,0,4,1,18
594295,1079.09999999963,8,1,1,173
594295,919.89999999851,2,8,1,54
594295,2102.09999999963,3,2,1,46
594295,1058.20000000112,5,8,1,172
594295,914.299999998882,9,6,1,123
594295,759,1,9,1,187
594295,948.599999999627,2,8,1,163
594295,1142.30000000075,0,2,1,41
594295,1503.30000000075,9,6,1,130
594295,1069.09999999963,3,7,1,143
594295,887.099999999627,1,7,1,24
594295,1201.90000000037,8,6,1,163
594295,1224.80000000075,2,5,1,105
594295,1346,0,1,1,2
594295,959.300000000745,1,0,1,31
594295,1056.20000000112,5,6,1,122
594295,1032.20000000112,0,6,1,130
594295,1121.70000000112,8,3,1,70
594295,831.599999999627,8,1,1,172
594295,1398.59999999963,1,4,1,81
594295,926.300000000745,3,8,1,70
594295,918.199999999255,1,8,1,22
594295,1074.90000000037,6,5,1,101
594295,966.799999998882,5,4,1,101
594295,NaN,6,9,NaN,199
594295,1160.30000000075,1,8,1,172
594295,1014.59999999963,3,9,1,70
594295,1483.40000000037,4,6,1,130
594295,791.800000000745,3,9,1,187
594295,NaN,8,4,NaN,87
594295,2322.09999999963,4,3,1,63
594295,905.800000000745,8,4,1,161
594295,977.099999999627,1,5,1,31
594295,NaN,5,4,NaN,85
594295,832.699999999255,8,7,1,172
594295,1192.20000000112,8,1,1,163
594295,876.900000000373,9,4,1,191
726197,1120.89999999851,8,0,1,0
726197,915.700000001118,1,6,1,123
726197,1159.59999999963,3,5,1,105
726197,1154.80000000075,0,2,1,46
726197,929.89999999851,6,4,1,87
726197,1016.79999999888,6,8,1,123
726197,NaN,9,3,NaN,63
726197,1196.30000000075,6,3,1,122
726197,1284.69999999925,6,1,1,120
726197,1373,4,8,1,172
726197,1072.19999999925,3,6,1,68
726197,1216,2,7,1,144
726197,1707.40000000037,5,7,1,102
726197,1216.89999999851,8,4,1,86
726197,899.599999999627,5,2,1,102
726197,1028.79999999888,5,0,1,105
726197,1050.60000000149,7,5,1,105
726197,1215.40000000037,3,8,1,161
726197,1007.5,1,5,1,101
726197,1711.89999999851,9,7,1,143
726197,1085,9,6,1,122
726197,895.5,5,9,1,199
726197,1004.19999999925,0,6,1,2
726197,2291.39999999851,0,1,1,25
726197,895.200000001118,3,9,1,199
726197,820.599999999627,0,9,1,199
726197,1049.40000000037,7,6,1,143
726197,1179.10000000149,1,7,1,142
726197,933,8,9,1,191
726197,735.299999998882,6,9,1,180
726197,919.39999999851,5,6,1,101
726197,1029.69999999925,6,3,1,76
726197,1352.89999999851,0,1,1,18
726197,805.599999999627,1,2,1,41
726197,1260.5,4,9,1,81
726197,1157.20000000112,1,2,1,24
726197,1152.60000000149,3,7,1,144
726197,1139.79999999888,9,4,1,81
726197,953.400000000373,8,3,1,68
726197,1063.5,9,5,1,101
726197,1183.5,5,2,1,54
726197,831.400000000373,7,1,1,25
726197,883.89999999851,8,1,1,22
726197,NaN,5,4,NaN,86
726197,1086.30000000075,9,7,1,191
726197,1047.69999999925,6,3,1,120
726197,1118,7,8,1,173
726197,1178.79999999888,3,9,1,180
726197,1559.09999999963,6,8,1,130
726197,897,1,9,1,199
726197,1011,3,5,1,70
726197,1082.89999999851,6,0,1,0
726197,956.599999999627,4,6,1,86
726197,842.5,0,4,1,0
726197,1001.5,0,7,1,18
726197,1088.09999999963,7,8,1,143
726197,945,9,5,1,105
726197,1355.19999999925,2,6,1,120
726197,884.900000000373,9,5,1,199
726197,1252.09999999963,7,1,1,144
838378,1337.70000000298,4,8,1,85
838378,860.300000011921,8,4,1,81
838378,955,1,3,1,63
838378,1309.39999999106,4,7,1,143
838378,734.5,0,6,1,18
838378,1333.39999999106,7,8,1,172
838378,711.5,0,7,1,0
838378,793.70000000298,5,7,1,143
838378,804.300000011921,5,6,1,105
838378,996,6,0,1,123
838378,868.09999999404,4,3,1,81
838378,1134.89999999106,4,8,1,86
838378,928.79999999702,2,6,1,54
838378,1068,9,2,1,46
838378,739.20000000298,0,5,1,105
838378,794.100000008941,2,0,1,46
838378,1147.5,8,0,1,173
838378,1130.39999999106,4,1,1,86
838378,888.40000000596,7,1,1,140
838378,1033.5,9,1,1,25
838378,1120.40000000596,1,3,1,70
838378,905.59999999404,9,1,1,24
838378,720.79999999702,9,0,1,191
838378,791,5,2,1,105
838378,1060.40000000596,8,4,1,85
838378,994.699999988079,7,3,1,70
838378,992.29999999702,3,1,1,70
838378,987.09999999404,7,6,1,144
838378,1192.70000000298,3,5,1,102
838378,762.09999999404,1,8,1,31
838378,718.699999988079,3,8,1,76
838378,1197.70000000298,4,1,1,25
838378,1125.40000000596,3,8,1,163
838378,956.300000011921,0,8,1,161
838378,991.79999999702,7,4,1,81
838378,923,8,3,1,76
838378,851.90000000596,8,6,1,123
838378,906.199999988079,9,3,1,187
838378,1201.09999999404,4,2,1,81
838378,1087.20000000298,4,7,1,87
838378,871.399999991059,4,9,1,191
838378,843.100000008941,2,4,1,46
838378,862.09999999404,8,5,1,163
838378,1075.69999998808,8,5,1,103
838378,919.29999999702,1,4,1,25
838378,988,1,8,1,163
838378,893.40000000596,0,5,1,2
838378,749.09999999404,1,5,1,103
838378,1001.09999999404,4,2,1,86
838378,834.29999999702,0,9,1,191
838378,1309.5,8,7,0,142
838378,1245.29999999702,3,5,1,63
838378,1065.70000000298,0,9,1,0
838378,899,4,0,1,8
838378,1105,0,4,1,8
838378,1064.20000000298,3,6,1,120
838378,1151.59999999404,4,2,1,41
838378,808.300000011921,3,1,1,68
838378,771.70000000298,0,9,1,180
838378,1017.29999999702,5,6,1,123
447838,2794.69999999925,4,0,1,81
447838,1136.5,5,3,1,63
447838,1038.5,9,2,1,54
447838,1072.09999999963,2,1,1,31
447838,1157.60000000149,5,7,1,142
447838,1210,8,2,1,44
447838,1186.59999999963,7,0,1,2
447838,933.900000000373,8,2,1,173
447838,991.5,5,9,1,101
447838,1215.29999999888,8,0,1,2
447838,1574.69999999925,3,2,1,54
447838,1309.5,7,3,1,140
447838,1005.59999999963,6,9,1,130
447838,930.599999999627,1,4,1,87
447838,915.5,6,5,1,120
447838,257.799999998882,7,8,1,140
447838,179,2,9,1,41
447838,690.299999998882,2,3,1,44
447838,582.599999999627,2,1,1,54
447838,768.599999999627,0,1,1,24
447838,2542.40000000037,3,8,1,173
447838,1050.29999999888,3,9,1,68
447838,1110.60000000149,3,4,1,85
447838,1104.5,3,1,1,31
447838,645.799999998882,0,4,0,81
447838,191.39999999851,8,9,1,172
447838,1153.79999999888,8,1,1,24
447838,1015.69999999925,1,9,1,22
447838,849.099999999627,5,0,1,0
447838,1231.09999999963,4,1,1,24
447838,999.199999999255,2,7,1,142
447838,803.900000000373,1,2,1,31
447838,1390.40000000037,4,3,1,85
447838,1844.30000000075,4,6,1,120
447838,647.800000000745,0,8,1,18
447838,1942.59999999963,8,3,1,163
447838,1489.60000000149,9,6,1,180
447838,704.400000000373,1,3,1,76
447838,943.200000001118,3,8,1,68
447838,675.700000001118,6,9,1,120
447838,995.699999999255,6,5,1,123
447838,914,6,7,1,143
447838,1042.40000000037,2,4,1,41
447838,1074,2,4,0,81
447838,2091.70000000112,9,0,1,187
447838,1201.19999999925,6,0,1,8
447838,857.699999999255,8,0,1,163
447838,1113.5,1,7,1,140
447838,1237.59999999963,6,2,1,44
447838,NaN,4,6,NaN,85
447838,830.699999999255,5,9,0,103
447838,713.400000000373,2,0,1,54
447838,720.5,4,9,1,180
447838,993.5,7,2,1,41
447838,950.5,6,2,1,46
447838,757.800000000745,6,1,1,122
447838,845,2,0,1,2
447838,1554.69999999925,6,0,0,2
447838,1723.40000000037,1,7,0,25
447838,993.599999999627,8,0,1,18
975551,1226,7,9,1,144
975551,911.09999999404,2,6,1,123
975551,815.100000008941,5,4,1,103
975551,951.5,4,6,1,81
975551,822,7,0,1,144
975551,1129.40000000596,2,4,1,85
975551,1607.89999999106,6,8,1,122
975551,913.70000000298,6,4,1,81
975551,1003.40000000596,2,4,1,86
975551,1134.90000000596,1,4,1,24
975551,1199.09999999404,6,3,1,63
975551,928.800000011921,4,8,1,161
975551,893.79999999702,6,1,1,31
975551,828.70000000298,4,3,1,76
975551,736.600000008941,6,9,1,187
975551,983.899999991059,3,4,1,86
975551,1095.5,9,7,1,144
975551,974.100000008941,4,6,1,87
975551,978,6,1,1,130
975551,1009.70000000298,3,4,1,87
975551,896,1,3,1,31
975551,838.199999988079,8,5,1,102
975551,1087,0,3,1,63
975551,829.59999999404,9,0,1,18
975551,743.29999999702,7,8,1,144
975551,731.399999991059,9,8,1,180
975551,945.40000000596,1,4,1,85
975551,790.09999999404,8,0,1,8
975551,821.09999999404,6,5,1,130
975551,744.300000011921,4,5,1,101
975551,1056.59999999404,0,7,1,143
975551,1057.5,7,0,1,142
975551,966,1,8,1,25
975551,1401.90000000596,0,6,1,123
975551,1275.30000001192,1,0,1,2
975551,824.90000000596,7,3,1,76
975551,1153.80000001192,7,6,1,140
975551,759.5,5,8,1,105
975551,946,1,9,1,24
975551,846.20000000298,2,9,1,46
975551,749.59999999404,2,5,1,41
975551,1018.70000000298,8,5,1,105
975551,1353.09999999404,4,9,1,199
975551,868.79999999702,3,4,1,63
975551,792.09999999404,6,4,1,130
975551,940.70000000298,8,6,1,130
975551,734.90000000596,7,3,1,68
975551,1231.59999999404,8,0,1,161
975551,1100.59999999404,6,8,1,120
975551,1003.09999999404,1,0,1,18
975551,995.90000000596,5,3,1,68
975551,1625.09999999404,6,7,1,142
975551,1280.79999999702,4,7,1,86
975551,1109.40000000596,0,9,1,18
975551,1195,1,3,1,24
975551,927.5,5,3,1,76
975551,1009.90000000596,9,3,1,180
975551,1027.5,5,8,1,163
975551,912.899999991059,7,6,1,122
975551,896.09999999404,5,8,1,173
758134,996.800000000745,8,0,1,0
758134,563.60000000149,1,6,0,123
758134,640.799999998882,3,5,1,105
758134,568,0,2,0,46
758134,758.800000000745,6,4,1,87
758134,810.39999999851,6,8,1,123
758134,815.799999998882,9,3,1,63
758134,684.39999999851,6,3,0,122
758134,1089.40000000037,6,1,1,120
758134,859.900000000373,4,8,1,172
758134,643.5,3,6,1,68
758134,889,2,7,1,144
758134,816,5,7,1,102
758134,933.900000000373,8,4,0,86
758134,966,5,2,1,102
758134,1195.09999999963,5,0,1,105
758134,595.5,7,5,1,105
758134,687.900000000373,3,8,1,161
758134,956.699999999255,1,5,1,101
758134,1112.19999999925,9,7,1,143
758134,758.300000000745,9,6,0,122
758134,768.400000000373,5,9,1,199
758134,749.699999999255,0,6,1,2
758134,602.400000000373,0,1,1,25
758134,882.099999999627,3,9,0,199
758134,958.199999999255,0,9,1,199
758134,590.599999999627,7,6,1,143
758134,737.900000000373,1,7,1,142
758134,658.800000000745,8,9,1,191
758134,731.299999998882,6,9,1,180
758134,632.099999999627,5,6,1,101
758134,870.400000000373,6,3,1,76
758134,695.900000000373,0,1,1,18
758134,805.199999999255,1,2,1,41
758134,745.599999999627,4,9,1,81
758134,977.300000000745,1,2,1,24
758134,878.900000000373,3,7,1,144
758134,655.300000000745,9,4,1,81
758134,654.5,8,3,1,68
758134,788.200000001118,9,5,1,101
758134,711.5,5,2,1,54
758134,671.60000000149,7,1,1,25
758134,525.60000000149,8,1,1,22
758134,664.299999998882,5,4,0,86
758134,564.400000000373,9,7,1,191
758134,574.5,6,3,0,120
758134,569.700000001118,7,8,0,173
758134,504.599999999627,3,9,1,180
758134,647.800000000745,6,8,1,130
758134,941.60000000149,1,9,1,199
758134,643.199999999255,3,5,1,70
758134,653.800000000745,6,0,1,0
758134,711.60000000149,4,6,1,86
758134,486.700000001118,0,4,1,0
758134,502.799999998882,0,7,1,18
758134,990.900000000373,7,8,1,143
758134,702.400000000373,9,5,1,105
758134,1259.59999999963,2,6,0,120
758134,588.400000000373,9,5,1,199
758134,696.199999999255,7,1,1,144
122129,798.300000011921,3,4,1,70
122129,870.70000000298,5,3,1,105
122129,1064.30000001192,4,8,1,163
122129,911.70000000298,3,9,1,76
122129,1001.59999999404,7,2,1,143
122129,1503.09999999404,1,4,1,86
122129,1108.19999998808,9,2,1,199
122129,1096.70000000298,6,2,1,130
122129,1043.90000000596,2,1,1,25
122129,926.29999999702,8,3,1,161
122129,780.899999991059,1,5,1,24
122129,922.5,6,1,1,123
122129,940.70000000298,0,6,1,120
122129,1133.29999999702,5,9,1,102
122129,1607.10000000894,7,5,1,102
122129,703.70000000298,9,2,1,191
122129,764.40000000596,4,6,1,123
122129,724.40000000596,9,2,1,180
122129,876.699999988079,8,7,1,143
122129,945.70000000298,2,4,1,87
122129,1044.79999999702,7,4,1,140
122129,832.600000008941,1,9,1,31
122129,1741.80000001192,7,9,1,199
122129,742.899999991059,5,3,1,103
122129,1309.5,4,1,1,87
122129,874.29999999702,7,6,1,123
122129,813.40000000596,2,8,1,46
122129,979.90000000596,9,4,1,87
122129,806.800000011921,3,6,1,70
122129,1027.09999999404,4,3,1,86
122129,761.300000011921,3,6,1,123
122129,1009.89999999106,0,7,1,8
122129,1577.89999999106,9,0,1,8
122129,904.40000000596,9,3,1,70
122129,819.20000000298,3,9,1,63
122129,997.59999999404,3,0,1,2
122129,1481.79999999702,8,4,1,172
122129,864.100000008941,0,3,1,8
122129,1090.39999999106,7,0,1,143
122129,847.90000000596,8,6,1,120
122129,1139.29999999702,7,8,1,163
122129,791.20000000298,5,4,1,105
122129,908,3,2,1,63
122129,840.59999999404,0,3,1,76
122129,1067.79999999702,0,1,1,8
122129,889.40000000596,6,5,1,102
122129,991.79999999702,5,7,1,144
122129,839.800000011921,6,1,1,22
122129,997.20000000298,6,7,1,123
122129,1082.5,8,2,1,172
122129,1147,1,4,1,22
122129,944.699999988079,5,0,1,2
122129,1046.79999999702,7,0,1,18
122129,819.600000008941,5,1,1,102
122129,1215.20000000298,5,1,1,101
122129,881.600000008941,6,4,1,123
122129,776.5,7,1,1,22
122129,1268.90000000596,7,3,1,142
122129,792.79999999702,5,6,1,102
122129,859.70000000298,2,7,1,44
299610,877.400000000373,8,0,1,0
299610,1043.59999999963,1,6,1,123
299610,845.699999999255,3,5,1,105
299610,1356.70000000112,0,2,1,46
299610,991.5,6,4,1,87
299610,914.900000000373,6,8,1,123
299610,1282.40000000037,9,3,1,63
299610,1097.59999999963,6,3,1,122
299610,746.799999998882,6,1,1,120
299610,1066.69999999925,4,8,1,172
299610,805.699999999255,3,6,1,68
299610,1056.70000000112,2,7,1,144
299610,744.099999999627,5,7,1,102
299610,1217.30000000075,8,4,1,86
299610,764.5,5,2,1,102
299610,1048.5,5,0,1,105
299610,974.5,7,5,1,105
299610,961.799999998882,3,8,1,161
299610,835.5,1,5,1,101
299610,1021.80000000075,9,7,1,143
299610,793.099999999627,9,6,1,122
299610,844.60000000149,5,9,1,199
299610,940.199999999255,0,6,1,2
299610,840.099999999627,0,1,1,25
299610,894.60000000149,3,9,1,199
299610,838,0,9,1,199
299610,1215.09999999963,7,6,1,143
299610,911.299999998882,1,7,1,142
299610,839.5,8,9,1,191
299610,736.699999999255,6,9,1,180
299610,861.300000000745,5,6,1,101
299610,1179.79999999888,6,3,1,76
299610,1223.40000000037,0,1,1,18
299610,1343.20000000112,1,2,1,41
299610,1007.69999999925,4,9,1,81
299610,962.099999999627,1,2,1,24
299610,1051.79999999888,3,7,1,144
299610,1115.79999999888,9,4,1,81
299610,905.300000000745,8,3,1,68
299610,1207.69999999925,9,5,1,101
299610,878.900000000373,5,2,1,54
299610,856.299999998882,7,1,1,25
299610,969.699999999255,8,1,1,22
299610,1419,5,4,1,86
299610,974.400000000373,9,7,1,191
299610,860.099999999627,6,3,1,120
299610,1037.80000000075,7,8,1,173
299610,890.800000000745,3,9,1,180
299610,954,6,8,1,130
299610,849.900000000373,1,9,1,199
299610,833.300000000745,3,5,1,70
299610,960.300000000745,6,0,1,0
299610,749.800000000745,4,6,1,86
299610,701.799999998882,0,4,1,0
299610,1248.59999999963,0,7,1,18
299610,1225.80000000075,7,8,1,143
299610,1088.80000000075,9,5,1,105
299610,1275.30000000075,2,6,1,120
299610,708.599999999627,9,5,1,199
299610,1055,7,1,1,144
401927,889.300000000745,3,4,1,70
401927,779.099999999627,5,3,1,105
401927,1271.20000000112,4,8,1,163
401927,837.300000000745,3,9,1,76
401927,751,7,2,1,143
401927,1469.40000000037,1,4,1,86
401927,774.199999999255,9,2,1,199
401927,745,6,2,1,130
401927,744.5,2,1,1,25
401927,814.299999998882,8,3,1,161
401927,747.199999999255,1,5,1,24
401927,865.299999998882,6,1,1,123
401927,747.099999999627,0,6,1,120
401927,987.299999998882,5,9,1,102
401927,1029.59999999963,7,5,1,102
401927,703.699999999255,9,2,1,191
401927,984.599999999627,4,6,1,123
401927,712.200000001118,9,2,1,180
401927,664.400000000373,8,7,1,143
401927,814.10000000149,2,4,1,87
401927,810.099999999627,7,4,1,140
401927,802.700000001118,1,9,1,31
401927,710.699999999255,7,9,1,199
401927,710.599999999627,5,3,1,103
401927,1198.89999999851,4,1,1,87
401927,737.199999999255,7,6,1,123
401927,753.699999999255,2,8,1,46
401927,1049.5,9,4,1,87
401927,717.89999999851,3,6,1,70
401927,846.699999999255,4,3,1,86
401927,782.300000000745,3,6,1,123
401927,760.299999998882,0,7,1,8
401927,894.900000000373,9,0,1,8
401927,770.900000000373,9,3,1,70
401927,709.10000000149,3,9,1,63
401927,791.5,3,0,1,2
401927,658.400000000373,8,4,1,172
401927,775.60000000149,0,3,1,8
401927,1057.30000000075,7,0,1,143
401927,735.900000000373,8,6,1,120
401927,1262.69999999925,7,8,1,163
401927,784.5,5,4,1,105
401927,770.199999999255,3,2,1,63
401927,824.799999998882,0,3,1,76
401927,1001.5,0,1,1,8
401927,977.099999999627,6,5,1,102
401927,911.199999999255,5,7,1,144
401927,755.300000000745,6,1,1,22
401927,1104.40000000037,6,7,1,123
401927,765.199999999255,8,2,1,172
401927,701,1,4,1,22
401927,854.199999999255,5,0,1,2
401927,780.300000000745,7,0,1,18
401927,1127,5,1,1,102
401927,834.599999999627,5,1,1,101
401927,1335.20000000112,6,4,1,123
401927,618.39999999851,7,1,1,22
401927,832.900000000373,7,3,1,142
401927,1544,5,6,1,102
401927,872.89999999851,2,7,1,44
218738,1102.09999999963,6,0,1,120
218738,838.5,3,8,1,172
218738,654,5,9,1,187
218738,764.199999999255,1,6,1,31
218738,724.60000000149,1,3,1,22
218738,894.5,1,2,1,44
218738,985.799999998882,1,3,1,25
218738,922.200000001118,8,2,1,163
218738,1164.09999999963,6,3,1,123
218738,713.800000000745,3,8,1,63
218738,1247.5,6,2,1,54
218738,659.699999999255,3,7,1,68
218738,814.799999998882,7,6,1,120
218738,933.900000000373,4,1,1,81
218738,666.5,9,1,1,187
218738,1248.5,0,2,1,0
218738,887.5,5,0,1,102
218738,694.200000001118,2,9,1,180
218738,795.699999999255,4,7,1,81
218738,707.099999999627,3,7,1,70
218738,664.199999999255,8,6,1,172
218738,871.900000000373,1,7,1,31
218738,638.10000000149,0,4,1,2
218738,632.89999999851,2,3,1,46
218738,1253.80000000075,7,2,1,54
218738,1346.70000000112,4,5,1,86
218738,1080.80000000075,0,8,1,172
218738,733,3,0,1,18
218738,733.599999999627,1,6,1,122
218738,1017.40000000037,8,7,1,161
218738,877.300000000745,4,6,1,122
218738,702.300000000745,1,6,1,24
218738,727.900000000373,5,6,1,120
218738,614.799999998882,2,7,1,143
218738,799.700000001118,5,1,1,24
218738,712.400000000373,9,6,1,191
218738,1008,6,7,1,130
218738,761,9,1,1,31
218738,685.900000000373,2,0,1,8
218738,790.800000000745,6,2,1,122
218738,691.300000000745,3,7,1,63
218738,914.5,2,3,1,63
218738,809.900000000373,2,3,1,76
218738,895.699999999255,9,8,1,172
218738,663.799999998882,3,1,1,24
218738,1137.5,6,2,1,120
218738,695.099999999627,7,2,1,140
218738,737.699999999255,1,8,1,24
218738,670.5,7,9,1,140
218738,1170.59999999963,1,0,1,22
218738,749.400000000373,7,5,1,140
218738,810.699999999255,3,6,1,130
218738,779.5,2,0,1,18
218738,791.400000000373,8,3,1,173
218738,1001.69999999925,4,5,1,102
218738,747.300000000745,6,2,1,41
218738,788.200000001118,9,8,1,161
218738,980.10000000149,0,5,1,101
218738,1227.09999999963,2,1,1,44
218738,737.099999999627,0,8,1,163
103071,1745.29999999702,4,8,1,85
103071,2154.5,8,4,0,81
103071,1676.89999999106,1,3,1,63
103071,1032.40000000596,4,7,1,143
103071,726.5,0,6,1,18
103071,1205.5,7,8,1,172
103071,702.899999991059,0,7,1,0
103071,1064.90000000596,5,7,1,143
103071,865.59999999404,5,6,1,105
103071,1067.40000000596,6,0,1,123
103071,817.600000008941,4,3,1,81
103071,875.29999999702,4,8,1,86
103071,1028.10000000894,2,6,1,54
103071,1164.29999999702,9,2,1,46
103071,882.899999991059,0,5,1,105
103071,1050.79999999702,2,0,1,46
103071,806.90000000596,8,0,1,173
103071,1227.29999999702,4,1,1,86
103071,1063.59999999404,7,1,1,140
103071,946.09999999404,9,1,0,25
103071,1119.79999999702,1,3,1,70
103071,1392.5,9,1,1,24
103071,794.5,9,0,1,191
103071,816.09999999404,5,2,1,105
103071,943.600000008941,8,4,0,85
103071,837.20000000298,7,3,1,70
103071,1110.20000000298,3,1,1,70
103071,1114.39999999106,7,6,1,144
103071,1753.90000000596,3,5,1,102
103071,982.5,1,8,1,31
103071,861,3,8,1,76
103071,1482.90000000596,4,1,0,25
103071,995.70000000298,3,8,1,163
103071,1081.29999999702,0,8,1,161
103071,972.399999991059,7,4,1,81
103071,946.100000008941,8,3,1,76
103071,639.70000000298,8,6,1,123
103071,660.20000000298,9,3,1,187
103071,897,4,2,1,81
103071,765.79999999702,4,7,1,87
103071,903.20000000298,4,9,1,191
103071,791.70000000298,2,4,1,46
103071,858.70000000298,8,5,1,163
103071,1147.80000001192,8,5,1,103
103071,791.20000000298,1,4,1,25
103071,1865.39999999106,1,8,1,163
103071,729.90000000596,0,5,1,2
103071,1097.89999999106,1,5,1,103
103071,1706.40000000596,4,2,1,86
103071,821,0,9,1,191
103071,1242.40000000596,8,7,1,142
103071,1144.5,3,5,1,63
103071,1115.5,0,9,1,0
103071,1188,4,0,1,8
103071,916.5,0,4,0,8
103071,1569,3,6,1,120
103071,903.5,4,2,1,41
103071,1059.29999999702,3,1,1,68
103071,899,0,9,1,180
103071,860.29999999702,5,6,1,123
599837,1291.5,4,0,1,81
599837,864,5,3,1,63
599837,932.199999999255,9,2,1,54
599837,1104,2,1,1,31
599837,814.900000000373,5,7,1,142
599837,663.699999999255,8,2,1,44
599837,853.400000000373,7,0,1,2
599837,739,8,2,1,173
599837,654,5,9,1,101
599837,946.900000000373,8,0,1,2
599837,940.199999999255,3,2,1,54
599837,701.5,7,3,1,140
599837,686.599999999627,6,9,1,130
599837,912.299999998882,1,4,1,87
599837,950.599999999627,6,5,1,120
599837,883.099999999627,7,8,1,140
599837,897.800000000745,2,9,1,41
599837,790.199999999255,2,3,1,44
599837,774,2,1,1,54
599837,1104,0,1,1,24
599837,839.599999999627,3,8,1,173
599837,1208.5,3,9,1,68
599837,836.5,3,4,1,85
599837,612.5,3,1,1,31
599837,1084.40000000037,0,4,1,81
599837,608.5,8,9,1,172
599837,871.200000001118,8,1,1,24
599837,755.200000001118,1,9,1,22
599837,734.299999998882,5,0,1,0
599837,960.299999998882,4,1,1,24
599837,724.199999999255,2,7,1,142
599837,774.300000000745,1,2,1,31
599837,538.799999998882,4,3,1,85
599837,809.400000000373,4,6,1,120
599837,666.799999998882,0,8,1,18
599837,870.199999999255,8,3,1,163
599837,554,9,6,1,180
599837,838.699999999255,1,3,1,76
599837,1312.79999999888,3,8,1,68
599837,605.299999998882,6,9,1,120
599837,694.699999999255,6,5,1,123
599837,1079.59999999963,6,7,1,143
599837,653.900000000373,2,4,1,41
599837,770,2,4,1,81
599837,613.300000000745,9,0,1,187
599837,704.099999999627,6,0,1,8
599837,736.199999999255,8,0,1,163
599837,1036.09999999963,1,7,1,140
599837,762.5,6,2,1,44
599837,727.900000000373,4,6,1,85
599837,849.900000000373,5,9,1,103
599837,580.799999998882,2,0,1,54
599837,792.900000000373,4,9,1,180
599837,769.800000000745,7,2,1,41
599837,795.800000000745,6,2,1,46
599837,696.299999998882,6,1,1,122
599837,960.299999998882,2,0,1,2
599837,916.5,6,0,1,2
599837,782.099999999627,1,7,1,25
599837,897.5,8,0,1,18
829669,791.699999999255,9,0,1,2
829669,741.5,8,1,1,161
829669,843.199999999255,9,0,1,0
829669,652.79999999702,5,1,1,22
829669,596.400000002235,4,0,1,18
829669,749.29999999702,0,5,1,8
829669,614,0,2,1,2
829669,1209.69999999925,8,9,1,163
829669,742.400000002235,7,1,1,142
829669,635.400000002235,7,4,1,143
829669,1076.39999999851,6,3,1,130
829669,859.599999997765,0,2,1,44
829669,752.199999999255,3,5,1,103
829669,640.900000002235,8,1,1,31
829669,1321.10000000149,9,4,1,199
829669,707.79999999702,5,2,1,103
829669,684.699999999255,7,9,1,142
829669,791.10000000149,9,8,1,163
829669,688.599999997765,5,0,1,101
829669,663.400000002235,2,9,1,199
829669,607.300000000745,5,2,1,41
829669,631.10000000149,1,8,1,173
829669,852.300000000745,4,8,1,81
829669,665.5,2,4,1,44
829669,639.10000000149,4,2,1,87
829669,729.29999999702,1,4,1,31
829669,631,1,6,1,25
829669,676.39999999851,9,7,1,180
829669,830.900000002235,5,1,1,31
829669,1655.19999999925,7,5,1,103
829669,828.300000000745,1,2,1,46
829669,570.199999999255,3,2,1,41
829669,638.699999999255,6,1,1,25
829669,901.5,4,7,1,142
829669,745.79999999702,1,2,1,25
829669,1047,3,6,1,76
829669,699.20000000298,3,4,1,76
829669,760.800000000745,5,1,1,105
829669,670.5,5,9,1,191
829669,942,8,3,1,63
829669,NaN,0,6,NaN,122
829669,1023,1,0,1,24
829669,1405.80000000075,0,4,1,86
829669,965.099999997765,7,1,1,24
829669,641.599999997765,9,1,1,199
829669,781.60000000149,2,8,1,172
829669,652.599999997765,1,7,1,144
829669,885.400000002235,0,7,1,142
829669,850,8,9,1,161
829669,833,6,8,1,161
829669,774.60000000149,4,5,1,81
829669,816,5,4,1,81
829669,908.599999997765,2,1,1,41
829669,1940.19999999925,8,6,0,122
829669,583.400000002235,9,7,1,199
829669,1474.5,1,0,1,0
829669,707.699999999255,1,2,1,22
829669,846.39999999851,5,6,1,130
829669,735.39999999851,0,8,1,173
829669,753.199999999255,3,1,1,63
818146,2276.10000000149,4,8,1,85
818146,1161.60000000149,8,4,1,81
818146,1284,1,3,1,63
818146,952.5,4,7,1,143
818146,942.800000000745,0,6,1,18
818146,1020.60000000149,7,8,1,172
818146,929.39999999851,0,7,1,0
818146,1100.80000000075,5,7,1,143
818146,870.199999999255,5,6,1,105
818146,1091.39999999851,6,0,1,123
818146,927.89999999851,4,3,1,81
818146,2115,4,8,1,86
818146,1000.29999999702,2,6,1,54
818146,1323.69999999925,9,2,1,46
818146,1182.90000000224,0,5,1,105
818146,833.89999999851,2,0,1,46
818146,1197.30000000075,8,0,1,173
818146,1609.30000000075,4,1,1,86
818146,1007.60000000149,7,1,1,140
818146,2110.90000000224,9,1,1,25
818146,NaN,1,3,NaN,70
818146,1346.39999999851,9,1,1,24
818146,804.300000000745,9,0,1,191
818146,786.10000000149,5,2,1,105
818146,1136.30000000075,8,4,1,85
818146,861.699999999255,7,3,1,70
818146,879.900000002235,3,1,1,70
818146,2455.69999999925,7,6,1,144
818146,NaN,3,5,NaN,102
818146,873,1,8,1,31
818146,795.800000000745,3,8,1,76
818146,926.099999997765,4,1,1,25
818146,1076.89999999851,3,8,1,163
818146,NaN,0,8,NaN,161
818146,1963.39999999851,7,4,1,81
818146,983.5,8,3,1,76
818146,852.5,8,6,1,123
818146,973.699999999255,9,3,1,187
818146,1015.5,4,2,1,81
818146,1048,4,7,1,87
818146,971.800000000745,4,9,1,191
818146,931.199999999255,2,4,1,46
818146,938.599999997765,8,5,1,163
818146,1215.19999999925,8,5,1,103
818146,1023.89999999851,1,4,1,25
818146,1054.60000000149,1,8,1,163
818146,1159.10000000149,0,5,1,2
818146,946.800000000745,1,5,1,103
818146,884,4,2,1,86
818146,838.199999999255,0,9,1,191
818146,1219.40000000224,8,7,1,142
818146,1286.39999999851,3,5,1,63
818146,970.20000000298,0,9,1,0
818146,1036.60000000149,4,0,1,8
818146,913.599999997765,0,4,1,8
818146,NaN,3,6,NaN,120
818146,1438.89999999851,4,2,1,41
818146,892.699999999255,3,1,1,68
818146,1001.69999999925,0,9,1,180
818146,972.10000000149,5,6,1,123
593091,2069.10000000149,9,2,0,44
593091,667.20000000298,4,2,1,46
593091,953.5,5,1,1,25
593091,627.79999999702,6,3,1,68
593091,1101.69999999553,3,2,1,76
593091,1050.39999999851,6,9,1,122
593091,904,5,9,1,180
593091,1043.39999999851,8,5,1,161
593091,1018.40000000596,2,8,1,161
593091,703.29999999702,4,3,1,68
593091,658,4,3,1,70
593091,1109.69999999553,4,8,1,87
593091,800.20000000298,2,8,1,173
593091,792.80000000447,1,0,1,8
593091,1348,2,9,1,44
593091,750.40000000596,0,5,1,103
593091,1157.19999999553,6,4,1,120
593091,995.19999999553,7,0,1,8
593091,908.19999999553,9,5,1,180
593091,1200.90000000596,9,2,1,41
593091,1442.10000000149,4,0,1,86
593091,1064.19999999553,8,5,1,172
593091,989.80000000447,0,3,1,0
593091,1071.80000000447,4,9,1,87
593091,686,6,7,1,120
593091,1237,5,4,1,102
593091,642.30000000447,8,0,1,172
593091,692.5,5,8,1,102
593091,1252.39999999851,5,0,1,18
593091,995.39999999851,6,1,1,24
593091,1211.5,7,8,1,161
593091,1293.79999999702,2,6,1,41
593091,1240.10000000149,9,8,1,199
593091,918,7,0,1,140
593091,923.19999999553,5,7,1,105
593091,997.10000000149,6,0,1,18
593091,1183.30000000447,4,9,1,86
593091,1251.70000000298,7,3,1,63
593091,1008,5,3,1,101
593091,1073.39999999851,3,0,1,0
593091,938.39999999851,0,4,1,87
593091,851.29999999702,6,4,1,85
593091,1217.39999999851,6,0,0,122
593091,1092.69999999553,5,8,1,103
593091,840.79999999702,9,3,1,68
593091,1175.80000000447,2,7,1,54
593091,1063.20000000298,0,6,1,8
593091,926.40000000596,9,7,1,140
593091,1000.89999999851,2,1,1,46
593091,942.5,9,0,1,199
593091,586.59999999404,9,4,1,187
593091,1112.80000000447,5,4,1,87
593091,987.80000000447,0,2,1,8
593091,842.60000000149,8,9,1,180
593091,1002.5,3,4,1,68
593091,906.70000000298,5,0,1,8
593091,817.29999999702,2,6,1,122
593091,776,3,2,1,44
593091,638.10000000149,2,3,1,70
593091,1028.79999999702,6,8,1,172
448620,628.800000011921,0,6,1,0
448620,928.600000023842,9,6,1,187
448620,756.199999988079,1,9,1,191
448620,756.599999964237,8,2,1,161
448620,NaN,1,7,NaN,22
448620,NaN,7,3,NaN,144
448620,2043.5,2,3,1,54
448620,976.5,2,5,1,46
448620,669.199999988079,2,3,1,68
448620,937.699999988079,3,7,1,140
448620,700.100000023842,0,5,1,18
448620,1590.10000002384,4,2,1,44
448620,710.800000011921,0,5,1,0
448620,794.300000011921,1,5,1,22
448620,991.5,5,3,0,70
448620,1716.60000002384,5,0,1,103
448620,730,6,9,1,191
448620,847.699999988079,9,8,1,191
448620,1038.69999998808,5,2,1,44
448620,1878.40000003576,5,8,1,161
448620,1204.19999998808,7,1,1,143
448620,NaN,5,6,NaN,103
448620,1768.19999998808,5,7,1,103
448620,1746.30000001192,8,7,1,163
448620,1159,8,2,1,54
448620,939.899999976158,1,5,1,25
448620,1409.20000004768,9,6,1,199
448620,2253.69999998808,7,3,1,143
448620,761.699999988079,4,0,1,0
448620,824.100000023842,3,1,1,76
448620,1811.10000002384,4,0,1,85
448620,707,1,3,1,68
448620,900.800000011921,0,3,1,70
448620,716,0,9,1,187
448620,934.199999988079,6,5,1,103
448620,2661.39999997616,8,9,1,187
448620,1591.10000002384,9,6,1,120
448620,812.800000011921,2,3,1,41
448620,818.299999952316,3,0,1,70
448620,806.700000047684,0,9,1,8
448620,2604.5,9,1,1,22
448620,773.599999964237,1,6,1,22
448620,981.399999976158,5,2,1,101
448620,563.699999988079,3,9,1,191
448620,913.800000011921,7,6,1,130
448620,773.100000023842,1,9,1,180
448620,935.900000035763,0,4,0,85
448620,760.899999976158,3,0,1,76
448620,676.299999952316,8,3,1,172
448620,2265.29999995232,5,2,1,46
448620,893.300000011921,4,1,1,31
448620,957.800000011921,2,1,1,24
448620,971.800000011921,8,7,1,140
448620,959.399999976158,1,7,1,143
448620,849.5,0,3,1,2
448620,879.599999964237,9,8,1,173
448620,1567,4,7,1,85
448620,951.899999976158,2,4,1,54
448620,794.100000023842,6,3,1,70
448620,1547.5,0,1,1,31
934874,1506.19999998808,6,8,1,173
934874,829.5,7,9,1,143
934874,802.599999964237,7,5,1,142
934874,977.400000035763,2,5,1,44
934874,1117.90000003576,7,4,1,87
934874,1265.10000002384,7,2,1,44
934874,807.800000011921,2,5,1,54
934874,1161.39999997616,3,7,1,142
934874,957.699999988079,6,8,0,163
934874,957.899999976158,2,0,1,0
934874,1133.69999998808,6,2,1,123
934874,1342.80000001192,6,4,1,86
934874,1068.40000003576,0,3,1,68
934874,1110.90000003576,7,2,1,144
934874,626.5,6,4,1,122
934874,1188.79999995232,0,9,1,2
934874,1347.80000001192,6,7,1,140
934874,1558.19999998808,8,2,1,41
934874,814,9,2,1,187
934874,985,8,6,1,173
934874,884.199999988079,2,6,1,44
934874,1069.10000002384,4,0,0,87
934874,1296.39999997616,7,4,1,85
934874,1269.90000003576,6,5,0,105
934874,1200.19999998808,9,3,1,76
934874,1023.29999995232,3,0,1,68
934874,NaN,9,4,NaN,85
934874,1158,1,9,1,25
934874,1670,2,6,1,130
934874,813.599999964237,7,6,1,142
934874,1122.5,6,0,1,130
934874,921.400000035763,8,9,1,173
934874,754.800000011921,3,5,1,68
934874,1367.80000001192,7,2,1,46
934874,1615.40000003576,5,7,1,101
934874,1796.60000002384,7,9,1,191
934874,1254.80000001192,2,7,1,140
934874,1155.69999998808,2,7,1,46
934874,1391.20000004768,8,1,1,25
934874,809.199999988079,0,8,1,2
934874,982.900000035763,1,5,1,105
934874,755.899999976158,9,3,1,199
934874,1638.10000002384,4,1,1,85
934874,686.600000023842,9,4,0,86
934874,918.599999964237,3,6,1,63
934874,667.400000035763,3,2,1,70
934874,644.100000023842,7,5,1,143
934874,1260.69999998808,0,1,1,22
934874,839.200000047684,2,6,1,46
934874,962.599999964237,4,1,1,22
934874,1002.09999996424,4,5,1,103
934874,1161.90000003576,5,1,1,103
934874,690.899999976158,9,1,1,191
934874,1650.10000002384,3,0,1,63
934874,685.800000011921,0,8,1,0
934874,764.400000035763,8,5,0,101
934874,1116.5,5,7,1,140
934874,983.800000011921,1,6,0,120
934874,806.300000011921,7,5,1,101
934874,853.800000011921,9,8,1,187
809298,1142.70000000298,6,8,1,173
809298,NaN,7,9,NaN,143
809298,1541.29999999702,7,5,1,142
809298,1216.5,2,5,1,44
809298,1321.29999999702,7,4,1,87
809298,1322.29999999702,7,2,1,44
809298,1319.89999999106,2,5,1,54
809298,1510.89999999106,3,7,1,142
809298,NaN,6,8,NaN,163
809298,869.29999999702,2,0,1,0
809298,1171.5,6,2,1,123
809298,1078.90000000596,6,4,1,86
809298,870.5,0,3,1,68
809298,1009.59999999404,7,2,1,144
809298,1271,6,4,1,122
809298,2036.40000000596,0,9,1,2
809298,1146.80000001192,6,7,1,140
809298,1363.29999999702,8,2,1,41
809298,813.59999999404,9,2,1,187
809298,921.800000011921,8,6,1,173
809298,1036.40000000596,2,6,1,44
809298,1568.79999999702,4,0,0,87
809298,2475.09999999404,7,4,1,85
809298,1423,6,5,1,105
809298,899.59999999404,9,3,1,76
809298,903.300000011921,3,0,1,68
809298,1443.40000000596,9,4,1,85
809298,NaN,1,9,NaN,25
809298,991.70000000298,2,6,1,130
809298,1211.69999998808,7,6,1,142
809298,1126.40000000596,6,0,1,130
809298,919.59999999404,8,9,1,173
809298,858.800000011921,3,5,1,68
809298,NaN,7,2,NaN,46
809298,1516.5,5,7,1,101
809298,727.5,7,9,1,191
809298,969.40000000596,2,7,1,140
809298,1116.20000000298,2,7,1,46
809298,NaN,8,1,NaN,25
809298,1109.79999999702,0,8,1,2
809298,1090,1,5,1,105
809298,1102.89999999106,9,3,1,199
809298,1289.10000000894,4,1,1,85
809298,1638.19999998808,9,4,1,86
809298,1372.5,3,6,0,63
809298,1004.59999999404,3,2,1,70
809298,784.29999999702,7,5,1,143
809298,1131.79999999702,0,1,1,22
809298,1133.79999999702,2,6,1,46
809298,843.40000000596,4,1,1,22
809298,1308.20000000298,4,5,1,103
809298,1113.30000001192,5,1,1,103
809298,845.5,9,1,1,191
809298,NaN,3,0,NaN,63
809298,933,0,8,1,0
809298,1324.39999999106,8,5,1,101
809298,818,5,7,1,140
809298,1153.20000000298,1,6,1,120
809298,960.300000011921,7,5,1,101
809298,779.79999999702,9,8,1,187
765273,647.5,3,4,1,70
765273,607.800000000745,5,3,1,105
765273,611.300000000745,4,8,1,163
765273,626.89999999851,3,9,1,76
765273,603.199999999255,7,2,1,143
765273,947.39999999851,1,4,1,86
765273,635.199999999255,9,2,1,199
765273,827.79999999702,6,2,1,130
765273,751.300000000745,2,1,1,25
765273,766,8,3,1,161
765273,719.400000002235,1,5,1,24
765273,704.400000002235,6,1,1,123
765273,784.199999999255,0,6,1,120
765273,NaN,5,9,NaN,102
765273,NaN,7,5,NaN,102
765273,829.199999999255,9,2,1,191
765273,871.29999999702,4,6,1,123
765273,628.199999999255,9,2,1,180
765273,711.5,8,7,1,143
765273,685.5,2,4,1,87
765273,861.5,7,4,1,140
765273,890.199999999255,1,9,1,31
765273,773.400000002235,7,9,1,199
765273,732.099999997765,5,3,1,103
765273,805.300000000745,4,1,1,87
765273,810.900000002235,7,6,1,123
765273,656.5,2,8,1,46
765273,861.800000000745,9,4,1,87
765273,925.5,3,6,1,70
765273,807.10000000149,4,3,1,86
765273,614.400000002235,3,6,1,123
765273,671.300000000745,0,7,1,8
765273,958,9,0,1,8
765273,747.199999999255,9,3,1,70
765273,810.60000000149,3,9,1,63
765273,727.10000000149,3,0,1,2
765273,732.400000002235,8,4,1,172
765273,701.800000000745,0,3,1,8
765273,719.60000000149,7,0,1,143
765273,922.5,8,6,1,120
765273,887.89999999851,7,8,1,163
765273,761.60000000149,5,4,1,105
765273,901.5,3,2,1,63
765273,774.800000000745,0,3,1,76
765273,941.800000000745,0,1,1,8
765273,NaN,6,5,NaN,102
765273,866.5,5,7,1,144
765273,861.39999999851,6,1,1,22
765273,735.900000002235,6,7,1,123
765273,695.099999997765,8,2,1,172
765273,799.800000000745,1,4,1,22
765273,731.400000002235,5,0,1,2
765273,703.699999999255,7,0,1,18
765273,NaN,5,1,NaN,102
765273,566.800000000745,5,1,1,101
765273,709.199999999255,6,4,1,123
765273,774.699999999255,7,1,1,22
765273,686.599999997765,7,3,1,142
765273,NaN,5,6,NaN,102
765273,722.5,2,7,1,44
449997,2266.70000004768,4,0,1,81
449997,2044.60000002384,5,3,1,63
449997,1186.90000003576,9,2,1,54
449997,954.300000011921,2,1,1,31
449997,988.199999988079,5,7,1,142
449997,1203.89999997616,8,2,1,44
449997,1102.69999998808,7,0,1,2
449997,986.400000035763,8,2,1,173
449997,1246,5,9,1,101
449997,1028,8,0,1,2
449997,1222.10000002384,3,2,1,54
449997,1180.60000002384,7,3,1,140
449997,1474.5,6,9,1,130
449997,1730.5,1,4,1,87
449997,1402.5,6,5,1,120
449997,1104.80000001192,7,8,1,140
449997,1493.80000001192,2,9,1,41
449997,912.5,2,3,1,44
449997,1014.40000003576,2,1,1,54
449997,1111.30000001192,0,1,1,24
449997,1279.30000001192,3,8,1,173
449997,935.5,3,9,1,68
449997,938,3,4,1,85
449997,1006.10000002384,3,1,1,31
449997,961.900000035763,0,4,1,81
449997,1022.10000002384,8,9,1,172
449997,1100.5,8,1,1,24
449997,1214.80000001192,1,9,1,22
449997,1089.5,5,0,1,0
449997,1084.39999997616,4,1,1,24
449997,1254.30000001192,2,7,1,142
449997,855.5,1,2,1,31
449997,924,4,3,1,85
449997,1191.5,4,6,1,120
449997,925.899999976158,0,8,1,18
449997,1343.5,8,3,1,163
449997,950.600000023842,9,6,1,180
449997,852.800000011921,1,3,1,76
449997,1138.19999998808,3,8,1,68
449997,1056.19999998808,6,9,1,120
449997,975.100000023842,6,5,1,123
449997,1003.40000003576,6,7,1,143
449997,1546.80000001192,2,4,1,41
449997,1175.30000001192,2,4,1,81
449997,811.900000035763,9,0,1,187
449997,1138.90000003576,6,0,1,8
449997,1162.10000002384,8,0,1,163
449997,956.599999964237,1,7,1,140
449997,1302.29999995232,6,2,1,44
449997,1111.90000003576,4,6,1,85
449997,1479.10000002384,5,9,1,103
449997,921.699999988079,2,0,1,54
449997,828.399999976158,4,9,1,180
449997,1187,7,2,1,41
449997,902,6,2,1,46
449997,1394.89999997616,6,1,1,122
449997,917.099999964237,2,0,1,2
449997,1035.80000001192,6,0,1,2
449997,1203,1,7,1,25
449997,1089.39999997616,8,0,1,18
941528,2444.69999999553,7,9,1,144
941528,928.29999999702,2,6,1,123
941528,619.60000000149,5,4,1,103
941528,788.59999999404,4,6,1,81
941528,462.80000000447,7,0,1,144
941528,1168.89999999851,2,4,1,85
941528,914.79999999702,6,8,1,122
941528,NaN,6,4,NaN,81
941528,1251,2,4,1,86
941528,869.30000000447,1,4,1,24
941528,813,6,3,0,63
941528,1167.70000000298,4,8,1,161
941528,1418.59999999404,6,1,1,31
941528,1675.5,4,3,1,76
941528,1955.10000000149,6,9,1,187
941528,NaN,3,4,NaN,86
941528,1416.60000000149,9,7,1,144
941528,1615.5,4,6,0,87
941528,2246.5,6,1,1,130
941528,2798,3,4,1,87
941528,1678.5,1,3,1,31
941528,2434.60000000149,8,5,1,102
941528,2909.70000000298,0,3,1,63
941528,1107.40000000596,9,0,1,18
941528,815.20000000298,7,8,1,144
941528,1147.60000000149,9,8,1,180
941528,761.5,1,4,0,85
941528,935.60000000149,8,0,1,8
941528,953.5,6,5,1,130
941528,1171.29999999702,4,5,1,101
941528,916.60000000149,0,7,1,143
941528,728.10000000149,7,0,1,142
941528,689.10000000149,1,8,1,25
941528,870.40000000596,0,6,1,123
941528,961.20000000298,1,0,0,2
941528,1360.69999999553,7,3,0,76
941528,669.19999999553,7,6,1,140
941528,1104,5,8,1,105
941528,1598.10000000149,1,9,1,24
941528,747.80000000447,2,9,1,46
941528,1106.70000000298,2,5,1,41
941528,1097.39999999851,8,5,1,105
941528,739.89999999851,4,9,0,199
941528,2216.59999999404,3,4,1,63
941528,645.09999999404,6,4,1,130
941528,636.80000000447,8,6,1,130
941528,503,7,3,1,68
941528,910.79999999702,8,0,1,161
941528,748.5,6,8,1,120
941528,1004.29999999702,1,0,1,18
941528,634.39999999851,5,3,1,68
941528,687.29999999702,6,7,1,142
941528,630.20000000298,4,7,1,86
941528,655.20000000298,0,9,1,18
941528,1604.60000000149,1,3,0,24
941528,897.39999999851,5,3,1,76
941528,646.80000000447,9,3,1,180
941528,696.70000000298,5,8,1,163
941528,633.69999999553,7,6,1,122
941528,1033.80000000447,5,8,1,173
235625,1124.30000000075,0,6,1,0
235625,1174.09999999963,9,6,1,187
235625,908.199999999255,1,9,1,191
235625,1210.69999999925,8,2,1,161
235625,858,1,7,1,22
235625,671.5,7,3,1,144
235625,619.400000000373,2,3,1,54
235625,700,2,5,1,46
235625,871.900000000373,2,3,1,68
235625,1030.70000000112,3,7,1,140
235625,998.89999999851,0,5,1,18
235625,937.900000000373,4,2,1,44
235625,647.200000001118,0,5,1,0
235625,550.5,1,5,1,22
235625,1118.60000000149,5,3,1,70
235625,822.200000001118,5,0,1,103
235625,807.900000000373,6,9,1,191
235625,889.10000000149,9,8,1,191
235625,982.800000000745,5,2,1,44
235625,805.799999998882,5,8,1,161
235625,1187.69999999925,7,1,1,143
235625,587.599999999627,5,6,1,103
235625,881.900000000373,5,7,1,103
235625,944.10000000149,8,7,1,163
235625,864.099999999627,8,2,1,54
235625,996.599999999627,1,5,1,25
235625,638,9,6,1,199
235625,1067.09999999963,7,3,1,143
235625,991,4,0,1,0
235625,1214.69999999925,3,1,1,76
235625,1011.5,4,0,1,85
235625,1095.90000000037,1,3,1,68
235625,828.800000000745,0,3,1,70
235625,1239.89999999851,0,9,1,187
235625,1042.59999999963,6,5,1,103
235625,926.300000000745,8,9,1,187
235625,982.300000000745,9,6,1,120
235625,879.700000001118,2,3,1,41
235625,939.900000000373,3,0,1,70
235625,596.800000000745,0,9,1,8
235625,786.300000000745,9,1,1,22
235625,950.300000000745,1,6,1,22
235625,629.900000000373,5,2,1,101
235625,993.5,3,9,1,191
235625,1293.30000000075,7,6,1,130
235625,643.700000001118,1,9,1,180
235625,1966.10000000149,0,4,1,85
235625,867.800000000745,3,0,1,76
235625,596.599999999627,8,3,1,172
235625,909.89999999851,5,2,1,46
235625,1381.69999999925,4,1,1,31
235625,1091,2,1,1,24
235625,1176.5,8,7,1,140
235625,811.099999999627,1,7,1,143
235625,1178,0,3,1,2
235625,846,9,8,1,173
235625,704.5,4,7,1,85
235625,708.099999999627,2,4,1,54
235625,1026.30000000075,6,3,1,70
235625,739,0,1,1,31
615454,1182.10000000149,8,2,1,46
615454,1064.80000000447,4,0,1,2
615454,837.10000000149,9,5,1,187
615454,886.5,4,5,1,85
615454,700.5,5,8,1,101
615454,1502.60000000149,9,3,1,191
615454,997,7,8,1,142
615454,680.30000000447,4,2,1,85
615454,974.60000000149,3,0,1,8
615454,759.20000000298,3,4,1,81
615454,849.19999999553,1,8,1,161
615454,1214.69999999553,3,2,1,68
615454,688.09999999404,3,1,1,25
615454,910.69999999553,2,5,1,103
615454,729,8,4,1,163
615454,1308.70000000298,8,4,1,173
615454,877.90000000596,1,2,1,54
615454,819.60000000149,7,4,1,144
615454,660.10000000149,8,7,1,173
615454,1043.39999999851,0,7,1,144
615454,970.5,0,1,1,0
615454,676.20000000298,4,9,1,187
615454,1148.70000000298,0,2,1,54
615454,764.60000000149,7,9,1,187
615454,1007.69999999553,2,8,1,41
615454,694,3,1,1,22
615454,747.29999999702,6,5,1,122
615454,1184.69999999553,6,7,1,144
615454,753.10000000149,9,4,1,180
615454,836.79999999702,6,9,1,123
615454,659,2,9,1,54
615454,825.70000000298,2,7,1,41
615454,1057.30000000447,3,7,1,76
615454,750.69999999553,7,1,1,31
615454,760.60000000149,8,7,1,144
615454,747.20000000298,0,3,1,18
615454,982.20000000298,8,5,1,173
615454,759.39999999851,5,3,1,102
615454,1254.79999999702,1,0,1,25
615454,630.10000000149,0,2,1,18
615454,744.59999999404,9,7,1,187
615454,1211.09999999404,4,8,1,173
615454,1240.5,2,0,1,44
615454,1079.80000000447,9,7,1,142
615454,1551.5,1,6,0,130
615454,674.79999999702,2,0,1,41
615454,694.80000000447,9,1,1,180
615454,950.70000000298,1,5,1,102
615454,1287.5,4,2,1,54
615454,1221.39999999851,3,5,1,101
615454,875.5,4,5,1,105
615454,785.89999999851,0,7,1,140
615454,840.29999999702,9,5,1,102
615454,882.20000000298,6,7,1,122
615454,795.70000000298,2,9,1,191
615454,872.70000000298,9,0,1,180
615454,821.19999999553,7,0,1,0
615454,860.39999999851,4,9,1,85
615454,754.40000000596,4,5,1,87
615454,707.10000000149,2,1,1,22