source_file,subject_id,trial_index,time_elapsed,rt,stimulus,image_idx,occurrence,is_repeat,repeat_lag,response,correct_response,correct,correct_at_second_occurrence
n_back_313870.csv,313870,7,42286,959.0,../../images/project_n_back/im39.png,39,1,False,0,0.0,0.0,True,
n_back_313870.csv,313870,9,43669,879.6000000089407,../../images/project_n_back/im41.png,41,1,False,0,0.0,0.0,True,
n_back_313870.csv,313870,11,44853,680.5,../../images/project_n_back/im2.png,2,1,False,0,0.0,0.0,True,
n_back_313870.csv,313870,13,46053,698.0,../../images/project_n_back/im48.png,48,1,False,0,0.0,0.0,True,
n_back_313870.csv,313870,15,47303,747.1999999880791,../../images/project_n_back/im50.png,50,1,False,0,0.0,0.0,True,
n_back_313870.csv,313870,17,48836,1031.2000000029802,../../images/project_n_back/im44.png,44,1,False,0,1.0,0.0,False,
n_back_313870.csv,313870,19,50003,663.2000000029802,../../images/project_n_back/im33.png,33,1,False,0,1.0,0.0,False,
n_back_313870.csv,313870,21,51303,797.4000000059605,../../images/project_n_back/im35.png,35,1,False,0,0.0,0.0,True,
n_back_313870.csv,313870,23,52753,948.0,../../images/project_n_back/im40.png,40,1,False,0,1.0,0.0,False,
n_back_313870.csv,313870,25,54619,1364.0999999940395,../../images/project_n_back/im27.png,27,1,False,0,0.0,0.0,True,
n_back_313870.csv,313870,27,56186,1064.7000000029802,../../images/project_n_back/im24.png,24,1,False,0,1.0,0.0,False,
n_back_313870.csv,313870,29,57786,1096.4000000059605,../../images/project_n_back/im41.png,41,2,True,10,0.0,1.0,False,False
n_back_313870.csv,313870,31,59752,1463.5,../../images/project_n_back/im2.png,2,2,True,10,1.0,1.0,True,True
n_back_313870.csv,313870,33,61486,1231.5,../../images/project_n_back/im53.png,53,1,False,0,0.0,0.0,True,
n_back_313870.csv,313870,35,63236,1247.2999999970198,../../images/project_n_back/im50.png,50,2,True,10,0.0,1.0,False,False
n_back_313870.csv,313870,37,64736,997.9000000059604,../../images/project_n_back/im46.png,46,1,False,0,1.0,0.0,False,
n_back_313870.csv,313870,39,66953,1713.3999999910593,../../images/project_n_back/im3.png,3,1,False,0,0.0,0.0,True,
n_back_313870.csv,313870,41,68269,813.6999999880791,../../images/project_n_back/im26.png,26,1,False,0,0.0,0.0,True,
n_back_313870.csv,313870,43,70169,1397.5999999940395,../../images/project_n_back/im40.png,40,2,True,10,1.0,1.0,True,True
n_back_313870.csv,313870,45,71486,813.2999999970198,../../images/project_n_back/im36.png,36,1,False,0,1.0,0.0,False,
n_back_313870.csv,313870,47,73319,1330.5,../../images/project_n_back/im21.png,21,1,False,0,0.0,0.0,True,
n_back_313870.csv,313870,49,75053,1231.300000011921,../../images/project_n_back/im10.png,10,1,False,0,0.0,0.0,True,
n_back_313870.csv,313870,51,76820,1263.3999999910593,../../images/project_n_back/im52.png,52,1,False,0,0.0,0.0,True,
n_back_313870.csv,313870,53,78219,896.7000000029802,../../images/project_n_back/im19.png,19,1,False,0,1.0,0.0,False,
n_back_313870.csv,313870,55,79753,1030.9000000059605,../../images/project_n_back/im42.png,42,1,False,0,1.0,0.0,False,
n_back_313870.csv,313870,57,81186,929.9000000059604,../../images/project_n_back/im56.png,56,1,False,0,0.0,0.0,True,
n_back_313870.csv,313870,59,82469,780.9000000059605,../../images/project_n_back/im17.png,17,1,False,0,0.0,0.0,True,
n_back_313870.csv,313870,61,84219,1246.0999999940395,../../images/project_n_back/im31.png,31,1,False,0,0.0,0.0,True,
n_back_313870.csv,313870,63,85685,963.9000000059604,../../images/project_n_back/im49.png,49,1,False,0,1.0,0.0,False,
n_back_313870.csv,313870,65,88053,1864.5999999940395,../../images/project_n_back/im32.png,32,1,False,0,1.0,0.0,False,
n_back_313870.csv,313870,67,89536,980.0,../../images/project_n_back/im21.png,21,2,True,10,0.0,1.0,False,False
n_back_313870.csv,313870,69,91019,980.7999999970198,../../images/project_n_back/im10.png,10,2,True,10,1.0,1.0,True,True
n_back_313870.csv,313870,71,92586,1064.2999999970198,../../images/project_n_back/im52.png,52,2,True,10,0.0,1.0,False,False
n_back_313870.csv,313870,73,93953,864.4000000059605,../../images/project_n_back/im47.png,47,1,False,0,0.0,0.0,True,
n_back_313870.csv,313870,75,95302,846.6999999880791,../../images/project_n_back/im42.png,42,2,True,10,0.0,1.0,False,False
n_back_313870.csv,313870,77,96719,913.5,../../images/project_n_back/im38.png,38,1,False,0,1.0,0.0,False,
n_back_313870.csv,313870,79,98586,1363.800000011921,../../images/project_n_back/im55.png,55,1,False,0,1.0,0.0,False,
n_back_313870.csv,313870,81,101169,2080.3999999910598,../../images/project_n_back/im31.png,31,2,True,10,1.0,1.0,True,True
n_back_313870.csv,313870,83,102652,979.9000000059604,../../images/project_n_back/im13.png,13,1,False,0,1.0,0.0,False,
n_back_313870.csv,313870,85,104086,930.3999999910592,../../images/project_n_back/im32.png,32,2,True,10,0.0,1.0,False,False
n_back_313870.csv,313870,87,105385,797.0999999940395,../../images/project_n_back/im22.png,22,1,False,0,0.0,0.0,True,
n_back_313870.csv,313870,89,106968,1079.5,../../images/project_n_back/im51.png,51,1,False,0,1.0,0.0,False,
n_back_313870.csv,313870,91,108785,1314.3999999910593,../../images/project_n_back/im30.png,30,1,False,0,1.0,0.0,False,
n_back_313870.csv,313870,93,110402,1113.2999999970198,../../images/project_n_back/im34.png,34,1,False,0,1.0,0.0,False,
n_back_313870.csv,313870,95,111851,946.8000000119208,../../images/project_n_back/im23.png,23,1,False,0,0.0,0.0,True,
n_back_313870.csv,313870,97,113086,732.0999999940395,../../images/project_n_back/im4.png,4,1,False,0,0.0,0.0,True,
n_back_313870.csv,313870,99,114435,847.0,../../images/project_n_back/im14.png,14,1,False,0,0.0,0.0,True,
n_back_313870.csv,313870,101,115919,980.4000000059604,../../images/project_n_back/im29.png,29,1,False,0,1.0,0.0,False,
n_back_313870.csv,313870,103,117335,912.7999999970198,../../images/project_n_back/im28.png,28,1,False,0,1.0,0.0,False,
n_back_313870.csv,313870,105,118719,880.5999999940395,../../images/project_n_back/im54.png,54,1,False,0,0.0,0.0,True,
n_back_313870.csv,313870,107,120586,1363.699999988079,../../images/project_n_back/im22.png,22,2,True,10,0.0,1.0,False,False
n_back_313870.csv,313870,109,122019,931.0,../../images/project_n_back/im51.png,51,2,True,10,1.0,1.0,True,True
n_back_313870.csv,313870,111,123736,1213.0999999940395,../../images/project_n_back/im30.png,30,2,True,10,0.0,1.0,False,False
n_back_313870.csv,313870,113,125185,946.7000000029802,../../images/project_n_back/im58.png,58,1,False,0,0.0,0.0,True,
n_back_313870.csv,313870,115,127102,1414.0,../../images/project_n_back/im18.png,18,1,False,0,1.0,0.0,False,
n_back_313870.csv,313870,117,128786,1181.2999999970198,../../images/project_n_back/im59.png,59,1,False,0,0.0,0.0,True,
n_back_313870.csv,313870,119,130102,813.6999999880791,../../images/project_n_back/im20.png,20,1,False,0,0.0,0.0,True,
n_back_313870.csv,313870,121,131702,1096.5999999940395,../../images/project_n_back/im25.png,25,1,False,0,1.0,0.0,False,
n_back_313870.csv,313870,123,133135,930.2000000029802,../../images/project_n_back/im6.png,6,1,False,0,0.0,0.0,True,
n_back_313870.csv,313870,125,134485,847.2000000029802,../../images/project_n_back/im45.png,45,1,False,0,0.0,0.0,True,
n_back_313870.csv,313870,127,135685,696.5,../../images/project_n_back/im7.png,7,1,False,0,0.0,0.0,True,
n_back_313870.csv,313870,129,137785,1597.699999988079,../../images/project_n_back/im57.png,57,1,False,0,1.0,0.0,False,
n_back_313870.csv,313870,131,139402,1114.3999999910593,../../images/project_n_back/im1.png,1,1,False,0,0.0,0.0,True,
n_back_313870.csv,313870,133,141252,1346.6000000089407,../../images/project_n_back/im16.png,16,1,False,0,0.0,0.0,True,
n_back_313870.csv,313870,135,142568,814.2999999970198,../../images/project_n_back/im0.png,0,1,False,0,0.0,0.0,True,
n_back_313870.csv,313870,137,144168,1097.4000000059605,../../images/project_n_back/im15.png,15,1,False,0,0.0,0.0,True,
n_back_313870.csv,313870,139,145735,1063.1000000089407,../../images/project_n_back/im20.png,20,2,True,10,0.0,1.0,False,False
n_back_313870.csv,313870,141,147184,947.3000000119208,../../images/project_n_back/im5.png,5,1,False,0,1.0,0.0,False,
n_back_313870.csv,313870,143,148618,931.2999999970198,../../images/project_n_back/im11.png,11,1,False,0,0.0,0.0,True,
n_back_313870.csv,313870,145,150152,1030.699999988079,../../images/project_n_back/im9.png,9,1,False,0,0.0,0.0,True,
n_back_313870.csv,313870,147,151685,1031.0,../../images/project_n_back/im8.png,8,1,False,0,0.0,0.0,True,
n_back_313870.csv,313870,149,153235,1047.6000000089407,../../images/project_n_back/im12.png,12,1,False,0,0.0,0.0,True,
n_back_313870.csv,313870,151,154468,729.4000000059605,../../images/project_n_back/im1.png,1,2,True,10,0.0,1.0,False,False
n_back_313870.csv,313870,153,156035,1064.2999999970198,../../images/project_n_back/im43.png,43,1,False,0,0.0,0.0,True,
n_back_313870.csv,313870,155,158185,1646.4000000059605,../../images/project_n_back/im0.png,0,2,True,10,1.0,1.0,True,True
n_back_313870.csv,313870,157,159735,1046.9000000059605,../../images/project_n_back/im37.png,37,1,False,0,0.0,0.0,True,
n_back_313870.csv,313870,159,161601,1363.8999999910593,../../images/project_n_back/im11.png,11,2,True,8,0.0,1.0,False,False
n_back_313870.csv,313870,161,164018,1914.20000000298,../../images/project_n_back/im12.png,12,2,True,6,0.0,1.0,False,False
n_back_857609.csv,857609,7,21697,2151.0,../../images/project_n_back/im39.png,39,1,False,0,0.0,0.0,True,
n_back_857609.csv,857609,9,23572,1366.0,../../images/project_n_back/im41.png,41,1,False,0,0.0,0.0,True,
n_back_857609.csv,857609,11,24930,851.0,../../images/project_n_back/im2.png,2,1,False,0,0.0,0.0,True,
n_back_857609.csv,857609,13,26288,816.0,../../images/project_n_back/im48.png,48,1,False,0,0.0,0.0,True,
n_back_857609.csv,857609,15,27649,853.0,../../images/project_n_back/im50.png,50,1,False,0,0.0,0.0,True,
n_back_857609.csv,857609,17,29107,951.0,../../images/project_n_back/im44.png,44,1,False,0,0.0,0.0,True,
n_back_857609.csv,857609,19,30586,971.0,../../images/project_n_back/im33.png,33,1,False,0,1.0,0.0,False,
n_back_857609.csv,857609,21,32929,1835.0,../../images/project_n_back/im35.png,35,1,False,0,0.0,0.0,True,
n_back_857609.csv,857609,23,34491,1053.0,../../images/project_n_back/im40.png,40,1,False,0,1.0,0.0,False,
n_back_857609.csv,857609,25,35799,802.0,../../images/project_n_back/im27.png,27,1,False,0,0.0,0.0,True,
n_back_857609.csv,857609,27,37153,846.0,../../images/project_n_back/im24.png,24,1,False,0,0.0,0.0,True,
n_back_857609.csv,857609,29,39712,2033.0,../../images/project_n_back/im41.png,41,2,True,10,0.0,1.0,False,False
n_back_857609.csv,857609,31,41239,1023.0,../../images/project_n_back/im2.png,2,2,True,10,1.0,1.0,True,True
n_back_857609.csv,857609,33,43291,1544.0,../../images/project_n_back/im53.png,53,1,False,0,0.0,0.0,True,
n_back_857609.csv,857609,35,45346,1552.0,../../images/project_n_back/im50.png,50,2,True,10,1.0,1.0,True,True
n_back_857609.csv,857609,37,47150,1297.0,../../images/project_n_back/im46.png,46,1,False,0,0.0,0.0,True,
n_back_857609.csv,857609,39,49116,1459.0,../../images/project_n_back/im3.png,3,1,False,0,0.0,0.0,True,
n_back_857609.csv,857609,41,51186,1563.0,../../images/project_n_back/im26.png,26,1,False,0,0.0,0.0,True,
n_back_857609.csv,857609,43,52617,926.0,../../images/project_n_back/im40.png,40,2,True,10,1.0,1.0,True,True
n_back_857609.csv,857609,45,54348,1223.0,../../images/project_n_back/im36.png,36,1,False,0,1.0,0.0,False,
n_back_857609.csv,857609,47,57268,2412.0,../../images/project_n_back/im21.png,21,1,False,0,0.0,0.0,True,
n_back_857609.csv,857609,49,58904,1130.0,../../images/project_n_back/im10.png,10,1,False,0,0.0,0.0,True,
n_back_857609.csv,857609,51,60491,1079.0,../../images/project_n_back/im52.png,52,1,False,0,0.0,0.0,True,
n_back_857609.csv,857609,53,62578,1570.0,../../images/project_n_back/im19.png,19,1,False,0,0.0,0.0,True,
n_back_857609.csv,857609,55,64285,1199.0,../../images/project_n_back/im42.png,42,1,False,0,0.0,0.0,True,
n_back_857609.csv,857609,57,65667,876.0,../../images/project_n_back/im56.png,56,1,False,0,1.0,0.0,False,
n_back_857609.csv,857609,59,67167,993.0,../../images/project_n_back/im17.png,17,1,False,0,0.0,0.0,True,
n_back_857609.csv,857609,61,68646,971.0,../../images/project_n_back/im31.png,31,1,False,0,1.0,0.0,False,
n_back_857609.csv,857609,63,70402,1243.0,../../images/project_n_back/im49.png,49,1,False,0,0.0,0.0,True,
n_back_857609.csv,857609,65,71787,877.0,../../images/project_n_back/im32.png,32,1,False,0,1.0,0.0,False,
n_back_857609.csv,857609,67,73408,1112.0,../../images/project_n_back/im21.png,21,2,True,10,1.0,1.0,True,True
n_back_857609.csv,857609,69,74747,830.0,../../images/project_n_back/im10.png,10,2,True,10,1.0,1.0,True,True
n_back_857609.csv,857609,71,76019,768.0,../../images/project_n_back/im52.png,52,2,True,10,1.0,1.0,True,True
n_back_857609.csv,857609,73,77379,852.0,../../images/project_n_back/im47.png,47,1,False,0,1.0,0.0,False,
n_back_857609.csv,857609,75,78686,802.0,../../images/project_n_back/im42.png,42,2,True,10,1.0,1.0,True,True
n_back_857609.csv,857609,77,80045,853.0,../../images/project_n_back/im38.png,38,1,False,0,1.0,0.0,False,
n_back_857609.csv,857609,79,81632,1080.0,../../images/project_n_back/im55.png,55,1,False,0,1.0,0.0,False,
n_back_857609.csv,857609,81,82889,749.0,../../images/project_n_back/im31.png,31,2,True,10,1.0,1.0,True,True
n_back_857609.csv,857609,83,85028,1632.0,../../images/project_n_back/im13.png,13,1,False,0,1.0,0.0,False,
n_back_857609.csv,857609,85,86358,825.0,../../images/project_n_back/im32.png,32,2,True,10,1.0,1.0,True,True
n_back_857609.csv,857609,87,88166,1301.0,../../images/project_n_back/im22.png,22,1,False,0,0.0,0.0,True,
n_back_857609.csv,857609,89,90041,1368.0,../../images/project_n_back/im51.png,51,1,False,0,0.0,0.0,True,
n_back_857609.csv,857609,91,91796,1247.0,../../images/project_n_back/im30.png,30,1,False,0,0.0,0.0,True,
n_back_857609.csv,857609,93,93772,1469.0,../../images/project_n_back/im34.png,34,1,False,0,0.0,0.0,True,
n_back_857609.csv,857609,95,96144,1866.0,../../images/project_n_back/im23.png,23,1,False,0,0.0,0.0,True,
n_back_857609.csv,857609,97,98033,1346.0,../../images/project_n_back/im4.png,4,1,False,0,0.0,0.0,True,
n_back_857609.csv,857609,99,99412,872.0,../../images/project_n_back/im14.png,14,1,False,0,1.0,0.0,False,
n_back_857609.csv,857609,101,100744,826.0,../../images/project_n_back/im29.png,29,1,False,0,1.0,0.0,False,
n_back_857609.csv,857609,103,102197,947.0,../../images/project_n_back/im28.png,28,1,False,0,1.0,0.0,False,
n_back_857609.csv,857609,105,103691,987.0,../../images/project_n_back/im54.png,54,1,False,0,1.0,0.0,False,
n_back_857609.csv,857609,107,105291,1091.0,../../images/project_n_back/im22.png,22,2,True,10,0.0,1.0,False,False
n_back_857609.csv,857609,109,106722,926.0,../../images/project_n_back/im51.png,51,2,True,10,1.0,1.0,True,True
n_back_857609.csv,857609,111,108504,1279.0,../../images/project_n_back/im30.png,30,2,True,10,1.0,1.0,True,True
n_back_857609.csv,857609,113,110165,1153.0,../../images/project_n_back/im58.png,58,1,False,0,1.0,0.0,False,
n_back_857609.csv,857609,115,111959,1287.0,../../images/project_n_back/im18.png,18,1,False,0,0.0,0.0,True,
n_back_857609.csv,857609,117,113911,1444.0,../../images/project_n_back/im59.png,59,1,False,0,0.0,0.0,True,
n_back_857609.csv,857609,119,117428,,../../images/project_n_back/im20.png,20,1,False,0,,0.0,False,
n_back_857609.csv,857609,121,119445,1511.0,../../images/project_n_back/im25.png,25,1,False,0,1.0,0.0,False,
n_back_857609.csv,857609,123,121083,1133.0,../../images/project_n_back/im6.png,6,1,False,0,1.0,0.0,False,
n_back_857609.csv,857609,125,122622,1031.0,../../images/project_n_back/im45.png,45,1,False,0,0.0,0.0,True,
n_back_857609.csv,857609,127,124740,1611.0,../../images/project_n_back/im7.png,7,1,False,0,0.0,0.0,True,
n_back_857609.csv,857609,129,126051,802.0,../../images/project_n_back/im57.png,57,1,False,0,1.0,0.0,False,
n_back_857609.csv,857609,131,127695,1135.0,../../images/project_n_back/im1.png,1,1,False,0,0.0,0.0,True,
n_back_857609.csv,857609,133,129014,812.0,../../images/project_n_back/im16.png,16,1,False,0,1.0,0.0,False,
n_back_857609.csv,857609,135,130590,1069.0,../../images/project_n_back/im0.png,0,1,False,0,1.0,0.0,False,
n_back_857609.csv,857609,137,132029,931.0,../../images/project_n_back/im15.png,15,1,False,0,1.0,0.0,False,
n_back_857609.csv,857609,139,133703,1166.0,../../images/project_n_back/im20.png,20,2,True,10,0.0,1.0,False,False
n_back_857609.csv,857609,141,135097,885.0,../../images/project_n_back/im5.png,5,1,False,0,1.0,0.0,False,
n_back_857609.csv,857609,143,137654,2048.0,../../images/project_n_back/im11.png,11,1,False,0,0.0,0.0,True,
n_back_857609.csv,857609,145,139033,868.0,../../images/project_n_back/im9.png,9,1,False,0,1.0,0.0,False,
n_back_857609.csv,857609,147,140804,1263.0,../../images/project_n_back/im8.png,8,1,False,0,1.0,0.0,False,
n_back_857609.csv,857609,149,142192,881.0,../../images/project_n_back/im12.png,12,1,False,0,1.0,0.0,False,
n_back_857609.csv,857609,151,143586,890.0,../../images/project_n_back/im1.png,1,2,True,10,1.0,1.0,True,True
n_back_857609.csv,857609,153,145236,1142.0,../../images/project_n_back/im43.png,43,1,False,0,1.0,0.0,False,
n_back_857609.csv,857609,155,146509,768.0,../../images/project_n_back/im0.png,0,2,True,10,1.0,1.0,True,True
n_back_857609.csv,857609,157,149100,2082.0,../../images/project_n_back/im37.png,37,1,False,0,1.0,0.0,False,
n_back_857609.csv,857609,159,151986,2381.0,../../images/project_n_back/im11.png,11,2,True,8,1.0,1.0,True,True
n_back_857609.csv,857609,161,153346,854.0,../../images/project_n_back/im12.png,12,2,True,6,1.0,1.0,True,True
n_back_945830.csv,945830,7,24038,1418.0,../../images/project_n_back/im39.png,39,1,False,0,0.0,0.0,True,
n_back_945830.csv,945830,9,25905,1357.0,../../images/project_n_back/im41.png,41,1,False,0,0.0,0.0,True,
n_back_945830.csv,945830,11,27205,791.0,../../images/project_n_back/im2.png,2,1,False,0,0.0,0.0,True,
n_back_945830.csv,945830,13,28472,756.0,../../images/project_n_back/im48.png,48,1,False,0,0.0,0.0,True,
n_back_945830.csv,945830,15,29821,838.0,../../images/project_n_back/im50.png,50,1,False,0,0.0,0.0,True,
n_back_945830.csv,945830,17,31004,672.0,../../images/project_n_back/im44.png,44,1,False,0,0.0,0.0,True,
n_back_945830.csv,945830,19,32953,1435.0,../../images/project_n_back/im33.png,33,1,False,0,0.0,0.0,True,
n_back_945830.csv,945830,21,34521,1062.0,../../images/project_n_back/im35.png,35,1,False,0,0.0,0.0,True,
n_back_945830.csv,945830,23,36222,1189.0,../../images/project_n_back/im40.png,40,1,False,0,0.0,0.0,True,
n_back_945830.csv,945830,25,37707,973.0,../../images/project_n_back/im27.png,27,1,False,0,0.0,0.0,True,
n_back_945830.csv,945830,27,39004,785.0,../../images/project_n_back/im24.png,24,1,False,0,0.0,0.0,True,
n_back_945830.csv,945830,29,40238,726.0,../../images/project_n_back/im41.png,41,2,True,10,0.0,1.0,False,False
n_back_945830.csv,945830,31,42455,1706.0,../../images/project_n_back/im2.png,2,2,True,10,1.0,1.0,True,True
n_back_945830.csv,945830,33,44154,1177.0,../../images/project_n_back/im53.png,53,1,False,0,1.0,0.0,False,
n_back_945830.csv,945830,35,45755,1090.0,../../images/project_n_back/im50.png,50,2,True,10,1.0,1.0,True,True
n_back_945830.csv,945830,37,47521,1254.0,../../images/project_n_back/im46.png,46,1,False,0,1.0,0.0,False,
n_back_945830.csv,945830,39,49904,1865.0,../../images/project_n_back/im3.png,3,1,False,0,0.0,0.0,True,
n_back_945830.csv,945830,41,51821,1405.0,../../images/project_n_back/im26.png,26,1,False,0,0.0,0.0,True,
n_back_945830.csv,945830,43,53771,1425.0,../../images/project_n_back/im40.png,40,2,True,10,1.0,1.0,True,True
n_back_945830.csv,945830,45,56720,2436.0,../../images/project_n_back/im36.png,36,1,False,0,0.0,0.0,True,
n_back_945830.csv,945830,47,58304,1067.0,../../images/project_n_back/im21.png,21,1,False,0,0.0,0.0,True,
n_back_945830.csv,945830,49,60054,1239.0,../../images/project_n_back/im10.png,10,1,False,0,0.0,0.0,True,
n_back_945830.csv,945830,51,61904,1336.0,../../images/project_n_back/im52.png,52,1,False,0,1.0,0.0,False,
n_back_945830.csv,945830,53,63437,1021.0,../../images/project_n_back/im19.png,19,1,False,0,0.0,0.0,True,
n_back_945830.csv,945830,55,65338,1389.0,../../images/project_n_back/im42.png,42,1,False,0,1.0,0.0,False,
n_back_945830.csv,945830,57,66855,1000.0,../../images/project_n_back/im56.png,56,1,False,0,0.0,0.0,True,
n_back_945830.csv,945830,59,68204,835.0,../../images/project_n_back/im17.png,17,1,False,0,0.0,0.0,True,
n_back_945830.csv,945830,61,69421,707.0,../../images/project_n_back/im31.png,31,1,False,0,0.0,0.0,True,
n_back_945830.csv,945830,63,71087,1152.0,../../images/project_n_back/im49.png,49,1,False,0,1.0,0.0,False,
n_back_945830.csv,945830,65,72637,1040.0,../../images/project_n_back/im32.png,32,1,False,0,0.0,0.0,True,
n_back_945830.csv,945830,67,74254,1107.0,../../images/project_n_back/im21.png,21,2,True,10,1.0,1.0,True,True
n_back_945830.csv,945830,69,75855,1089.0,../../images/project_n_back/im10.png,10,2,True,10,1.0,1.0,True,True
n_back_945830.csv,945830,71,77337,975.0,../../images/project_n_back/im52.png,52,2,True,10,1.0,1.0,True,True
n_back_945830.csv,945830,73,78804,955.0,../../images/project_n_back/im47.png,47,1,False,0,1.0,0.0,False,
n_back_945830.csv,945830,75,80055,739.0,../../images/project_n_back/im42.png,42,2,True,10,1.0,1.0,True,True
n_back_945830.csv,945830,77,81238,673.0,../../images/project_n_back/im38.png,38,1,False,0,1.0,0.0,False,
n_back_945830.csv,945830,79,82538,788.0,../../images/project_n_back/im55.png,55,1,False,0,1.0,0.0,False,
n_back_945830.csv,945830,81,83772,724.0,../../images/project_n_back/im31.png,31,2,True,10,1.0,1.0,True,True
n_back_945830.csv,945830,83,84855,570.0,../../images/project_n_back/im13.png,13,1,False,0,1.0,0.0,False,
n_back_945830.csv,945830,85,86037,673.0,../../images/project_n_back/im32.png,32,2,True,10,1.0,1.0,True,True
n_back_945830.csv,945830,87,87971,1397.0,../../images/project_n_back/im22.png,22,1,False,0,0.0,0.0,True,
n_back_945830.csv,945830,89,89604,1121.0,../../images/project_n_back/im51.png,51,1,False,0,0.0,0.0,True,
n_back_945830.csv,945830,91,90842,724.0,../../images/project_n_back/im30.png,30,1,False,0,0.0,0.0,True,
n_back_945830.csv,945830,93,92369,1016.0,../../images/project_n_back/im34.png,34,1,False,0,0.0,0.0,True,
n_back_945830.csv,945830,95,93754,875.0,../../images/project_n_back/im23.png,23,1,False,0,0.0,0.0,True,
n_back_945830.csv,945830,97,94922,654.0,../../images/project_n_back/im4.png,4,1,False,0,0.0,0.0,True,
n_back_945830.csv,945830,99,96119,693.0,../../images/project_n_back/im14.png,14,1,False,0,0.0,0.0,True,
n_back_945830.csv,945830,101,97471,844.0,../../images/project_n_back/im29.png,29,1,False,0,0.0,0.0,True,
n_back_945830.csv,945830,103,98853,871.0,../../images/project_n_back/im28.png,28,1,False,0,0.0,0.0,True,
n_back_945830.csv,945830,105,100355,992.0,../../images/project_n_back/im54.png,54,1,False,0,1.0,0.0,False,
n_back_945830.csv,945830,107,101654,790.0,../../images/project_n_back/im22.png,22,2,True,10,1.0,1.0,True,True
n_back_945830.csv,945830,109,102954,790.0,../../images/project_n_back/im51.png,51,2,True,10,1.0,1.0,True,True
n_back_945830.csv,945830,111,104238,774.0,../../images/project_n_back/im30.png,30,2,True,10,1.0,1.0,True,True
n_back_945830.csv,945830,113,105223,471.0,../../images/project_n_back/im58.png,58,1,False,0,1.0,0.0,False,
n_back_945830.csv,945830,115,106771,1037.0,../../images/project_n_back/im18.png,18,1,False,0,0.0,0.0,True,
n_back_945830.csv,945830,117,108187,905.0,../../images/project_n_back/im59.png,59,1,False,0,1.0,0.0,False,
n_back_945830.csv,945830,119,110271,1565.0,../../images/project_n_back/im20.png,20,1,False,0,1.0,0.0,False,
n_back_945830.csv,945830,121,111821,1038.0,../../images/project_n_back/im25.png,25,1,False,0,1.0,0.0,False,
n_back_945830.csv,945830,123,113495,1166.0,../../images/project_n_back/im6.png,6,1,False,0,1.0,0.0,False,
n_back_945830.csv,945830,125,115603,1599.0,../../images/project_n_back/im45.png,45,1,False,0,1.0,0.0,False,
n_back_945830.csv,945830,127,116821,706.0,../../images/project_n_back/im7.png,7,1,False,0,0.0,0.0,True,
n_back_945830.csv,945830,129,118521,1192.0,../../images/project_n_back/im57.png,57,1,False,0,0.0,0.0,True,
n_back_945830.csv,945830,131,120488,1460.0,../../images/project_n_back/im1.png,1,1,False,0,1.0,0.0,False,
n_back_945830.csv,945830,133,123471,2474.0,../../images/project_n_back/im16.png,16,1,False,0,0.0,0.0,True,
n_back_945830.csv,945830,135,124888,892.0,../../images/project_n_back/im0.png,0,1,False,0,0.0,0.0,True,
n_back_945830.csv,945830,137,126138,736.0,../../images/project_n_back/im15.png,15,1,False,0,0.0,0.0,True,
n_back_945830.csv,945830,139,127854,1209.0,../../images/project_n_back/im20.png,20,2,True,10,0.0,1.0,False,False
n_back_945830.csv,945830,141,129789,1423.0,../../images/project_n_back/im5.png,5,1,False,0,1.0,0.0,False,
n_back_945830.csv,945830,143,130904,600.0,../../images/project_n_back/im11.png,11,1,False,0,0.0,0.0,True,
n_back_945830.csv,945830,145,132288,872.0,../../images/project_n_back/im9.png,9,1,False,0,0.0,0.0,True,
n_back_945830.csv,945830,147,133521,724.0,../../images/project_n_back/im8.png,8,1,False,0,0.0,0.0,True,
n_back_945830.csv,945830,149,135288,1255.0,../../images/project_n_back/im12.png,12,1,False,0,0.0,0.0,True,
n_back_945830.csv,945830,151,136721,926.0,../../images/project_n_back/im1.png,1,2,True,10,0.0,1.0,False,False
n_back_945830.csv,945830,153,137721,487.0,../../images/project_n_back/im43.png,43,1,False,0,1.0,0.0,False,
n_back_945830.csv,945830,155,139550,1320.0,../../images/project_n_back/im0.png,0,2,True,10,0.0,1.0,False,False
n_back_945830.csv,945830,157,141954,1892.0,../../images/project_n_back/im37.png,37,1,False,0,1.0,0.0,False,
n_back_945830.csv,945830,159,143354,890.0,../../images/project_n_back/im11.png,11,2,True,8,1.0,1.0,True,True
n_back_945830.csv,945830,161,144622,757.0,../../images/project_n_back/im12.png,12,2,True,6,0.0,1.0,False,False
n_back_971564.csv,971564,7,21698,1407.89999999851,../../images/n_back/im161.png,161,1,False,0,0.0,0.0,True,
n_back_971564.csv,971564,9,22950,748.0,../../images/n_back/im161.png,161,2,True,1,1.0,1.0,True,True
n_back_971564.csv,971564,11,24547,1093.10000000149,../../images/n_back/im115.png,115,1,False,0,0.0,0.0,True,
n_back_971564.csv,971564,13,25922,866.0,../../images/n_back/im123.png,123,1,False,0,0.0,0.0,True,
n_back_971564.csv,971564,15,27266,838.1999999992549,../../images/n_back/im66.png,66,1,False,0,0.0,0.0,True,
n_back_971564.csv,971564,17,28447,677.2000000029802,../../images/n_back/im153.png,153,1,False,0,0.0,0.0,True,
n_back_971564.csv,971564,19,29599,636.5,../../images/n_back/im31.png,31,1,False,0,0.0,0.0,True,
n_back_971564.csv,971564,21,30710,601.1999999992549,../../images/n_back/im47.png,47,1,False,0,0.0,0.0,True,
n_back_971564.csv,971564,23,31984,759.6000000014901,../../images/n_back/im26.png,26,1,False,0,0.0,0.0,True,
n_back_971564.csv,971564,25,32973,483.6999999992549,../../images/n_back/im128.png,128,1,False,0,0.0,0.0,True,
n_back_971564.csv,971564,27,34105,616.6000000014901,../../images/n_back/im96.png,96,1,False,0,0.0,0.0,True,
n_back_971564.csv,971564,29,35231,619.3999999985099,../../images/n_back/im32.png,32,1,False,0,0.0,0.0,True,
n_back_971564.csv,971564,31,36506,764.6000000014901,../../images/n_back/im115.png,115,2,True,10,1.0,1.0,True,True
n_back_971564.csv,971564,33,37952,944.1999999992548,../../images/n_back/im120.png,120,1,False,0,0.0,0.0,True,
n_back_971564.csv,971564,35,39358,893.7999999970198,../../images/n_back/im22.png,22,1,False,0,0.0,0.0,True,
n_back_495571.csv,495571,7,38245,1717.300000011921,../../images/project_n_back/im39.png,39,1,False,0,0.0,0.0,True,
n_back_495571.csv,495571,9,40125,1371.5999999642372,../../images/project_n_back/im41.png,41,1,False,0,0.0,0.0,True,
n_back_495571.csv,495571,11,42137,1499.2999999523165,../../images/project_n_back/im2.png,2,1,False,0,0.0,0.0,True,
n_back_495571.csv,495571,13,43976,1334.0,../../images/project_n_back/im48.png,48,1,False,0,0.0,0.0,True,
n_back_495571.csv,495571,15,45935,1448.600000023842,../../images/project_n_back/im50.png,50,1,False,0,0.0,0.0,True,
n_back_495571.csv,495571,17,47755,1314.0,../../images/project_n_back/im44.png,44,1,False,0,0.0,0.0,True,
n_back_495571.csv,495571,19,49458,1198.699999988079,../../images/project_n_back/im33.png,33,1,False,0,1.0,0.0,False,
n_back_495571.csv,495571,21,51110,1140.5,../../images/project_n_back/im35.png,35,1,False,0,0.0,0.0,True,
n_back_495571.csv,495571,23,53299,1685.699999988079,../../images/project_n_back/im40.png,40,1,False,0,1.0,0.0,False,
n_back_495571.csv,495571,25,55136,1334.0,../../images/project_n_back/im27.png,27,1,False,0,0.0,0.0,True,
n_back_495571.csv,495571,27,56954,1312.899999976158,../../images/project_n_back/im24.png,24,1,False,0,0.0,0.0,True,
n_back_495571.csv,495571,29,59800,2340.700000047684,../../images/project_n_back/im41.png,41,2,True,10,1.0,1.0,True,True
n_back_495571.csv,495571,31,61458,1150.0,../../images/project_n_back/im2.png,2,2,True,10,1.0,1.0,True,True
n_back_495571.csv,495571,33,64037,2063.800000011921,../../images/project_n_back/im53.png,53,1,False,0,0.0,0.0,True,
n_back_495571.csv,495571,35,66724,2180.5,../../images/project_n_back/im50.png,50,2,True,10,0.0,1.0,False,False
n_back_495571.csv,495571,37,68489,1246.300000011921,../../images/project_n_back/im46.png,46,1,False,0,1.0,0.0,False,
n_back_495571.csv,495571,39,70571,1572.199999988079,../../images/project_n_back/im3.png,3,1,False,0,0.0,0.0,True,
n_back_495571.csv,495571,41,72372,1296.100000023842,../../images/project_n_back/im26.png,26,1,False,0,1.0,0.0,False,
n_back_495571.csv,495571,43,74568,1686.899999976158,../../images/project_n_back/im40.png,40,2,True,10,1.0,1.0,True,True
n_back_495571.csv,495571,45,76173,1099.9000000357628,../../images/project_n_back/im36.png,36,1,False,0,1.0,0.0,False,
n_back_495571.csv,495571,47,78215,1539.0,../../images/project_n_back/im21.png,21,1,False,0,0.0,0.0,True,
n_back_495571.csv,495571,49,80222,1503.699999988079,../../images/project_n_back/im10.png,10,1,False,0,0.0,0.0,True,
n_back_495571.csv,495571,51,82467,1741.2999999523165,../../images/project_n_back/im52.png,52,1,False,0,0.0,0.0,True,
n_back_495571.csv,495571,53,84417,1447.800000011921,../../images/project_n_back/im19.png,19,1,False,0,0.0,0.0,True,
n_back_495571.csv,495571,55,87367,2434.599999964237,../../images/project_n_back/im42.png,42,1,False,0,1.0,0.0,False,
n_back_495571.csv,495571,57,88776,902.1999999880792,../../images/project_n_back/im56.png,56,1,False,0,1.0,0.0,False,
n_back_495571.csv,495571,59,90547,1265.300000011921,../../images/project_n_back/im17.png,17,1,False,0,0.0,0.0,True,
n_back_495571.csv,495571,61,92239,1182.699999988079,../../images/project_n_back/im31.png,31,1,False,0,0.0,0.0,True,
n_back_495571.csv,495571,63,94192,1448.399999976158,../../images/project_n_back/im49.png,49,1,False,0,1.0,0.0,False,
n_back_495571.csv,495571,65,96155,1457.100000023842,../../images/project_n_back/im32.png,32,1,False,0,0.0,0.0,True,
n_back_495571.csv,495571,67,98033,1372.5,../../images/project_n_back/im21.png,21,2,True,10,0.0,1.0,False,False
n_back_495571.csv,495571,69,100045,1507.800000011921,../../images/project_n_back/im10.png,10,2,True,10,1.0,1.0,True,True
n_back_495571.csv,495571,71,102524,1970.1000000238416,../../images/project_n_back/im52.png,52,2,True,10,0.0,1.0,False,False
n_back_495571.csv,495571,73,104154,1126.899999976158,../../images/project_n_back/im47.png,47,1,False,0,0.0,0.0,True,
n_back_495571.csv,495571,75,106187,1526.199999988079,../../images/project_n_back/im42.png,42,2,True,10,1.0,1.0,True,True
n_back_495571.csv,495571,77,107943,1252.9000000357628,../../images/project_n_back/im38.png,38,1,False,0,1.0,0.0,False,
n_back_495571.csv,495571,79,110609,2162.800000011921,../../images/project_n_back/im55.png,55,1,False,0,0.0,0.0,True,
n_back_495571.csv,495571,81,112854,1736.100000023842,../../images/project_n_back/im31.png,31,2,True,10,1.0,1.0,True,True
n_back_495571.csv,495571,83,114850,1490.0,../../images/project_n_back/im13.png,13,1,False,0,1.0,0.0,False,
n_back_495571.csv,495571,85,116450,1092.5,../../images/project_n_back/im32.png,32,2,True,10,1.0,1.0,True,True
n_back_495571.csv,495571,87,117944,983.7000000476836,../../images/project_n_back/im22.png,22,1,False,0,1.0,0.0,False,
n_back_495571.csv,495571,89,119612,1159.0,../../images/project_n_back/im51.png,51,1,False,0,0.0,0.0,True,
n_back_495571.csv,495571,91,120998,881.1000000238419,../../images/project_n_back/im30.png,30,1,False,0,0.0,0.0,True,
n_back_495571.csv,495571,93,123364,1851.200000047684,../../images/project_n_back/im34.png,34,1,False,0,1.0,0.0,False,
n_back_495571.csv,495571,95,125296,1419.5,../../images/project_n_back/im23.png,23,1,False,0,0.0,0.0,True,
n_back_495571.csv,495571,97,126954,1150.2000000476835,../../images/project_n_back/im4.png,4,1,False,0,0.0,0.0,True,
n_back_495571.csv,495571,99,128710,1249.199999988079,../../images/project_n_back/im14.png,14,1,False,0,0.0,0.0,True,
n_back_495571.csv,495571,101,131534,2309.0,../../images/project_n_back/im29.png,29,1,False,0,1.0,0.0,False,
n_back_495571.csv,495571,103,133101,1058.399999976158,../../images/project_n_back/im28.png,28,1,False,0,1.0,0.0,False,
n_back_495571.csv,495571,105,135661,2050.100000023842,../../images/project_n_back/im54.png,54,1,False,0,1.0,0.0,False,
n_back_495571.csv,495571,107,137172,994.1999999880792,../../images/project_n_back/im22.png,22,2,True,10,1.0,1.0,True,True
n_back_495571.csv,495571,109,139516,1829.2999999523165,../../images/project_n_back/im51.png,51,2,True,10,0.0,1.0,False,False
n_back_495571.csv,495571,111,141110,1079.5,../../images/project_n_back/im30.png,30,2,True,10,0.0,1.0,False,False
n_back_495571.csv,495571,113,143214,1600.800000011921,../../images/project_n_back/im58.png,58,1,False,0,0.0,0.0,True,
n_back_495571.csv,495571,115,145300,1574.600000023842,../../images/project_n_back/im18.png,18,1,False,0,1.0,0.0,False,
n_back_495571.csv,495571,117,148544,2735.900000035763,../../images/project_n_back/im59.png,59,1,False,0,1.0,0.0,False,
n_back_495571.csv,495571,119,150315,1259.0999999642372,../../images/project_n_back/im20.png,20,1,False,0,0.0,0.0,True,
n_back_495571.csv,495571,121,152608,1789.699999988079,../../images/project_n_back/im25.png,25,1,False,0,0.0,0.0,True,
n_back_495571.csv,495571,123,154622,1504.100000023842,../../images/project_n_back/im6.png,6,1,False,0,1.0,0.0,False,
n_back_495571.csv,495571,125,156558,1427.4000000357628,../../images/project_n_back/im45.png,45,1,False,0,0.0,0.0,True,
n_back_495571.csv,495571,127,158574,1500.699999988079,../../images/project_n_back/im7.png,7,1,False,0,0.0,0.0,True,
n_back_495571.csv,495571,129,161483,2394.399999976158,../../images/project_n_back/im57.png,57,1,False,0,1.0,0.0,False,
n_back_495571.csv,495571,131,164997,,../../images/project_n_back/im1.png,1,1,False,0,,0.0,False,
n_back_495571.csv,495571,133,167317,1813.300000011921,../../images/project_n_back/im16.png,16,1,False,0,1.0,0.0,False,
n_back_495571.csv,495571,135,169033,1209.899999976158,../../images/project_n_back/im0.png,0,1,False,0,0.0,0.0,True,
n_back_495571.csv,495571,137,170565,1021.0,../../images/project_n_back/im15.png,15,1,False,0,0.0,0.0,True,
n_back_495571.csv,495571,139,172105,1036.5,../../images/project_n_back/im20.png,20,2,True,10,0.0,1.0,False,False
n_back_495571.csv,495571,141,173918,1308.5,../../images/project_n_back/im5.png,5,1,False,0,1.0,0.0,False,
n_back_495571.csv,495571,143,175777,1346.699999988079,../../images/project_n_back/im11.png,11,1,False,0,0.0,0.0,True,
n_back_495571.csv,495571,145,177596,1309.0,../../images/project_n_back/im9.png,9,1,False,0,1.0,0.0,False,
n_back_495571.csv,495571,147,179512,1398.800000011921,../../images/project_n_back/im8.png,8,1,False,0,0.0,0.0,True,
n_back_495571.csv,495571,149,181774,1757.0999999642372,../../images/project_n_back/im12.png,12,1,False,0,0.0,0.0,True,
n_back_495571.csv,495571,151,183541,1259.800000011921,../../images/project_n_back/im1.png,1,2,True,10,0.0,1.0,False,False
n_back_495571.csv,495571,153,185330,1283.4000000357628,../../images/project_n_back/im43.png,43,1,False,0,0.0,0.0,True,
n_back_495571.csv,495571,155,188360,2514.399999976158,../../images/project_n_back/im0.png,0,2,True,10,1.0,1.0,True,True
n_back_495571.csv,495571,157,190142,1274.300000011921,../../images/project_n_back/im37.png,37,1,False,0,0.0,0.0,True,
n_back_495571.csv,495571,159,193106,2459.900000035763,../../images/project_n_back/im11.png,11,2,True,8,1.0,1.0,True,True
n_back_495571.csv,495571,161,194672,1060.899999976158,../../images/project_n_back/im12.png,12,2,True,6,1.0,1.0,True,True
n_back_398441.csv,398441,7,97342,1374.4000000059605,../../images/project_n_back/im39.png,39,1,False,0,0.0,0.0,True,
n_back_398441.csv,398441,9,99040,1194.2000000029802,../../images/project_n_back/im41.png,41,1,False,0,0.0,0.0,True,
n_back_398441.csv,398441,11,100391,848.7999999970198,../../images/project_n_back/im2.png,2,1,False,0,0.0,0.0,True,
n_back_398441.csv,398441,13,102242,1347.2000000029802,../../images/project_n_back/im48.png,48,1,False,0,0.0,0.0,True,
n_back_398441.csv,398441,15,103775,1030.5,../../images/project_n_back/im50.png,50,1,False,0,0.0,0.0,True,
n_back_398441.csv,398441,17,105358,1080.2999999970198,../../images/project_n_back/im44.png,44,1,False,0,1.0,0.0,False,
n_back_398441.csv,398441,19,106891,1030.0,../../images/project_n_back/im33.png,33,1,False,0,1.0,0.0,False,
n_back_398441.csv,398441,21,108558,1163.2999999970198,../../images/project_n_back/im35.png,35,1,False,0,0.0,0.0,True,
n_back_398441.csv,398441,23,110207,1146.8999999910593,../../images/project_n_back/im40.png,40,1,False,0,1.0,0.0,False,
n_back_398441.csv,398441,25,111741,1031.2000000029802,../../images/project_n_back/im27.png,27,1,False,0,0.0,0.0,True,
n_back_398441.csv,398441,27,113357,1113.2000000029802,../../images/project_n_back/im24.png,24,1,False,0,1.0,0.0,False,
n_back_398441.csv,398441,29,115208,1346.7000000029802,../../images/project_n_back/im41.png,41,2,True,10,1.0,1.0,True,True
n_back_398441.csv,398441,31,116675,963.0999999940396,../../images/project_n_back/im2.png,2,2,True,10,1.0,1.0,True,True
n_back_398441.csv,398441,33,118492,1314.2000000029802,../../images/project_n_back/im53.png,53,1,False,0,0.0,0.0,True,
n_back_398441.csv,398441,35,119991,997.4000000059604,../../images/project_n_back/im50.png,50,2,True,10,0.0,1.0,False,False
n_back_398441.csv,398441,37,121691,1197.0999999940395,../../images/project_n_back/im46.png,46,1,False,0,1.0,0.0,False,
n_back_398441.csv,398441,39,123275,1081.0999999940395,../../images/project_n_back/im3.png,3,1,False,0,0.0,0.0,True,
n_back_398441.csv,398441,41,124775,997.5,../../images/project_n_back/im26.png,26,1,False,0,0.0,0.0,True,
n_back_398441.csv,398441,43,126340,1062.6000000089407,../../images/project_n_back/im40.png,40,2,True,10,1.0,1.0,True,True
n_back_398441.csv,398441,45,128041,1198.7999999970198,../../images/project_n_back/im36.png,36,1,False,0,1.0,0.0,False,
n_back_398441.csv,398441,47,129808,1263.3999999910593,../../images/project_n_back/im21.png,21,1,False,0,0.0,0.0,True,
n_back_398441.csv,398441,49,131490,1180.0,../../images/project_n_back/im10.png,10,1,False,0,0.0,0.0,True,
n_back_398441.csv,398441,51,132991,997.8000000119208,../../images/project_n_back/im52.png,52,1,False,0,1.0,0.0,False,
n_back_398441.csv,398441,53,134474,979.7999999970198,../../images/project_n_back/im19.png,19,1,False,0,0.0,0.0,True,
n_back_398441.csv,398441,55,136925,1948.70000000298,../../images/project_n_back/im42.png,42,1,False,0,1.0,0.0,False,
n_back_398441.csv,398441,57,138458,1030.5,../../images/project_n_back/im56.png,56,1,False,0,0.0,0.0,True,
n_back_398441.csv,398441,59,141962,,../../images/project_n_back/im17.png,17,1,False,0,,0.0,False,
n_back_398441.csv,398441,61,143758,1293.5,../../images/project_n_back/im31.png,31,1,False,0,1.0,0.0,False,
n_back_398441.csv,398441,63,145258,997.2000000029802,../../images/project_n_back/im49.png,49,1,False,0,0.0,0.0,True,
n_back_398441.csv,398441,65,146825,1064.0,../../images/project_n_back/im32.png,32,1,False,0,1.0,0.0,False,
n_back_398441.csv,398441,67,148575,1246.7000000029802,../../images/project_n_back/im21.png,21,2,True,10,0.0,1.0,False,False
n_back_398441.csv,398441,69,150490,1412.9000000059605,../../images/project_n_back/im10.png,10,2,True,10,1.0,1.0,True,True
n_back_398441.csv,398441,71,152424,1431.2000000029802,../../images/project_n_back/im52.png,52,2,True,10,0.0,1.0,False,False
n_back_398441.csv,398441,73,154191,1264.4000000059605,../../images/project_n_back/im47.png,47,1,False,0,1.0,0.0,False,
n_back_398441.csv,398441,75,155708,1014.0,../../images/project_n_back/im42.png,42,2,True,10,1.0,1.0,True,True
n_back_398441.csv,398441,77,157525,1313.9000000059605,../../images/project_n_back/im38.png,38,1,False,0,1.0,0.0,False,
n_back_398441.csv,398441,79,158757,729.5999999940395,../../images/project_n_back/im55.png,55,1,False,0,1.0,0.0,False,
n_back_398441.csv,398441,81,160375,1114.7999999970198,../../images/project_n_back/im31.png,31,2,True,10,1.0,1.0,True,True
n_back_398441.csv,398441,83,161641,764.4000000059605,../../images/project_n_back/im13.png,13,1,False,0,1.0,0.0,False,
n_back_398441.csv,398441,85,163624,1479.9000000059605,../../images/project_n_back/im32.png,32,2,True,10,0.0,1.0,False,False
n_back_398441.csv,398441,87,165175,1047.2999999970198,../../images/project_n_back/im22.png,22,1,False,0,1.0,0.0,False,
n_back_398441.csv,398441,89,166824,1147.2000000029802,../../images/project_n_back/im51.png,51,1,False,0,0.0,0.0,True,
n_back_398441.csv,398441,91,168425,1097.0,../../images/project_n_back/im30.png,30,1,False,0,0.0,0.0,True,
n_back_398441.csv,398441,93,170091,1163.5999999940395,../../images/project_n_back/im34.png,34,1,False,0,1.0,0.0,False,
n_back_398441.csv,398441,95,171808,1213.7000000029802,../../images/project_n_back/im23.png,23,1,False,0,0.0,0.0,True,
n_back_398441.csv,398441,97,173274,963.5999999940396,../../images/project_n_back/im4.png,4,1,False,0,1.0,0.0,False,
n_back_398441.csv,398441,99,174841,1064.0,../../images/project_n_back/im14.png,14,1,False,0,0.0,0.0,True,
n_back_398441.csv,398441,101,176775,1430.7000000029802,../../images/project_n_back/im29.png,29,1,False,0,1.0,0.0,False,
n_back_398441.csv,398441,103,178525,1247.3999999910593,../../images/project_n_back/im28.png,28,1,False,0,0.0,0.0,True,
n_back_398441.csv,398441,105,180642,1614.2999999970198,../../images/project_n_back/im54.png,54,1,False,0,1.0,0.0,False,
n_back_398441.csv,398441,107,182691,1547.1000000089407,../../images/project_n_back/im22.png,22,2,True,10,1.0,1.0,True,True
n_back_398441.csv,398441,109,184375,1180.0,../../images/project_n_back/im51.png,51,2,True,10,0.0,1.0,False,False
n_back_398441.csv,398441,111,186725,1847.0,../../images/project_n_back/im30.png,30,2,True,10,1.0,1.0,True,True
n_back_398441.csv,398441,113,188758,1530.4000000059605,../../images/project_n_back/im58.png,58,1,False,0,1.0,0.0,False,
n_back_398441.csv,398441,115,190175,913.2999999970198,../../images/project_n_back/im18.png,18,1,False,0,1.0,0.0,False,
n_back_398441.csv,398441,117,192057,1379.3999999910593,../../images/project_n_back/im59.png,59,1,False,0,0.0,0.0,True,
n_back_398441.csv,398441,119,194241,1680.5,../../images/project_n_back/im20.png,20,1,False,0,0.0,0.0,True,
n_back_398441.csv,398441,121,196008,1264.5,../../images/project_n_back/im25.png,25,1,False,0,0.0,0.0,True,
n_back_398441.csv,398441,123,198425,1913.3999999910595,../../images/project_n_back/im6.png,6,1,False,0,0.0,0.0,True,
n_back_398441.csv,398441,125,200392,1464.3999999910593,../../images/project_n_back/im45.png,45,1,False,0,0.0,0.0,True,
n_back_398441.csv,398441,127,202058,1163.0,../../images/project_n_back/im7.png,7,1,False,0,1.0,0.0,False,
n_back_398441.csv,398441,129,204158,1596.7000000029802,../../images/project_n_back/im57.png,57,1,False,0,0.0,0.0,True,
n_back_398441.csv,398441,131,205791,1130.0,../../images/project_n_back/im1.png,1,1,False,0,1.0,0.0,False,
n_back_398441.csv,398441,133,207558,1263.9000000059605,../../images/project_n_back/im16.png,16,1,False,0,0.0,0.0,True,
n_back_398441.csv,398441,135,209325,1263.699999988079,../../images/project_n_back/im0.png,0,1,False,0,1.0,0.0,False,
n_back_398441.csv,398441,137,210791,964.3000000119208,../../images/project_n_back/im15.png,15,1,False,0,0.0,0.0,True,
n_back_398441.csv,398441,139,213508,2213.9000000059605,../../images/project_n_back/im20.png,20,2,True,10,0.0,1.0,False,False
n_back_398441.csv,398441,141,214975,963.5,../../images/project_n_back/im5.png,5,1,False,0,0.0,0.0,True,
n_back_398441.csv,398441,143,216308,830.4000000059605,../../images/project_n_back/im11.png,11,1,False,0,0.0,0.0,True,
n_back_398441.csv,398441,145,217741,930.5999999940396,../../images/project_n_back/im9.png,9,1,False,0,0.0,0.0,True,
n_back_398441.csv,398441,147,219392,1147.0,../../images/project_n_back/im8.png,8,1,False,0,0.0,0.0,True,
n_back_398441.csv,398441,149,220975,1080.7000000029802,../../images/project_n_back/im12.png,12,1,False,0,0.0,0.0,True,
n_back_398441.csv,398441,151,223225,1746.0,../../images/project_n_back/im1.png,1,2,True,10,0.0,1.0,False,False
n_back_398441.csv,398441,153,224608,880.2999999970198,../../images/project_n_back/im43.png,43,1,False,0,1.0,0.0,False,
n_back_398441.csv,398441,155,225775,662.7999999970198,../../images/project_n_back/im0.png,0,2,True,10,1.0,1.0,True,True
n_back_398441.csv,398441,157,227058,780.6999999880791,../../images/project_n_back/im37.png,37,1,False,0,1.0,0.0,False,
n_back_398441.csv,398441,159,228575,1013.4000000059604,../../images/project_n_back/im11.png,11,2,True,8,1.0,1.0,True,True
n_back_398441.csv,398441,161,230441,1362.7999999970198,../../images/project_n_back/im12.png,12,2,True,6,0.0,1.0,False,False
n_back_379019.csv,379019,7,23497,1261.4000000059605,../../images/project_n_back/im39.png,39,1,False,0,0.0,0.0,True,
n_back_379019.csv,379019,9,24748,745.9000000059605,../../images/project_n_back/im41.png,41,1,False,0,0.0,0.0,True,
n_back_379019.csv,379019,11,25697,444.6999999880791,../../images/project_n_back/im2.png,2,1,False,0,0.0,0.0,True,
n_back_379019.csv,379019,13,27030,828.6999999880791,../../images/project_n_back/im48.png,48,1,False,0,0.0,0.0,True,
n_back_379019.csv,379019,15,28147,614.0999999940395,../../images/project_n_back/im50.png,50,1,False,0,0.0,0.0,True,
n_back_379019.csv,379019,17,29429,776.0999999940395,../../images/project_n_back/im44.png,44,1,False,0,0.0,0.0,True,
n_back_379019.csv,379019,19,30630,696.2999999821186,../../images/project_n_back/im33.png,33,1,False,0,0.0,0.0,True,
n_back_379019.csv,379019,21,31931,797.8000000119209,../../images/project_n_back/im35.png,35,1,False,0,0.0,0.0,True,
n_back_379019.csv,379019,23,33596,1160.800000011921,../../images/project_n_back/im40.png,40,1,False,0,1.0,0.0,False,
n_back_379019.csv,379019,25,34663,562.4000000059605,../../images/project_n_back/im27.png,27,1,False,0,0.0,0.0,True,
n_back_379019.csv,379019,27,35863,697.4000000059605,../../images/project_n_back/im24.png,24,1,False,0,0.0,0.0,True,
n_back_379019.csv,379019,29,37064,696.7000000178814,../../images/project_n_back/im41.png,41,2,True,10,0.0,1.0,False,False
n_back_379019.csv,379019,31,38248,679.5999999940395,../../images/project_n_back/im2.png,2,2,True,10,0.0,1.0,False,False
n_back_379019.csv,379019,33,39464,714.5,../../images/project_n_back/im53.png,53,1,False,0,0.0,0.0,True,
n_back_379019.csv,379019,35,40763,793.5999999940395,../../images/project_n_back/im50.png,50,2,True,10,0.0,1.0,False,False
n_back_379019.csv,379019,37,42096,829.2000000178814,../../images/project_n_back/im46.png,46,1,False,0,1.0,0.0,False,
n_back_379019.csv,379019,39,43512,912.9000000059604,../../images/project_n_back/im3.png,3,1,False,0,0.0,0.0,True,
n_back_379019.csv,379019,41,45530,1514.2999999821186,../../images/project_n_back/im26.png,26,1,False,0,1.0,0.0,False,
n_back_379019.csv,379019,43,47029,995.0999999940396,../../images/project_n_back/im40.png,40,2,True,10,1.0,1.0,True,True
n_back_379019.csv,379019,45,48463,930.3000000119208,../../images/project_n_back/im36.png,36,1,False,0,1.0,0.0,False,
n_back_379019.csv,379019,47,49879,912.600000023842,../../images/project_n_back/im21.png,21,1,False,0,1.0,0.0,False,
n_back_379019.csv,379019,49,51281,897.5999999940395,../../images/project_n_back/im10.png,10,1,False,0,1.0,0.0,False,
n_back_379019.csv,379019,51,52397,612.8999999761581,../../images/project_n_back/im52.png,52,1,False,0,0.0,0.0,True,
n_back_379019.csv,379019,53,53930,1030.0,../../images/project_n_back/im19.png,19,1,False,0,0.0,0.0,True,
n_back_379019.csv,379019,55,55513,1078.699999988079,../../images/project_n_back/im42.png,42,1,False,0,1.0,0.0,False,
n_back_379019.csv,379019,57,56997,979.7000000178814,../../images/project_n_back/im56.png,56,1,False,0,1.0,0.0,False,
n_back_379019.csv,379019,59,58312,812.1999999880791,../../images/project_n_back/im17.png,17,1,False,0,0.0,0.0,True,
n_back_379019.csv,379019,61,59529,712.6999999880791,../../images/project_n_back/im31.png,31,1,False,0,0.0,0.0,True,
n_back_379019.csv,379019,63,60863,830.0,../../images/project_n_back/im49.png,49,1,False,0,1.0,0.0,False,
n_back_379019.csv,379019,65,62547,1180.2999999821186,../../images/project_n_back/im32.png,32,1,False,0,1.0,0.0,False,
n_back_379019.csv,379019,67,64047,995.9000000059604,../../images/project_n_back/im21.png,21,2,True,10,1.0,1.0,True,True
n_back_379019.csv,379019,69,65281,729.0,../../images/project_n_back/im10.png,10,2,True,10,1.0,1.0,True,True
n_back_379019.csv,379019,71,66996,1211.0999999940395,../../images/project_n_back/im52.png,52,2,True,10,1.0,1.0,True,True
n_back_379019.csv,379019,73,68596,1096.2999999821186,../../images/project_n_back/im47.png,47,1,False,0,0.0,0.0,True,
n_back_379019.csv,379019,75,70014,913.5999999940396,../../images/project_n_back/im42.png,42,2,True,10,1.0,1.0,True,True
n_back_379019.csv,379019,77,71513,995.2999999821186,../../images/project_n_back/im38.png,38,1,False,0,0.0,0.0,True,
n_back_379019.csv,379019,79,73462,1445.0,../../images/project_n_back/im55.png,55,1,False,0,0.0,0.0,True,
n_back_379019.csv,379019,81,74830,862.6999999880791,../../images/project_n_back/im31.png,31,2,True,10,1.0,1.0,True,True
n_back_379019.csv,379019,83,76263,929.0999999940396,../../images/project_n_back/im13.png,13,1,False,0,1.0,0.0,False,
n_back_379019.csv,379019,85,77546,778.5999999940395,../../images/project_n_back/im32.png,32,2,True,10,0.0,1.0,False,False
n_back_379019.csv,379019,87,79213,1162.7999999821186,../../images/project_n_back/im22.png,22,1,False,0,1.0,0.0,False,
n_back_379019.csv,379019,89,80696,978.2000000178814,../../images/project_n_back/im51.png,51,1,False,0,0.0,0.0,True,
n_back_379019.csv,379019,91,82096,896.1999999880791,../../images/project_n_back/im30.png,30,1,False,0,0.0,0.0,True,
n_back_379019.csv,379019,93,83430,830.5,../../images/project_n_back/im34.png,34,1,False,0,1.0,0.0,False,
n_back_379019.csv,379019,95,84863,930.2999999821186,../../images/project_n_back/im23.png,23,1,False,0,1.0,0.0,False,
n_back_379019.csv,379019,97,86179,811.5999999940395,../../images/project_n_back/im4.png,4,1,False,0,0.0,0.0,True,
n_back_379019.csv,379019,99,87664,980.9000000059604,../../images/project_n_back/im14.png,14,1,False,0,1.0,0.0,False,
n_back_379019.csv,379019,101,89080,912.4000000059604,../../images/project_n_back/im29.png,29,1,False,0,1.0,0.0,False,
n_back_379019.csv,379019,103,90396,813.1999999880791,../../images/project_n_back/im28.png,28,1,False,0,0.0,0.0,True,
n_back_379019.csv,379019,105,91880,980.1999999880792,../../images/project_n_back/im54.png,54,1,False,0,0.0,0.0,True,
n_back_379019.csv,379019,107,93464,1079.0,../../images/project_n_back/im22.png,22,2,True,10,1.0,1.0,True,True
n_back_379019.csv,379019,109,95147,1179.800000011921,../../images/project_n_back/im51.png,51,2,True,10,1.0,1.0,True,True
n_back_379019.csv,379019,111,96414,764.2000000178814,../../images/project_n_back/im30.png,30,2,True,10,0.0,1.0,False,False
n_back_379019.csv,379019,113,98531,1613.399999976158,../../images/project_n_back/im58.png,58,1,False,0,1.0,0.0,False,
n_back_379019.csv,379019,115,99946,911.7999999821186,../../images/project_n_back/im18.png,18,1,False,0,0.0,0.0,True,
n_back_379019.csv,379019,117,101363,913.0,../../images/project_n_back/im59.png,59,1,False,0,0.0,0.0,True,
n_back_379019.csv,379019,119,102629,762.9000000059605,../../images/project_n_back/im20.png,20,1,False,0,0.0,0.0,True,
n_back_379019.csv,379019,121,103829,696.6000000238419,../../images/project_n_back/im25.png,25,1,False,0,0.0,0.0,True,
n_back_379019.csv,379019,123,104998,665.5,../../images/project_n_back/im6.png,6,1,False,0,0.0,0.0,True,
n_back_379019.csv,379019,125,106212,710.4000000059605,../../images/project_n_back/im45.png,45,1,False,0,0.0,0.0,True,
n_back_379019.csv,379019,127,107446,731.0,../../images/project_n_back/im7.png,7,1,False,0,0.0,0.0,True,
n_back_379019.csv,379019,129,109382,1431.2000000178814,../../images/project_n_back/im57.png,57,1,False,0,1.0,0.0,False,
n_back_379019.csv,379019,131,110762,876.9000000059605,../../images/project_n_back/im1.png,1,1,False,0,0.0,0.0,True,
n_back_379019.csv,379019,133,112047,781.1999999880791,../../images/project_n_back/im16.png,16,1,False,0,1.0,0.0,False,
n_back_379019.csv,379019,135,114014,1463.5999999940395,../../images/project_n_back/im0.png,0,1,False,0,1.0,0.0,False,
n_back_379019.csv,379019,137,115430,911.1999999880792,../../images/project_n_back/im15.png,15,1,False,0,0.0,0.0,True,
n_back_379019.csv,379019,139,116797,863.0,../../images/project_n_back/im20.png,20,2,True,10,1.0,1.0,True,True
n_back_379019.csv,379019,141,118396,1095.4000000059605,../../images/project_n_back/im5.png,5,1,False,0,1.0,0.0,False,
n_back_379019.csv,379019,143,119746,845.9000000059605,../../images/project_n_back/im11.png,11,1,False,0,0.0,0.0,True,
n_back_379019.csv,379019,145,121495,1245.0,../../images/project_n_back/im9.png,9,1,False,0,0.0,0.0,True,
n_back_379019.csv,379019,147,123013,1014.2999999821186,../../images/project_n_back/im8.png,8,1,False,0,0.0,0.0,True,
n_back_379019.csv,379019,149,124281,764.4000000059605,../../images/project_n_back/im12.png,12,1,False,0,0.0,0.0,True,
n_back_379019.csv,379019,151,125517,732.8000000119209,../../images/project_n_back/im1.png,1,2,True,10,0.0,1.0,False,False
n_back_379019.csv,379019,153,126746,725.3000000119209,../../images/project_n_back/im43.png,43,1,False,0,0.0,0.0,True,
n_back_379019.csv,379019,155,127865,615.7999999821186,../../images/project_n_back/im0.png,0,2,True,10,0.0,1.0,False,False
n_back_379019.csv,379019,157,129396,1026.699999988079,../../images/project_n_back/im37.png,37,1,False,0,1.0,0.0,False,
n_back_379019.csv,379019,159,130728,828.3000000119209,../../images/project_n_back/im11.png,11,2,True,8,0.0,1.0,False,False
n_back_379019.csv,379019,161,131930,698.9000000059605,../../images/project_n_back/im12.png,12,2,True,6,0.0,1.0,False,False
n_back_787247.csv,787247,7,17673,1913.0,../../images/project_n_back/im39.png,39,1,False,0,0.0,0.0,True,
n_back_787247.csv,787247,9,19180,1001.7000000001864,../../images/project_n_back/im41.png,41,1,False,0,0.0,0.0,True,
n_back_787247.csv,787247,11,20718,1025.199999999255,../../images/project_n_back/im2.png,2,1,False,0,0.0,0.0,True,
n_back_787247.csv,787247,13,22101,880.3999999994412,../../images/project_n_back/im48.png,48,1,False,0,0.0,0.0,True,
n_back_787247.csv,787247,15,23867,1252.4000000003723,../../images/project_n_back/im50.png,50,1,False,0,0.0,0.0,True,
n_back_787247.csv,787247,17,25437,1067.5,../../images/project_n_back/im44.png,44,1,False,0,0.0,0.0,True,
n_back_787247.csv,787247,19,27817,1869.2000000001865,../../images/project_n_back/im33.png,33,1,False,0,0.0,0.0,True,
n_back_787247.csv,787247,21,31321,,../../images/project_n_back/im35.png,35,1,False,0,,0.0,False,
n_back_787247.csv,787247,23,33842,2007.199999999255,../../images/project_n_back/im40.png,40,1,False,0,0.0,0.0,True,
n_back_787247.csv,787247,25,35146,796.0,../../images/project_n_back/im27.png,27,1,False,0,0.0,0.0,True,
n_back_787247.csv,787247,27,36921,1262.5,../../images/project_n_back/im24.png,24,1,False,0,1.0,0.0,False,
n_back_787247.csv,787247,29,38679,1251.8999999994412,../../images/project_n_back/im41.png,41,2,True,10,1.0,1.0,True,True
n_back_787247.csv,787247,31,40440,1252.800000000745,../../images/project_n_back/im2.png,2,2,True,10,1.0,1.0,True,True
n_back_787247.csv,787247,33,42046,1094.0999999996277,../../images/project_n_back/im53.png,53,1,False,0,0.0,0.0,True,
n_back_787247.csv,787247,35,43382,820.7000000001863,../../images/project_n_back/im50.png,50,2,True,10,0.0,1.0,False,False
n_back_787247.csv,787247,37,44850,959.6999999992548,../../images/project_n_back/im46.png,46,1,False,0,1.0,0.0,False,
n_back_787247.csv,787247,39,46830,1477.7000000001865,../../images/project_n_back/im3.png,3,1,False,0,0.0,0.0,True,
n_back_787247.csv,787247,41,48277,931.1000000005588,../../images/project_n_back/im26.png,26,1,False,0,1.0,0.0,False,
n_back_787247.csv,787247,43,50113,1325.5999999996277,../../images/project_n_back/im40.png,40,2,True,10,0.0,1.0,False,False
n_back_787247.csv,787247,45,51576,950.7999999998136,../../images/project_n_back/im36.png,36,1,False,0,1.0,0.0,False,
n_back_787247.csv,787247,47,53190,1106.2999999998135,../../images/project_n_back/im21.png,21,1,False,0,0.0,0.0,True,
n_back_787247.csv,787247,49,54982,1281.0,../../images/project_n_back/im10.png,10,1,False,0,1.0,0.0,False,
n_back_787247.csv,787247,51,56967,1482.2000000001865,../../images/project_n_back/im52.png,52,1,False,0,0.0,0.0,True,
n_back_787247.csv,787247,53,58727,1255.0,../../images/project_n_back/im19.png,19,1,False,0,0.0,0.0,True,
n_back_787247.csv,787247,55,60276,1044.0,../../images/project_n_back/im42.png,42,1,False,0,1.0,0.0,False,
n_back_787247.csv,787247,57,62658,1866.0,../../images/project_n_back/im56.png,56,1,False,0,0.0,0.0,True,
n_back_787247.csv,787247,59,64786,1614.9000000003723,../../images/project_n_back/im17.png,17,1,False,0,0.0,0.0,True,
n_back_787247.csv,787247,61,67159,1866.5999999996277,../../images/project_n_back/im31.png,31,1,False,0,0.0,0.0,True,
n_back_787247.csv,787247,63,68796,1135.0,../../images/project_n_back/im49.png,49,1,False,0,1.0,0.0,False,
n_back_787247.csv,787247,65,70980,1667.7000000001865,../../images/project_n_back/im32.png,32,1,False,0,0.0,0.0,True,
n_back_787247.csv,787247,67,72800,1315.5999999996277,../../images/project_n_back/im21.png,21,2,True,10,1.0,1.0,True,True
n_back_787247.csv,787247,69,74962,1660.2000000001865,../../images/project_n_back/im10.png,10,2,True,10,1.0,1.0,True,True
n_back_787247.csv,787247,71,77003,1533.8999999994412,../../images/project_n_back/im52.png,52,2,True,10,0.0,1.0,False,False
n_back_787247.csv,787247,73,78808,1301.3999999994412,../../images/project_n_back/im47.png,47,1,False,0,1.0,0.0,False,
n_back_787247.csv,787247,75,81330,2008.4000000003723,../../images/project_n_back/im42.png,42,2,True,10,0.0,1.0,False,False
n_back_787247.csv,787247,77,82954,1123.199999999255,../../images/project_n_back/im38.png,38,1,False,0,1.0,0.0,False,
n_back_787247.csv,787247,79,84387,930.0999999996276,../../images/project_n_back/im55.png,55,1,False,0,0.0,0.0,True,
n_back_787247.csv,787247,81,85900,1011.6000000005588,../../images/project_n_back/im31.png,31,2,True,10,1.0,1.0,True,True
n_back_787247.csv,787247,83,87510,1105.5,../../images/project_n_back/im13.png,13,1,False,0,1.0,0.0,False,
n_back_787247.csv,787247,85,89061,1036.7000000001865,../../images/project_n_back/im32.png,32,2,True,10,1.0,1.0,True,True
n_back_787247.csv,787247,87,90656,1093.2999999998135,../../images/project_n_back/im22.png,22,1,False,0,1.0,0.0,False,
n_back_787247.csv,787247,89,92631,1460.5,../../images/project_n_back/im51.png,51,1,False,0,1.0,0.0,False,
n_back_787247.csv,787247,91,94585,1444.6000000005588,../../images/project_n_back/im30.png,30,1,False,0,0.0,0.0,True,
n_back_787247.csv,787247,93,96169,1080.7999999998135,../../images/project_n_back/im34.png,34,1,False,0,1.0,0.0,False,
n_back_787247.csv,787247,95,98404,1720.1000000005588,../../images/project_n_back/im23.png,23,1,False,0,1.0,0.0,False,
n_back_787247.csv,787247,97,100341,1425.2999999998135,../../images/project_n_back/im4.png,4,1,False,0,0.0,0.0,True,
n_back_787247.csv,787247,99,102097,1249.5,../../images/project_n_back/im14.png,14,1,False,0,1.0,0.0,False,
n_back_787247.csv,787247,101,103999,1391.2000000001865,../../images/project_n_back/im29.png,29,1,False,0,0.0,0.0,True,
n_back_787247.csv,787247,103,105483,969.0,../../images/project_n_back/im28.png,28,1,False,0,0.0,0.0,True,
n_back_787247.csv,787247,105,107147,1147.5999999996277,../../images/project_n_back/im54.png,54,1,False,0,0.0,0.0,True,
n_back_787247.csv,787247,107,109153,1503.699999999255,../../images/project_n_back/im22.png,22,2,True,10,0.0,1.0,False,False
n_back_787247.csv,787247,109,112662,,../../images/project_n_back/im51.png,51,2,True,10,,1.0,False,False
n_back_787247.csv,787247,111,114072,905.2999999998136,../../images/project_n_back/im30.png,30,2,True,10,0.0,1.0,False,False
n_back_787247.csv,787247,113,115711,1123.5999999996277,../../images/project_n_back/im58.png,58,1,False,0,1.0,0.0,False,
n_back_787247.csv,787247,115,117769,1546.199999999255,../../images/project_n_back/im18.png,18,1,False,0,1.0,0.0,False,
n_back_787247.csv,787247,117,119808,1535.2999999998135,../../images/project_n_back/im59.png,59,1,False,0,0.0,0.0,True,
n_back_787247.csv,787247,119,121550,1233.2000000001865,../../images/project_n_back/im20.png,20,1,False,0,1.0,0.0,False,
n_back_787247.csv,787247,121,124205,2139.9000000003725,../../images/project_n_back/im25.png,25,1,False,0,1.0,0.0,False,
n_back_787247.csv,787247,123,125951,1242.300000000745,../../images/project_n_back/im6.png,6,1,False,0,0.0,0.0,True,
n_back_787247.csv,787247,125,127481,1025.300000000745,../../images/project_n_back/im45.png,45,1,False,0,1.0,0.0,False,
n_back_787247.csv,787247,127,129483,1486.7999999998135,../../images/project_n_back/im7.png,7,1,False,0,1.0,0.0,False,
n_back_787247.csv,787247,129,130991,991.7000000001864,../../images/project_n_back/im57.png,57,1,False,0,0.0,0.0,True,
n_back_787247.csv,787247,131,132544,1038.0,../../images/project_n_back/im1.png,1,1,False,0,1.0,0.0,False,
n_back_787247.csv,787247,133,134319,1270.2000000001865,../../images/project_n_back/im16.png,16,1,False,0,0.0,0.0,True,
n_back_787247.csv,787247,135,135870,1037.1000000005588,../../images/project_n_back/im0.png,0,1,False,0,1.0,0.0,False,
n_back_787247.csv,787247,137,137788,1412.9000000003723,../../images/project_n_back/im15.png,15,1,False,0,0.0,0.0,True,
n_back_787247.csv,787247,139,139536,1242.2000000001865,../../images/project_n_back/im20.png,20,2,True,10,0.0,1.0,False,False
n_back_787247.csv,787247,141,141108,1058.5,../../images/project_n_back/im5.png,5,1,False,0,1.0,0.0,False,
n_back_787247.csv,787247,143,143163,1552.6000000005588,../../images/project_n_back/im11.png,11,1,False,0,0.0,0.0,True,
n_back_787247.csv,787247,145,145810,2134.9000000003725,../../images/project_n_back/im9.png,9,1,False,0,1.0,0.0,False,
n_back_787247.csv,787247,147,147940,1627.9000000003723,../../images/project_n_back/im8.png,8,1,False,0,1.0,0.0,False,
n_back_787247.csv,787247,149,149663,1219.0999999996277,../../images/project_n_back/im12.png,12,1,False,0,0.0,0.0,True,
n_back_787247.csv,787247,151,151110,934.9000000003724,../../images/project_n_back/im1.png,1,2,True,10,1.0,1.0,True,True
n_back_787247.csv,787247,153,152844,1228.7999999998135,../../images/project_n_back/im43.png,43,1,False,0,0.0,0.0,True,
n_back_787247.csv,787247,155,154328,977.7000000001864,../../images/project_n_back/im0.png,0,2,True,10,1.0,1.0,True,True
n_back_787247.csv,787247,157,155679,844.7999999998137,../../images/project_n_back/im37.png,37,1,False,0,1.0,0.0,False,
n_back_787247.csv,787247,159,157025,843.0999999996275,../../images/project_n_back/im11.png,11,2,True,8,1.0,1.0,True,True
n_back_787247.csv,787247,161,158194,653.9000000003725,../../images/project_n_back/im12.png,12,2,True,6,1.0,1.0,True,True
n_back_488817.csv,488817,7,29350,1223.7000000476835,../../images/project_n_back/im39.png,39,1,False,0,0.0,0.0,True,
n_back_488817.csv,488817,9,31159,1305.2000000476835,../../images/project_n_back/im41.png,41,1,False,0,0.0,0.0,True,
n_back_488817.csv,488817,11,32341,678.5,../../images/project_n_back/im2.png,2,1,False,0,0.0,0.0,True,
n_back_488817.csv,488817,13,33466,620.7999999523163,../../images/project_n_back/im48.png,48,1,False,0,0.0,0.0,True,
n_back_488817.csv,488817,15,34574,603.7999999523163,../../images/project_n_back/im50.png,50,1,False,0,0.0,0.0,True,
n_back_488817.csv,488817,17,35708,630.4000000953674,../../images/project_n_back/im44.png,44,1,False,0,0.0,0.0,True,
n_back_488817.csv,488817,19,37389,1176.2999999523165,../../images/project_n_back/im33.png,33,1,False,0,1.0,0.0,False,
n_back_488817.csv,488817,21,39728,1835.700000047684,../../images/project_n_back/im35.png,35,1,False,0,0.0,0.0,True,
n_back_488817.csv,488817,23,41628,1396.0,../../images/project_n_back/im40.png,40,1,False,0,1.0,0.0,False,
n_back_488817.csv,488817,25,42892,760.2999999523163,../../images/project_n_back/im27.png,27,1,False,0,0.0,0.0,True,
n_back_488817.csv,488817,27,44058,661.7999999523163,../../images/project_n_back/im24.png,24,1,False,0,0.0,0.0,True,
n_back_488817.csv,488817,29,45818,1256.0,../../images/project_n_back/im41.png,41,2,True,10,1.0,1.0,True,True
n_back_488817.csv,488817,31,47165,842.5,../../images/project_n_back/im2.png,2,2,True,10,0.0,1.0,False,False
n_back_488817.csv,488817,33,48478,808.4000000953674,../../images/project_n_back/im53.png,53,1,False,0,0.0,0.0,True,
n_back_488817.csv,488817,35,50150,1167.7000000476835,../../images/project_n_back/im50.png,50,2,True,10,1.0,1.0,True,True
n_back_488817.csv,488817,37,51389,735.5999999046326,../../images/project_n_back/im46.png,46,1,False,0,0.0,0.0,True,
n_back_488817.csv,488817,39,53020,1126.7999999523165,../../images/project_n_back/im3.png,3,1,False,0,1.0,0.0,False,
n_back_488817.csv,488817,41,54259,735.1000001430511,../../images/project_n_back/im26.png,26,1,False,0,0.0,0.0,True,
n_back_488817.csv,488817,43,55808,1043.7999999523165,../../images/project_n_back/im40.png,40,2,True,10,0.0,1.0,False,False
n_back_488817.csv,488817,45,57032,721.2000000476837,../../images/project_n_back/im36.png,36,1,False,0,0.0,0.0,True,
n_back_488817.csv,488817,47,58484,947.0999999046326,../../images/project_n_back/im21.png,21,1,False,0,0.0,0.0,True,
n_back_488817.csv,488817,49,60318,1330.5,../../images/project_n_back/im10.png,10,1,False,0,0.0,0.0,True,
n_back_488817.csv,488817,51,61688,866.6000001430511,../../images/project_n_back/im52.png,52,1,False,0,0.0,0.0,True,
n_back_488817.csv,488817,53,63050,858.5,../../images/project_n_back/im19.png,19,1,False,0,0.0,0.0,True,
n_back_488817.csv,488817,55,64476,921.8999998569489,../../images/project_n_back/im42.png,42,1,False,0,0.0,0.0,True,
n_back_488817.csv,488817,57,65848,868.0999999046326,../../images/project_n_back/im56.png,56,1,False,0,0.0,0.0,True,
n_back_488817.csv,488817,59,67120,768.0999999046326,../../images/project_n_back/im17.png,17,1,False,0,0.0,0.0,True,
n_back_488817.csv,488817,61,68523,899.0999999046326,../../images/project_n_back/im31.png,31,1,False,0,0.0,0.0,True,
n_back_488817.csv,488817,63,70006,979.1000001430511,../../images/project_n_back/im49.png,49,1,False,0,1.0,0.0,False,
n_back_488817.csv,488817,65,71491,980.5,../../images/project_n_back/im32.png,32,1,False,0,0.0,0.0,True,
n_back_488817.csv,488817,67,73203,1209.3999998569489,../../images/project_n_back/im21.png,21,2,True,10,0.0,1.0,False,False
n_back_488817.csv,488817,69,75005,1298.2000000476835,../../images/project_n_back/im10.png,10,2,True,10,1.0,1.0,True,True
n_back_488817.csv,488817,71,76261,751.7999999523163,../../images/project_n_back/im52.png,52,2,True,10,0.0,1.0,False,False
n_back_488817.csv,488817,73,77664,899.2999999523163,../../images/project_n_back/im47.png,47,1,False,0,0.0,0.0,True,
n_back_488817.csv,488817,75,79148,980.2999999523164,../../images/project_n_back/im42.png,42,2,True,10,1.0,1.0,True,True
n_back_488817.csv,488817,77,80655,1004.3000001907347,../../images/project_n_back/im38.png,38,1,False,0,1.0,0.0,False,
n_back_488817.csv,488817,79,81888,729.7000000476837,../../images/project_n_back/im55.png,55,1,False,0,0.0,0.0,True,
n_back_488817.csv,488817,81,83013,622.2000000476837,../../images/project_n_back/im31.png,31,2,True,10,0.0,1.0,False,False
n_back_488817.csv,488817,83,84245,727.5,../../images/project_n_back/im13.png,13,1,False,0,0.0,0.0,True,
n_back_488817.csv,488817,85,85362,613.7999999523163,../../images/project_n_back/im32.png,32,2,True,10,0.0,1.0,False,False
n_back_488817.csv,488817,87,87253,1387.0999999046326,../../images/project_n_back/im22.png,22,1,False,0,0.0,0.0,True,
n_back_488817.csv,488817,89,88591,833.8000001907349,../../images/project_n_back/im51.png,51,1,False,0,0.0,0.0,True,
n_back_488817.csv,488817,91,89896,800.7999999523163,../../images/project_n_back/im30.png,30,1,False,0,0.0,0.0,True,
n_back_488817.csv,488817,93,91193,792.5,../../images/project_n_back/im34.png,34,1,False,0,0.0,0.0,True,
n_back_488817.csv,488817,95,92775,1077.8000001907349,../../images/project_n_back/im23.png,23,1,False,0,0.0,0.0,True,
n_back_488817.csv,488817,97,94414,1134.0,../../images/project_n_back/im4.png,4,1,False,0,0.0,0.0,True,
n_back_488817.csv,488817,99,97919,,../../images/project_n_back/im14.png,14,1,False,0,,0.0,False,
n_back_488817.csv,488817,101,99811,1387.7999999523165,../../images/project_n_back/im29.png,29,1,False,0,0.0,0.0,True,
n_back_488817.csv,488817,103,101401,1085.7000000476835,../../images/project_n_back/im28.png,28,1,False,0,0.0,0.0,True,
n_back_488817.csv,488817,105,102894,989.7999999523164,../../images/project_n_back/im54.png,54,1,False,0,0.0,0.0,True,
n_back_488817.csv,488817,107,104125,727.3999998569489,../../images/project_n_back/im22.png,22,2,True,10,0.0,1.0,False,False
n_back_488817.csv,488817,109,106107,1478.2999999523165,../../images/project_n_back/im51.png,51,2,True,10,1.0,1.0,True,True
n_back_488817.csv,488817,111,107843,1232.0,../../images/project_n_back/im30.png,30,2,True,10,0.0,1.0,False,False
n_back_488817.csv,488817,113,109124,776.6999998092651,../../images/project_n_back/im58.png,58,1,False,0,0.0,0.0,True,
n_back_488817.csv,488817,115,110584,955.6999998092653,../../images/project_n_back/im18.png,18,1,False,0,0.0,0.0,True,
n_back_488817.csv,488817,117,111774,686.9000000953674,../../images/project_n_back/im59.png,59,1,False,0,0.0,0.0,True,
n_back_488817.csv,488817,119,113120,841.0,../../images/project_n_back/im20.png,20,1,False,0,0.0,0.0,True,
n_back_488817.csv,488817,121,114408,784.5,../../images/project_n_back/im25.png,25,1,False,0,0.0,0.0,True,
n_back_488817.csv,488817,123,115713,800.6000001430511,../../images/project_n_back/im6.png,6,1,False,0,0.0,0.0,True,
n_back_488817.csv,488817,125,116960,744.5,../../images/project_n_back/im45.png,45,1,False,0,0.0,0.0,True,
n_back_488817.csv,488817,127,118192,727.2999999523163,../../images/project_n_back/im7.png,7,1,False,0,0.0,0.0,True,
n_back_488817.csv,488817,129,119301,605.0,../../images/project_n_back/im57.png,57,1,False,0,0.0,0.0,True,
n_back_488817.csv,488817,131,121152,1346.7000000476835,../../images/project_n_back/im1.png,1,1,False,0,1.0,0.0,False,
n_back_488817.csv,488817,133,122432,775.5,../../images/project_n_back/im16.png,16,1,False,0,0.0,0.0,True,
n_back_488817.csv,488817,135,123892,956.2999999523164,../../images/project_n_back/im0.png,0,1,False,0,0.0,0.0,True,
n_back_488817.csv,488817,137,125301,905.5,../../images/project_n_back/im15.png,15,1,False,0,0.0,0.0,True,
n_back_488817.csv,488817,139,126534,728.7999999523163,../../images/project_n_back/im20.png,20,2,True,10,0.0,1.0,False,False
n_back_488817.csv,488817,141,127887,849.3999998569489,../../images/project_n_back/im5.png,5,1,False,0,0.0,0.0,True,
n_back_488817.csv,488817,143,129077,686.2999999523163,../../images/project_n_back/im11.png,11,1,False,0,0.0,0.0,True,
n_back_488817.csv,488817,145,130431,849.8000001907349,../../images/project_n_back/im9.png,9,1,False,0,0.0,0.0,True,
n_back_488817.csv,488817,147,131834,897.8999998569489,../../images/project_n_back/im8.png,8,1,False,0,1.0,0.0,False,
n_back_488817.csv,488817,149,133065,727.2999999523163,../../images/project_n_back/im12.png,12,1,False,0,0.0,0.0,True,
n_back_488817.csv,488817,151,134296,726.9000000953674,../../images/project_n_back/im1.png,1,2,True,10,1.0,1.0,True,True
n_back_488817.csv,488817,153,135593,792.2999999523163,../../images/project_n_back/im43.png,43,1,False,0,0.0,0.0,True,
n_back_488817.csv,488817,155,137060,963.2000000476836,../../images/project_n_back/im0.png,0,2,True,10,0.0,1.0,False,False
n_back_488817.csv,488817,157,138219,654.9000000953674,../../images/project_n_back/im37.png,37,1,False,0,0.0,0.0,True,
n_back_488817.csv,488817,159,139735,1012.1999998092653,../../images/project_n_back/im11.png,11,2,True,8,0.0,1.0,False,False
n_back_488817.csv,488817,161,140926,685.7999999523163,../../images/project_n_back/im12.png,12,2,True,6,0.0,1.0,False,False
n_back_725124.csv,725124,7,18744,1721.5,../../images/project_n_back/im39.png,39,1,False,0,0.0,0.0,True,
n_back_725124.csv,725124,9,20440,1179.7999999970198,../../images/project_n_back/im41.png,41,1,False,0,1.0,0.0,False,
n_back_725124.csv,725124,11,22163,1205.4000000059605,../../images/project_n_back/im2.png,2,1,False,0,0.0,0.0,True,
n_back_725124.csv,725124,13,24274,1605.5999999940395,../../images/project_n_back/im48.png,48,1,False,0,0.0,0.0,True,
n_back_725124.csv,725124,15,25676,897.5,../../images/project_n_back/im50.png,50,1,False,0,0.0,0.0,True,
n_back_725124.csv,725124,17,27804,1617.5,../../images/project_n_back/im44.png,44,1,False,0,0.0,0.0,True,
n_back_725124.csv,725124,19,30005,1677.7000000029802,../../images/project_n_back/im33.png,33,1,False,0,1.0,0.0,False,
n_back_725124.csv,725124,21,31906,1384.0,../../images/project_n_back/im35.png,35,1,False,0,0.0,0.0,True,
n_back_725124.csv,725124,23,33499,1079.7999999970198,../../images/project_n_back/im40.png,40,1,False,0,0.0,0.0,True,
n_back_725124.csv,725124,25,35399,1397.0999999940395,../../images/project_n_back/im27.png,27,1,False,0,0.0,0.0,True,
n_back_725124.csv,725124,27,36974,1057.6000000089407,../../images/project_n_back/im24.png,24,1,False,0,0.0,0.0,True,
n_back_725124.csv,725124,29,38894,1409.7000000029802,../../images/project_n_back/im41.png,41,2,True,10,0.0,1.0,False,False
n_back_725124.csv,725124,31,40808,1409.0,../../images/project_n_back/im2.png,2,2,True,10,1.0,1.0,True,True
n_back_725124.csv,725124,33,42667,1345.5,../../images/project_n_back/im53.png,53,1,False,0,0.0,0.0,True,
n_back_725124.csv,725124,35,44148,975.3999999910592,../../images/project_n_back/im50.png,50,2,True,10,0.0,1.0,False,False
n_back_725124.csv,725124,37,45738,1085.5,../../images/project_n_back/im46.png,46,1,False,0,0.0,0.0,True,
n_back_725124.csv,725124,39,47705,1455.2000000029802,../../images/project_n_back/im3.png,3,1,False,0,0.0,0.0,True,
n_back_725124.csv,725124,41,49473,1253.3999999910593,../../images/project_n_back/im26.png,26,1,False,0,1.0,0.0,False,
n_back_725124.csv,725124,43,51424,1444.3999999910593,../../images/project_n_back/im40.png,40,2,True,10,1.0,1.0,True,True
n_back_725124.csv,725124,45,53143,1203.800000011921,../../images/project_n_back/im36.png,36,1,False,0,1.0,0.0,False,
n_back_725124.csv,725124,47,55872,2215.0,../../images/project_n_back/im21.png,21,1,False,0,0.0,0.0,True,
n_back_725124.csv,725124,49,57603,1218.2999999970198,../../images/project_n_back/im10.png,10,1,False,0,0.0,0.0,True,
n_back_725124.csv,725124,51,59139,1019.4000000059604,../../images/project_n_back/im52.png,52,1,False,0,0.0,0.0,True,
n_back_725124.csv,725124,53,60789,1140.7999999970198,../../images/project_n_back/im19.png,19,1,False,0,0.0,0.0,True,
n_back_725124.csv,725124,55,62432,1135.199999988079,../../images/project_n_back/im42.png,42,1,False,0,0.0,0.0,True,
n_back_725124.csv,725124,57,63931,993.0999999940396,../../images/project_n_back/im56.png,56,1,False,0,0.0,0.0,True,
n_back_725124.csv,725124,59,65476,1026.5,../../images/project_n_back/im17.png,17,1,False,0,0.0,0.0,True,
n_back_725124.csv,725124,61,67455,1464.2000000029802,../../images/project_n_back/im31.png,31,1,False,0,1.0,0.0,False,
n_back_725124.csv,725124,63,69389,1415.2999999970198,../../images/project_n_back/im49.png,49,1,False,0,0.0,0.0,True,
n_back_725124.csv,725124,65,71631,1732.800000011921,../../images/project_n_back/im32.png,32,1,False,0,0.0,0.0,True,
n_back_725124.csv,725124,67,73714,1564.7999999970198,../../images/project_n_back/im21.png,21,2,True,10,1.0,1.0,True,True
n_back_725124.csv,725124,69,75657,1433.5,../../images/project_n_back/im10.png,10,2,True,10,0.0,1.0,False,False
n_back_725124.csv,725124,71,77073,899.3999999910593,../../images/project_n_back/im52.png,52,2,True,10,0.0,1.0,False,False
n_back_725124.csv,725124,73,79156,1573.7000000029802,../../images/project_n_back/im47.png,47,1,False,0,0.0,0.0,True,
n_back_725124.csv,725124,75,81186,1521.699999988079,../../images/project_n_back/im42.png,42,2,True,10,0.0,1.0,False,False
n_back_725124.csv,725124,77,82834,1135.2999999970198,../../images/project_n_back/im38.png,38,1,False,0,0.0,0.0,True,
n_back_725124.csv,725124,79,84272,931.4000000059604,../../images/project_n_back/im55.png,55,1,False,0,0.0,0.0,True,
n_back_725124.csv,725124,81,86092,1306.4000000059605,../../images/project_n_back/im31.png,31,2,True,10,1.0,1.0,True,True
n_back_725124.csv,725124,83,87906,1310.2999999970198,../../images/project_n_back/im13.png,13,1,False,0,0.0,0.0,True,
n_back_725124.csv,725124,85,89691,1268.2000000029802,../../images/project_n_back/im32.png,32,2,True,10,1.0,1.0,True,True
n_back_725124.csv,725124,87,91713,1502.0,../../images/project_n_back/im22.png,22,1,False,0,0.0,0.0,True,
n_back_725124.csv,725124,89,93165,940.8000000119208,../../images/project_n_back/im51.png,51,1,False,0,0.0,0.0,True,
n_back_725124.csv,725124,91,94623,949.2999999970198,../../images/project_n_back/im30.png,30,1,False,0,0.0,0.0,True,
n_back_725124.csv,725124,93,96193,1064.2000000029802,../../images/project_n_back/im34.png,34,1,False,0,0.0,0.0,True,
n_back_725124.csv,725124,95,98037,1338.7999999970198,../../images/project_n_back/im23.png,23,1,False,0,1.0,0.0,False,
n_back_725124.csv,725124,97,99510,955.7999999970198,../../images/project_n_back/im4.png,4,1,False,0,0.0,0.0,True,
n_back_725124.csv,725124,99,100870,843.0,../../images/project_n_back/im14.png,14,1,False,0,0.0,0.0,True,
n_back_725124.csv,725124,101,103028,1646.4000000059605,../../images/project_n_back/im29.png,29,1,False,0,1.0,0.0,False,
n_back_725124.csv,725124,103,104717,1184.7999999970198,../../images/project_n_back/im28.png,28,1,False,0,0.0,0.0,True,
n_back_725124.csv,725124,105,106538,1312.4000000059605,../../images/project_n_back/im54.png,54,1,False,0,0.0,0.0,True,
n_back_725124.csv,725124,107,108161,1111.5999999940395,../../images/project_n_back/im22.png,22,2,True,10,0.0,1.0,False,False
n_back_725124.csv,725124,109,109532,865.0999999940395,../../images/project_n_back/im51.png,51,2,True,10,0.0,1.0,False,False
n_back_725124.csv,725124,111,110930,891.5999999940395,../../images/project_n_back/im30.png,30,2,True,10,0.0,1.0,False,False
n_back_725124.csv,725124,113,112714,1273.7999999970198,../../images/project_n_back/im58.png,58,1,False,0,0.0,0.0,True,
n_back_725124.csv,725124,115,114596,1377.4000000059605,../../images/project_n_back/im18.png,18,1,False,0,1.0,0.0,False,
n_back_725124.csv,725124,117,116171,1066.8999999910593,../../images/project_n_back/im59.png,59,1,False,0,0.0,0.0,True,
n_back_725124.csv,725124,119,117630,950.6000000089408,../../images/project_n_back/im20.png,20,1,False,0,0.0,0.0,True,
n_back_725124.csv,725124,121,119142,995.4000000059604,../../images/project_n_back/im25.png,25,1,False,0,0.0,0.0,True,
n_back_725124.csv,725124,123,120505,846.0999999940395,../../images/project_n_back/im6.png,6,1,False,0,0.0,0.0,True,
n_back_725124.csv,725124,125,121884,866.6999999880791,../../images/project_n_back/im45.png,45,1,False,0,0.0,0.0,True,
n_back_725124.csv,725124,127,123161,772.5999999940395,../../images/project_n_back/im7.png,7,1,False,0,0.0,0.0,True,
n_back_725124.csv,725124,129,124524,857.1000000089407,../../images/project_n_back/im57.png,57,1,False,0,0.0,0.0,True,
n_back_725124.csv,725124,131,125908,873.9000000059605,../../images/project_n_back/im1.png,1,1,False,0,0.0,0.0,True,
n_back_725124.csv,725124,133,127293,869.5999999940395,../../images/project_n_back/im16.png,16,1,False,0,0.0,0.0,True,
n_back_725124.csv,725124,135,128758,948.0,../../images/project_n_back/im0.png,0,1,False,0,0.0,0.0,True,
n_back_725124.csv,725124,137,130249,983.5,../../images/project_n_back/im15.png,15,1,False,0,0.0,0.0,True,
n_back_725124.csv,725124,139,132805,2048.9000000059605,../../images/project_n_back/im20.png,20,2,True,10,0.0,1.0,False,False
n_back_725124.csv,725124,141,134637,1321.7000000029802,../../images/project_n_back/im5.png,5,1,False,0,0.0,0.0,True,
n_back_725124.csv,725124,143,136465,1314.5,../../images/project_n_back/im11.png,11,1,False,0,0.0,0.0,True,
n_back_725124.csv,725124,145,138205,1233.5999999940395,../../images/project_n_back/im9.png,9,1,False,0,1.0,0.0,False,
n_back_725124.csv,725124,147,139699,980.2000000029802,../../images/project_n_back/im8.png,8,1,False,0,1.0,0.0,False,
n_back_725124.csv,725124,149,141466,1261.5,../../images/project_n_back/im12.png,12,1,False,0,0.0,0.0,True,
n_back_725124.csv,725124,151,143198,1224.2000000029802,../../images/project_n_back/im1.png,1,2,True,10,1.0,1.0,True,True
n_back_725124.csv,725124,153,145057,1347.9000000059605,../../images/project_n_back/im43.png,43,1,False,0,0.0,0.0,True,
n_back_725124.csv,725124,155,147243,1682.0,../../images/project_n_back/im0.png,0,2,True,10,1.0,1.0,True,True
n_back_725124.csv,725124,157,148993,1234.7000000029802,../../images/project_n_back/im37.png,37,1,False,0,1.0,0.0,False,
n_back_725124.csv,725124,159,150508,1010.7000000029802,../../images/project_n_back/im11.png,11,2,True,8,1.0,1.0,True,True
n_back_725124.csv,725124,161,152005,992.7999999970198,../../images/project_n_back/im12.png,12,2,True,6,1.0,1.0,True,True
n_back_951564.csv,951564,7,45354,1220.699999988079,../../images/project_n_back/im39.png,39,1,False,0,0.0,0.0,True,
n_back_951564.csv,951564,9,47131,1262.6000000089407,../../images/project_n_back/im41.png,41,1,False,0,0.0,0.0,True,
n_back_951564.csv,951564,11,48530,883.4000000059605,../../images/project_n_back/im2.png,2,1,False,0,0.0,0.0,True,
n_back_951564.csv,951564,13,50172,1124.7999999970198,../../images/project_n_back/im48.png,48,1,False,0,1.0,0.0,False,
n_back_951564.csv,951564,15,51908,1225.5,../../images/project_n_back/im50.png,50,1,False,0,0.0,0.0,True,
n_back_951564.csv,951564,17,53597,1172.7999999970198,../../images/project_n_back/im44.png,44,1,False,0,0.0,0.0,True,
n_back_951564.csv,951564,19,55251,1144.0,../../images/project_n_back/im33.png,33,1,False,0,1.0,0.0,False,
n_back_951564.csv,951564,21,56778,1015.0999999940396,../../images/project_n_back/im35.png,35,1,False,0,0.0,0.0,True,
n_back_951564.csv,951564,23,58667,1378.5999999940395,../../images/project_n_back/im40.png,40,1,False,0,0.0,0.0,True,
n_back_951564.csv,951564,25,61415,2240.5,../../images/project_n_back/im27.png,27,1,False,0,0.0,0.0,True,
n_back_951564.csv,951564,27,62780,851.0,../../images/project_n_back/im24.png,24,1,False,0,0.0,0.0,True,
n_back_951564.csv,951564,29,65239,1950.70000000298,../../images/project_n_back/im41.png,41,2,True,10,1.0,1.0,True,True
n_back_951564.csv,951564,31,66922,1179.2000000029802,../../images/project_n_back/im2.png,2,2,True,10,1.0,1.0,True,True
n_back_951564.csv,951564,33,68232,797.2000000029802,../../images/project_n_back/im53.png,53,1,False,0,0.0,0.0,True,
n_back_951564.csv,951564,35,69930,1183.9000000059605,../../images/project_n_back/im50.png,50,2,True,10,1.0,1.0,True,True
n_back_951564.csv,951564,37,72426,1992.29999999702,../../images/project_n_back/im46.png,46,1,False,0,0.0,0.0,True,
n_back_951564.csv,951564,39,74069,1140.0999999940395,../../images/project_n_back/im3.png,3,1,False,0,0.0,0.0,True,
n_back_951564.csv,951564,41,75872,1288.7000000029802,../../images/project_n_back/im26.png,26,1,False,0,0.0,0.0,True,
n_back_951564.csv,951564,43,77307,930.8000000119208,../../images/project_n_back/im40.png,40,2,True,10,1.0,1.0,True,True
n_back_951564.csv,951564,45,78849,1024.5999999940395,../../images/project_n_back/im36.png,36,1,False,0,1.0,0.0,False,
n_back_951564.csv,951564,47,80050,692.7000000029802,../../images/project_n_back/im21.png,21,1,False,0,0.0,0.0,True,
n_back_951564.csv,951564,49,81530,962.2000000029802,../../images/project_n_back/im10.png,10,1,False,0,0.0,0.0,True,
n_back_951564.csv,951564,51,82887,843.2000000029802,../../images/project_n_back/im52.png,52,1,False,0,0.0,0.0,True,
n_back_951564.csv,951564,53,84476,1076.2000000029802,../../images/project_n_back/im19.png,19,1,False,0,0.0,0.0,True,
n_back_951564.csv,951564,55,86131,1144.0,../../images/project_n_back/im42.png,42,1,False,0,1.0,0.0,False,
n_back_951564.csv,951564,57,87693,1049.5,../../images/project_n_back/im56.png,56,1,False,0,0.0,0.0,True,
n_back_951564.csv,951564,59,89118,917.8000000119208,../../images/project_n_back/im17.png,17,1,False,0,0.0,0.0,True,
n_back_951564.csv,951564,61,90535,902.0999999940396,../../images/project_n_back/im31.png,31,1,False,0,0.0,0.0,True,
n_back_951564.csv,951564,63,92203,1158.2999999970198,../../images/project_n_back/im49.png,49,1,False,0,1.0,0.0,False,
n_back_951564.csv,951564,65,93624,913.1999999880792,../../images/project_n_back/im32.png,32,1,False,0,0.0,0.0,True,
n_back_951564.csv,951564,67,95111,969.2999999970198,../../images/project_n_back/im21.png,21,2,True,10,0.0,1.0,False,False
n_back_951564.csv,951564,69,97017,1388.699999988079,../../images/project_n_back/im10.png,10,2,True,10,1.0,1.0,True,True
n_back_951564.csv,951564,71,98635,1103.7999999970198,../../images/project_n_back/im52.png,52,2,True,10,1.0,1.0,True,True
n_back_951564.csv,951564,73,100747,1608.1000000089407,../../images/project_n_back/im47.png,47,1,False,0,0.0,0.0,True,
n_back_951564.csv,951564,75,102476,1225.9000000059605,../../images/project_n_back/im42.png,42,2,True,10,1.0,1.0,True,True
n_back_951564.csv,951564,77,104056,1069.0,../../images/project_n_back/im38.png,38,1,False,0,0.0,0.0,True,
n_back_951564.csv,951564,79,105331,765.7000000029802,../../images/project_n_back/im55.png,55,1,False,0,0.0,0.0,True,
n_back_951564.csv,951564,81,107364,1517.800000011921,../../images/project_n_back/im31.png,31,2,True,10,1.0,1.0,True,True
n_back_951564.csv,951564,83,108989,1115.2000000029802,../../images/project_n_back/im13.png,13,1,False,0,1.0,0.0,False,
n_back_951564.csv,951564,85,110763,1270.8999999910593,../../images/project_n_back/im32.png,32,2,True,10,1.0,1.0,True,True
n_back_951564.csv,951564,87,112162,894.7000000029802,../../images/project_n_back/im22.png,22,1,False,0,0.0,0.0,True,
n_back_951564.csv,951564,89,113717,1040.7000000029802,../../images/project_n_back/im51.png,51,1,False,0,1.0,0.0,False,
n_back_951564.csv,951564,91,115501,1279.800000011921,../../images/project_n_back/im30.png,30,1,False,0,0.0,0.0,True,
n_back_951564.csv,951564,93,116994,981.9000000059604,../../images/project_n_back/im34.png,34,1,False,0,1.0,0.0,False,
n_back_951564.csv,951564,95,119053,1548.0,../../images/project_n_back/im23.png,23,1,False,0,1.0,0.0,False,
n_back_951564.csv,951564,97,121013,1456.3999999910593,../../images/project_n_back/im4.png,4,1,False,0,0.0,0.0,True,
n_back_951564.csv,951564,99,122709,1187.5,../../images/project_n_back/im14.png,14,1,False,0,1.0,0.0,False,
n_back_951564.csv,951564,101,124115,900.4000000059605,../../images/project_n_back/im29.png,29,1,False,0,0.0,0.0,True,
n_back_951564.csv,951564,103,125625,1003.0,../../images/project_n_back/im28.png,28,1,False,0,0.0,0.0,True,
n_back_951564.csv,951564,105,127308,1176.2000000029802,../../images/project_n_back/im54.png,54,1,False,0,0.0,0.0,True,
n_back_951564.csv,951564,107,128913,1094.4000000059605,../../images/project_n_back/im22.png,22,2,True,10,0.0,1.0,False,False
n_back_951564.csv,951564,109,130201,776.0,../../images/project_n_back/im51.png,51,2,True,10,1.0,1.0,True,True
n_back_951564.csv,951564,111,132045,1336.3999999910593,../../images/project_n_back/im30.png,30,2,True,10,1.0,1.0,True,True
n_back_951564.csv,951564,113,133551,1002.2999999970198,../../images/project_n_back/im58.png,58,1,False,0,1.0,0.0,False,
n_back_951564.csv,951564,115,135424,1367.5999999940395,../../images/project_n_back/im18.png,18,1,False,0,0.0,0.0,True,
n_back_951564.csv,951564,117,136983,1049.4000000059605,../../images/project_n_back/im59.png,59,1,False,0,0.0,0.0,True,
n_back_951564.csv,951564,119,138642,1152.2999999970198,../../images/project_n_back/im20.png,20,1,False,0,1.0,0.0,False,
n_back_951564.csv,951564,121,140459,1314.2000000029802,../../images/project_n_back/im25.png,25,1,False,0,0.0,0.0,True,
n_back_951564.csv,951564,123,142034,1063.7000000029802,../../images/project_n_back/im6.png,6,1,False,0,0.0,0.0,True,
n_back_951564.csv,951564,125,143675,1137.7999999970198,../../images/project_n_back/im45.png,45,1,False,0,0.0,0.0,True,
n_back_951564.csv,951564,127,145371,1190.2999999970198,../../images/project_n_back/im7.png,7,1,False,0,0.0,0.0,True,
n_back_951564.csv,951564,129,147191,1316.0,../../images/project_n_back/im57.png,57,1,False,0,0.0,0.0,True,
n_back_951564.csv,951564,131,148634,927.6000000089408,../../images/project_n_back/im1.png,1,1,False,0,0.0,0.0,True,
n_back_951564.csv,951564,133,150069,926.3000000119208,../../images/project_n_back/im16.png,16,1,False,0,0.0,0.0,True,
n_back_951564.csv,951564,135,151798,1210.199999988079,../../images/project_n_back/im0.png,0,1,False,0,1.0,0.0,False,
n_back_951564.csv,951564,137,153204,903.2999999970198,../../images/project_n_back/im15.png,15,1,False,0,0.0,0.0,True,
n_back_951564.csv,951564,139,154932,1214.7999999970198,../../images/project_n_back/im20.png,20,2,True,10,0.0,1.0,False,False
n_back_951564.csv,951564,141,156335,886.5,../../images/project_n_back/im5.png,5,1,False,0,0.0,0.0,True,
n_back_951564.csv,951564,143,157997,1153.2999999970198,../../images/project_n_back/im11.png,11,1,False,0,1.0,0.0,False,
n_back_951564.csv,951564,145,159424,916.0999999940396,../../images/project_n_back/im9.png,9,1,False,0,0.0,0.0,True,
n_back_951564.csv,951564,147,161173,1238.0,../../images/project_n_back/im8.png,8,1,False,0,0.0,0.0,True,
n_back_951564.csv,951564,149,163340,1662.9000000059605,../../images/project_n_back/im12.png,12,1,False,0,0.0,0.0,True,
n_back_951564.csv,951564,151,164849,1005.4000000059604,../../images/project_n_back/im1.png,1,2,True,10,0.0,1.0,False,False
n_back_951564.csv,951564,153,166325,974.0999999940396,../../images/project_n_back/im43.png,43,1,False,0,1.0,0.0,False,
n_back_951564.csv,951564,155,168545,1705.7999999970198,../../images/project_n_back/im0.png,0,2,True,10,0.0,1.0,False,False
n_back_951564.csv,951564,157,170034,982.7999999970198,../../images/project_n_back/im37.png,37,1,False,0,1.0,0.0,False,
n_back_951564.csv,951564,159,171676,1127.0,../../images/project_n_back/im11.png,11,2,True,8,1.0,1.0,True,True
n_back_951564.csv,951564,161,173380,1189.1000000089407,../../images/project_n_back/im12.png,12,2,True,6,0.0,1.0,False,False
n_back_220029.csv,220029,7,12415,1401.0,../../images/project_n_back/im39.png,39,1,False,0,0.0,0.0,True,
n_back_220029.csv,220029,9,13844,921.0,../../images/project_n_back/im41.png,41,1,False,0,0.0,0.0,True,
n_back_220029.csv,220029,11,15322,970.0,../../images/project_n_back/im2.png,2,1,False,0,0.0,0.0,True,
n_back_220029.csv,220029,13,16650,820.9999999999982,../../images/project_n_back/im48.png,48,1,False,0,0.0,0.0,True,
n_back_220029.csv,220029,15,18765,1607.0,../../images/project_n_back/im50.png,50,1,False,0,0.0,0.0,True,
n_back_220029.csv,220029,17,20584,1309.9999999999964,../../images/project_n_back/im44.png,44,1,False,0,0.0,0.0,True,
n_back_220029.csv,220029,19,22500,1409.0000000000036,../../images/project_n_back/im33.png,33,1,False,0,1.0,0.0,False,
n_back_220029.csv,220029,21,23980,973.0,../../images/project_n_back/im35.png,35,1,False,0,1.0,0.0,False,
n_back_220029.csv,220029,23,25361,874.0,../../images/project_n_back/im40.png,40,1,False,0,1.0,0.0,False,
n_back_220029.csv,220029,25,26927,1058.0,../../images/project_n_back/im27.png,27,1,False,0,0.0,0.0,True,
n_back_220029.csv,220029,27,28559,1125.0,../../images/project_n_back/im24.png,24,1,False,0,0.0,0.0,True,
n_back_220029.csv,220029,29,30080,1015.9999999999964,../../images/project_n_back/im41.png,41,2,True,10,1.0,1.0,True,True
n_back_220029.csv,220029,31,31350,765.0,../../images/project_n_back/im2.png,2,2,True,10,1.0,1.0,True,True
n_back_220029.csv,220029,33,33355,1498.0,../../images/project_n_back/im53.png,53,1,False,0,0.0,0.0,True,
n_back_220029.csv,220029,35,35471,1610.0,../../images/project_n_back/im50.png,50,2,True,10,0.0,1.0,False,False
n_back_220029.csv,220029,37,37055,1075.0000000000073,../../images/project_n_back/im46.png,46,1,False,0,1.0,0.0,False,
n_back_220029.csv,220029,39,38351,788.0,../../images/project_n_back/im3.png,3,1,False,0,1.0,0.0,False,
n_back_220029.csv,220029,41,40925,2067.0,../../images/project_n_back/im26.png,26,1,False,0,1.0,0.0,False,
n_back_220029.csv,220029,43,42520,1090.0,../../images/project_n_back/im40.png,40,2,True,10,1.0,1.0,True,True
n_back_220029.csv,220029,45,45063,2034.0,../../images/project_n_back/im36.png,36,1,False,0,1.0,0.0,False,
n_back_220029.csv,220029,47,47350,1780.0,../../images/project_n_back/im21.png,21,1,False,0,1.0,0.0,False,
n_back_220029.csv,220029,49,50859,,../../images/project_n_back/im10.png,10,1,False,0,,0.0,False,
n_back_220029.csv,220029,51,54366,,../../images/project_n_back/im52.png,52,1,False,0,,0.0,False,
n_back_220029.csv,220029,53,56544,1668.0,../../images/project_n_back/im19.png,19,1,False,0,1.0,0.0,False,
n_back_220029.csv,220029,55,58418,1366.9999999999927,../../images/project_n_back/im42.png,42,1,False,0,1.0,0.0,False,
n_back_220029.csv,220029,57,60578,1653.0,../../images/project_n_back/im56.png,56,1,False,0,0.0,0.0,True,
n_back_220029.csv,220029,59,62073,987.0,../../images/project_n_back/im17.png,17,1,False,0,0.0,0.0,True,
n_back_220029.csv,220029,61,63944,1363.0000000000073,../../images/project_n_back/im31.png,31,1,False,0,1.0,0.0,False,
n_back_220029.csv,220029,63,65164,713.0000000000073,../../images/project_n_back/im49.png,49,1,False,0,1.0,0.0,False,
n_back_220029.csv,220029,65,66306,634.0,../../images/project_n_back/im32.png,32,1,False,0,1.0,0.0,False,
n_back_220029.csv,220029,67,67638,827.0000000000146,../../images/project_n_back/im21.png,21,2,True,10,1.0,1.0,True,True
n_back_220029.csv,220029,69,68796,653.0,../../images/project_n_back/im10.png,10,2,True,10,1.0,1.0,True,True
n_back_220029.csv,220029,71,70126,824.0,../../images/project_n_back/im52.png,52,2,True,10,1.0,1.0,True,True
n_back_220029.csv,220029,73,71325,692.0,../../images/project_n_back/im47.png,47,1,False,0,1.0,0.0,False,
n_back_220029.csv,220029,75,72683,852.0,../../images/project_n_back/im42.png,42,2,True,10,1.0,1.0,True,True
n_back_220029.csv,220029,77,73934,743.0,../../images/project_n_back/im38.png,38,1,False,0,1.0,0.0,False,
n_back_220029.csv,220029,79,75670,1229.0,../../images/project_n_back/im55.png,55,1,False,0,1.0,0.0,False,
n_back_220029.csv,220029,81,76900,724.0000000000146,../../images/project_n_back/im31.png,31,2,True,10,1.0,1.0,True,True
n_back_220029.csv,220029,83,78358,949.0,../../images/project_n_back/im13.png,13,1,False,0,1.0,0.0,False,
n_back_220029.csv,220029,85,79798,936.0,../../images/project_n_back/im32.png,32,2,True,10,1.0,1.0,True,True
n_back_220029.csv,220029,87,81086,780.0,../../images/project_n_back/im22.png,22,1,False,0,1.0,0.0,False,
n_back_220029.csv,220029,89,82405,811.0,../../images/project_n_back/im51.png,51,1,False,0,1.0,0.0,False,
n_back_220029.csv,220029,91,83888,974.9999999999854,../../images/project_n_back/im30.png,30,1,False,0,1.0,0.0,False,
n_back_220029.csv,220029,93,85220,825.9999999999854,../../images/project_n_back/im34.png,34,1,False,0,1.0,0.0,False,
n_back_220029.csv,220029,95,86533,806.0,../../images/project_n_back/im23.png,23,1,False,0,1.0,0.0,False,
n_back_220029.csv,220029,97,87891,850.0000000000146,../../images/project_n_back/im4.png,4,1,False,0,1.0,0.0,False,
n_back_220029.csv,220029,99,89593,1193.0,../../images/project_n_back/im14.png,14,1,False,0,1.0,0.0,False,
n_back_220029.csv,220029,101,91162,1062.0000000000146,../../images/project_n_back/im29.png,29,1,False,0,1.0,0.0,False,
n_back_220029.csv,220029,103,92651,981.0,../../images/project_n_back/im28.png,28,1,False,0,1.0,0.0,False,
n_back_220029.csv,220029,105,93931,771.0,../../images/project_n_back/im54.png,54,1,False,0,1.0,0.0,False,
n_back_220029.csv,220029,107,95250,814.0,../../images/project_n_back/im22.png,22,2,True,10,1.0,1.0,True,True
n_back_220029.csv,220029,109,96522,767.0000000000146,../../images/project_n_back/im51.png,51,2,True,10,1.0,1.0,True,True
n_back_220029.csv,220029,111,97858,831.0,../../images/project_n_back/im30.png,30,2,True,10,1.0,1.0,True,True
n_back_220029.csv,220029,113,99277,910.0,../../images/project_n_back/im58.png,58,1,False,0,1.0,0.0,False,
n_back_220029.csv,220029,115,100574,788.9999999999854,../../images/project_n_back/im18.png,18,1,False,0,1.0,0.0,False,
n_back_220029.csv,220029,117,102577,1496.0,../../images/project_n_back/im59.png,59,1,False,0,0.0,0.0,True,
n_back_220029.csv,220029,119,103760,676.0,../../images/project_n_back/im20.png,20,1,False,0,1.0,0.0,False,
n_back_220029.csv,220029,121,104891,624.0000000000146,../../images/project_n_back/im25.png,25,1,False,0,1.0,0.0,False,
n_back_220029.csv,220029,123,106346,946.0,../../images/project_n_back/im6.png,6,1,False,0,0.0,0.0,True,
n_back_220029.csv,220029,125,108069,1216.0,../../images/project_n_back/im45.png,45,1,False,0,0.0,0.0,True,
n_back_220029.csv,220029,127,109454,877.0,../../images/project_n_back/im7.png,7,1,False,0,1.0,0.0,False,
n_back_220029.csv,220029,129,110781,819.0000000000146,../../images/project_n_back/im57.png,57,1,False,0,1.0,0.0,False,
n_back_220029.csv,220029,131,112314,1024.0,../../images/project_n_back/im1.png,1,1,False,0,1.0,0.0,False,
n_back_220029.csv,220029,133,113686,864.0,../../images/project_n_back/im16.png,16,1,False,0,1.0,0.0,False,
n_back_220029.csv,220029,135,115667,1474.0,../../images/project_n_back/im0.png,0,1,False,0,0.0,0.0,True,
n_back_220029.csv,220029,137,117498,1323.0,../../images/project_n_back/im15.png,15,1,False,0,0.0,0.0,True,
n_back_220029.csv,220029,139,118983,980.0,../../images/project_n_back/im20.png,20,2,True,10,1.0,1.0,True,True
n_back_220029.csv,220029,141,120264,772.0000000000146,../../images/project_n_back/im5.png,5,1,False,0,1.0,0.0,False,
n_back_220029.csv,220029,143,121591,819.0,../../images/project_n_back/im11.png,11,1,False,0,1.0,0.0,False,
n_back_220029.csv,220029,145,123129,1030.0,../../images/project_n_back/im9.png,9,1,False,0,1.0,0.0,False,
n_back_220029.csv,220029,147,124642,1006.0,../../images/project_n_back/im8.png,8,1,False,0,1.0,0.0,False,
n_back_220029.csv,220029,149,126637,1486.9999999999854,../../images/project_n_back/im12.png,12,1,False,0,1.0,0.0,False,
n_back_220029.csv,220029,151,130143,,../../images/project_n_back/im1.png,1,2,True,10,,1.0,False,False
n_back_220029.csv,220029,153,132968,2316.0,../../images/project_n_back/im43.png,43,1,False,0,1.0,0.0,False,
n_back_220029.csv,220029,155,134291,819.0,../../images/project_n_back/im0.png,0,2,True,10,1.0,1.0,True,True
n_back_220029.csv,220029,157,135714,916.0000000000292,../../images/project_n_back/im37.png,37,1,False,0,1.0,0.0,False,
n_back_220029.csv,220029,159,137347,1128.0,../../images/project_n_back/im11.png,11,2,True,8,0.0,1.0,False,False
n_back_220029.csv,220029,161,139089,1237.000000000029,../../images/project_n_back/im12.png,12,2,True,6,1.0,1.0,True,True
n_back_449225.csv,449225,7,23583,1767.1999999955297,../../images/project_n_back/im39.png,39,1,False,0,0.0,0.0,True,
n_back_449225.csv,449225,9,25517,1429.3000000044703,../../images/project_n_back/im41.png,41,1,False,0,0.0,0.0,True,
n_back_449225.csv,449225,11,27133,1112.89999999851,../../images/project_n_back/im2.png,2,1,False,0,0.0,0.0,True,
n_back_449225.csv,449225,13,29317,1680.60000000149,../../images/project_n_back/im48.png,48,1,False,0,1.0,0.0,False,
n_back_449225.csv,449225,15,31534,1712.7000000029802,../../images/project_n_back/im50.png,50,1,False,0,0.0,0.0,True,
n_back_449225.csv,449225,17,35039,,../../images/project_n_back/im44.png,44,1,False,0,,0.0,False,
n_back_449225.csv,449225,19,36801,1258.9000000059605,../../images/project_n_back/im33.png,33,1,False,0,0.0,0.0,True,
n_back_449225.csv,449225,21,39134,1829.70000000298,../../images/project_n_back/im35.png,35,1,False,0,0.0,0.0,True,
n_back_449225.csv,449225,23,40802,1164.1999999955297,../../images/project_n_back/im40.png,40,1,False,0,1.0,0.0,False,
n_back_449225.csv,449225,25,42402,1096.89999999851,../../images/project_n_back/im27.png,27,1,False,0,0.0,0.0,True,
n_back_449225.csv,449225,27,44184,1279.5999999940395,../../images/project_n_back/im24.png,24,1,False,0,0.0,0.0,True,
n_back_449225.csv,449225,29,45802,1114.60000000149,../../images/project_n_back/im41.png,41,2,True,10,1.0,1.0,True,True
n_back_449225.csv,449225,31,47769,1464.0999999940395,../../images/project_n_back/im2.png,2,2,True,10,0.0,1.0,False,False
n_back_449225.csv,449225,33,49586,1313.2999999970198,../../images/project_n_back/im53.png,53,1,False,0,0.0,0.0,True,
n_back_449225.csv,449225,35,51403,1314.6999999955297,../../images/project_n_back/im50.png,50,2,True,10,1.0,1.0,True,True
n_back_449225.csv,449225,37,53319,1413.2999999970198,../../images/project_n_back/im46.png,46,1,False,0,0.0,0.0,True,
n_back_449225.csv,449225,39,55154,1330.9000000059605,../../images/project_n_back/im3.png,3,1,False,0,0.0,0.0,True,
n_back_449225.csv,449225,41,57404,1746.89999999851,../../images/project_n_back/im26.png,26,1,False,0,1.0,0.0,False,
n_back_449225.csv,449225,43,59254,1346.5,../../images/project_n_back/im40.png,40,2,True,10,1.0,1.0,True,True
n_back_449225.csv,449225,45,61237,1480.3000000044703,../../images/project_n_back/im36.png,36,1,False,0,0.0,0.0,True,
n_back_449225.csv,449225,47,63104,1363.89999999851,../../images/project_n_back/im21.png,21,1,False,0,0.0,0.0,True,
n_back_449225.csv,449225,49,64721,1115.5,../../images/project_n_back/im10.png,10,1,False,0,0.0,0.0,True,
n_back_449225.csv,449225,51,66538,1313.8000000044703,../../images/project_n_back/im52.png,52,1,False,0,0.0,0.0,True,
n_back_449225.csv,449225,53,68555,1514.3000000044703,../../images/project_n_back/im19.png,19,1,False,0,0.0,0.0,True,
n_back_449225.csv,449225,55,70471,1413.0999999940395,../../images/project_n_back/im42.png,42,1,False,0,0.0,0.0,True,
n_back_449225.csv,449225,57,72154,1179.60000000149,../../images/project_n_back/im56.png,56,1,False,0,0.0,0.0,True,
n_back_449225.csv,449225,59,73888,1231.60000000149,../../images/project_n_back/im17.png,17,1,False,0,0.0,0.0,True,
n_back_449225.csv,449225,61,75439,1045.7999999970198,../../images/project_n_back/im31.png,31,1,False,0,0.0,0.0,True,
n_back_449225.csv,449225,63,77306,1363.39999999851,../../images/project_n_back/im49.png,49,1,False,0,1.0,0.0,False,
n_back_449225.csv,449225,65,79239,1430.0,../../images/project_n_back/im32.png,32,1,False,0,1.0,0.0,False,
n_back_449225.csv,449225,67,80939,1198.0,../../images/project_n_back/im21.png,21,2,True,10,1.0,1.0,True,True
n_back_449225.csv,449225,69,82340,897.8999999985099,../../images/project_n_back/im10.png,10,2,True,10,1.0,1.0,True,True
n_back_449225.csv,449225,71,83723,880.0,../../images/project_n_back/im52.png,52,2,True,10,1.0,1.0,True,True
n_back_449225.csv,449225,73,85523,1296.10000000149,../../images/project_n_back/im47.png,47,1,False,0,0.0,0.0,True,
n_back_449225.csv,449225,75,87124,1098.2999999970198,../../images/project_n_back/im42.png,42,2,True,10,1.0,1.0,True,True
n_back_449225.csv,449225,77,89457,1829.70000000298,../../images/project_n_back/im38.png,38,1,False,0,0.0,0.0,True,
n_back_449225.csv,449225,79,91373,1413.2000000029802,../../images/project_n_back/im55.png,55,1,False,0,1.0,0.0,False,
n_back_449225.csv,449225,81,92907,1031.60000000149,../../images/project_n_back/im31.png,31,2,True,10,1.0,1.0,True,True
n_back_449225.csv,449225,83,94574,1163.0999999940395,../../images/project_n_back/im13.png,13,1,False,0,1.0,0.0,False,
n_back_449225.csv,449225,85,96041,964.0,../../images/project_n_back/im32.png,32,2,True,10,1.0,1.0,True,True
n_back_449225.csv,449225,87,97691,1146.5,../../images/project_n_back/im22.png,22,1,False,0,0.0,0.0,True,
n_back_449225.csv,449225,89,99425,1230.7999999970198,../../images/project_n_back/im51.png,51,1,False,0,0.0,0.0,True,
n_back_449225.csv,449225,91,101091,1162.89999999851,../../images/project_n_back/im30.png,30,1,False,0,0.0,0.0,True,
n_back_449225.csv,449225,93,102842,1247.7000000029802,../../images/project_n_back/im34.png,34,1,False,0,0.0,0.0,True,
n_back_449225.csv,449225,95,104591,1246.5,../../images/project_n_back/im23.png,23,1,False,0,0.0,0.0,True,
n_back_449225.csv,449225,97,106308,1214.5,../../images/project_n_back/im4.png,4,1,False,0,0.0,0.0,True,
n_back_449225.csv,449225,99,107925,1114.39999999851,../../images/project_n_back/im14.png,14,1,False,0,0.0,0.0,True,
n_back_449225.csv,449225,101,109576,1147.60000000149,../../images/project_n_back/im29.png,29,1,False,0,0.0,0.0,True,
n_back_449225.csv,449225,103,111109,1029.8000000044703,../../images/project_n_back/im28.png,28,1,False,0,0.0,0.0,True,
n_back_449225.csv,449225,105,113459,1847.29999999702,../../images/project_n_back/im54.png,54,1,False,0,0.0,0.0,True,
n_back_449225.csv,449225,107,115626,1664.0,../../images/project_n_back/im22.png,22,2,True,10,0.0,1.0,False,False
n_back_449225.csv,449225,109,117276,1147.39999999851,../../images/project_n_back/im51.png,51,2,True,10,0.0,1.0,False,False
n_back_449225.csv,449225,111,118776,996.2000000029802,../../images/project_n_back/im30.png,30,2,True,10,1.0,1.0,True,True
n_back_449225.csv,449225,113,120527,1247.60000000149,../../images/project_n_back/im58.png,58,1,False,0,0.0,0.0,True,
n_back_449225.csv,449225,115,122010,980.89999999851,../../images/project_n_back/im18.png,18,1,False,0,1.0,0.0,False,
n_back_449225.csv,449225,117,123510,996.10000000149,../../images/project_n_back/im59.png,59,1,False,0,1.0,0.0,False,
n_back_449225.csv,449225,119,125177,1163.5,../../images/project_n_back/im20.png,20,1,False,0,0.0,0.0,True,
n_back_449225.csv,449225,121,126827,1147.3000000044703,../../images/project_n_back/im25.png,25,1,False,0,0.0,0.0,True,
n_back_449225.csv,449225,123,128511,1180.5,../../images/project_n_back/im6.png,6,1,False,0,0.0,0.0,True,
n_back_449225.csv,449225,125,130143,1130.1999999955297,../../images/project_n_back/im45.png,45,1,False,0,1.0,0.0,False,
n_back_449225.csv,449225,127,131744,1098.1999999955297,../../images/project_n_back/im7.png,7,1,False,0,0.0,0.0,True,
n_back_449225.csv,449225,129,133811,1562.7999999970198,../../images/project_n_back/im57.png,57,1,False,0,0.0,0.0,True,
n_back_449225.csv,449225,131,135745,1430.3000000044703,../../images/project_n_back/im1.png,1,1,False,0,0.0,0.0,True,
n_back_449225.csv,449225,133,137411,1163.7999999970198,../../images/project_n_back/im16.png,16,1,False,0,0.0,0.0,True,
n_back_449225.csv,449225,135,139128,1213.7000000029802,../../images/project_n_back/im0.png,0,1,False,0,0.0,0.0,True,
n_back_449225.csv,449225,137,140846,1213.5,../../images/project_n_back/im15.png,15,1,False,0,0.0,0.0,True,
n_back_449225.csv,449225,139,142845,1496.89999999851,../../images/project_n_back/im20.png,20,2,True,10,0.0,1.0,False,False
n_back_449225.csv,449225,141,144379,1030.2999999970198,../../images/project_n_back/im5.png,5,1,False,0,1.0,0.0,False,
n_back_449225.csv,449225,143,146313,1431.1999999955297,../../images/project_n_back/im11.png,11,1,False,0,0.0,0.0,True,
n_back_449225.csv,449225,145,147929,1113.39999999851,../../images/project_n_back/im9.png,9,1,False,0,1.0,0.0,False,
n_back_449225.csv,449225,147,149696,1263.4000000059605,../../images/project_n_back/im8.png,8,1,False,0,0.0,0.0,True,
n_back_449225.csv,449225,149,151396,1197.10000000149,../../images/project_n_back/im12.png,12,1,False,0,0.0,0.0,True,
n_back_449225.csv,449225,151,152829,930.5,../../images/project_n_back/im1.png,1,2,True,10,1.0,1.0,True,True
n_back_449225.csv,449225,153,155346,2014.3999999985097,../../images/project_n_back/im43.png,43,1,False,0,1.0,0.0,False,
n_back_449225.csv,449225,155,156980,1131.0,../../images/project_n_back/im0.png,0,2,True,10,1.0,1.0,True,True
n_back_449225.csv,449225,157,158713,1230.2999999970198,../../images/project_n_back/im37.png,37,1,False,0,0.0,0.0,True,
n_back_449225.csv,449225,159,160463,1247.2999999970198,../../images/project_n_back/im11.png,11,2,True,8,0.0,1.0,False,False
n_back_449225.csv,449225,161,162131,1164.39999999851,../../images/project_n_back/im12.png,12,2,True,6,0.0,1.0,False,False
n_back_407608_Parsa.csv,Parsa,7,13270,1628.9000000059605,../../images/project_n_back/im39.png,39,1,False,0,0.0,0.0,True,
n_back_407608_Parsa.csv,Parsa,9,14486,711.9000000059605,../../images/project_n_back/im41.png,41,1,False,0,0.0,0.0,True,
n_back_407608_Parsa.csv,Parsa,11,15753,763.0999999940395,../../images/project_n_back/im2.png,2,1,False,0,0.0,0.0,True,
n_back_407608_Parsa.csv,Parsa,13,17070,812.1000000089407,../../images/project_n_back/im48.png,48,1,False,0,0.0,0.0,True,
n_back_407608_Parsa.csv,Parsa,15,18436,862.9000000059605,../../images/project_n_back/im50.png,50,1,False,0,0.0,0.0,True,
n_back_407608_Parsa.csv,Parsa,17,19836,893.2000000029802,../../images/project_n_back/im44.png,44,1,False,0,0.0,0.0,True,
n_back_407608_Parsa.csv,Parsa,19,21870,1529.4000000059605,../../images/project_n_back/im33.png,33,1,False,0,1.0,0.0,False,
n_back_407608_Parsa.csv,Parsa,21,23570,1195.2999999970198,../../images/project_n_back/im35.png,35,1,False,0,0.0,0.0,True,
n_back_407608_Parsa.csv,Parsa,23,25453,1378.9000000059605,../../images/project_n_back/im40.png,40,1,False,0,0.0,0.0,True,
n_back_407608_Parsa.csv,Parsa,25,27003,1045.7999999970198,../../images/project_n_back/im27.png,27,1,False,0,0.0,0.0,True,
n_back_407608_Parsa.csv,Parsa,27,28469,962.1000000089408,../../images/project_n_back/im24.png,24,1,False,0,0.0,0.0,True,
n_back_407608_Parsa.csv,Parsa,29,30236,1262.0,../../images/project_n_back/im41.png,41,2,True,10,0.0,1.0,False,False
n_back_407608_Parsa.csv,Parsa,31,31736,995.9000000059604,../../images/project_n_back/im2.png,2,2,True,10,1.0,1.0,True,True
n_back_407608_Parsa.csv,Parsa,33,33137,895.7999999970198,../../images/project_n_back/im53.png,53,1,False,0,0.0,0.0,True,
n_back_407608_Parsa.csv,Parsa,35,34770,1129.3999999910593,../../images/project_n_back/im50.png,50,2,True,10,0.0,1.0,False,False
n_back_407608_Parsa.csv,Parsa,37,36554,1279.800000011921,../../images/project_n_back/im46.png,46,1,False,0,0.0,0.0,True,
n_back_407608_Parsa.csv,Parsa,39,38370,1312.2000000029802,../../images/project_n_back/im3.png,3,1,False,0,1.0,0.0,False,
n_back_407608_Parsa.csv,Parsa,41,39936,1062.2000000029802,../../images/project_n_back/im26.png,26,1,False,0,1.0,0.0,False,
n_back_407608_Parsa.csv,Parsa,43,41387,946.2999999970198,../../images/project_n_back/im40.png,40,2,True,10,1.0,1.0,True,True
n_back_407608_Parsa.csv,Parsa,45,43736,1846.5,../../images/project_n_back/im36.png,36,1,False,0,0.0,0.0,True,
n_back_407608_Parsa.csv,Parsa,47,46103,1862.0,../../images/project_n_back/im21.png,21,1,False,0,1.0,0.0,False,
n_back_407608_Parsa.csv,Parsa,49,47653,1045.6000000089407,../../images/project_n_back/im10.png,10,1,False,0,0.0,0.0,True,
n_back_407608_Parsa.csv,Parsa,51,49236,1078.800000011921,../../images/project_n_back/im52.png,52,1,False,0,0.0,0.0,True,
n_back_407608_Parsa.csv,Parsa,53,50937,1195.8999999910593,../../images/project_n_back/im19.png,19,1,False,0,0.0,0.0,True,
n_back_407608_Parsa.csv,Parsa,55,52386,944.5,../../images/project_n_back/im42.png,42,1,False,0,0.0,0.0,True,
n_back_407608_Parsa.csv,Parsa,57,53903,1013.5999999940396,../../images/project_n_back/im56.png,56,1,False,0,0.0,0.0,True,
n_back_407608_Parsa.csv,Parsa,59,55436,1029.2000000029802,../../images/project_n_back/im17.png,17,1,False,0,0.0,0.0,True,
n_back_407608_Parsa.csv,Parsa,61,56953,1012.9000000059604,../../images/project_n_back/im31.png,31,1,False,0,1.0,0.0,False,
n_back_407608_Parsa.csv,Parsa,63,58487,1029.5,../../images/project_n_back/im49.png,49,1,False,0,1.0,0.0,False,
n_back_407608_Parsa.csv,Parsa,65,59970,979.2999999970198,../../images/project_n_back/im32.png,32,1,False,0,1.0,0.0,False,
n_back_407608_Parsa.csv,Parsa,67,61436,962.4000000059604,../../images/project_n_back/im21.png,21,2,True,10,1.0,1.0,True,True
n_back_407608_Parsa.csv,Parsa,69,63520,1579.0999999940395,../../images/project_n_back/im10.png,10,2,True,10,1.0,1.0,True,True
n_back_407608_Parsa.csv,Parsa,71,64820,795.2000000029802,../../images/project_n_back/im52.png,52,2,True,10,1.0,1.0,True,True
n_back_407608_Parsa.csv,Parsa,73,66554,1230.5,../../images/project_n_back/im47.png,47,1,False,0,1.0,0.0,False,
n_back_407608_Parsa.csv,Parsa,75,68637,1578.0999999940395,../../images/project_n_back/im42.png,42,2,True,10,1.0,1.0,True,True
n_back_407608_Parsa.csv,Parsa,77,70970,1828.5999999940395,../../images/project_n_back/im38.png,38,1,False,0,0.0,0.0,True,
n_back_407608_Parsa.csv,Parsa,79,72437,963.6000000089408,../../images/project_n_back/im55.png,55,1,False,0,0.0,0.0,True,
n_back_407608_Parsa.csv,Parsa,81,74203,1261.5,../../images/project_n_back/im31.png,31,2,True,10,1.0,1.0,True,True
n_back_407608_Parsa.csv,Parsa,83,76353,1645.6000000089407,../../images/project_n_back/im13.png,13,1,False,0,0.0,0.0,True,
n_back_407608_Parsa.csv,Parsa,85,77737,880.2000000029802,../../images/project_n_back/im32.png,32,2,True,10,1.0,1.0,True,True
n_back_407608_Parsa.csv,Parsa,87,79737,1495.5,../../images/project_n_back/im22.png,22,1,False,0,0.0,0.0,True,
n_back_407608_Parsa.csv,Parsa,89,81237,996.1999999880792,../../images/project_n_back/im51.png,51,1,False,0,0.0,0.0,True,
n_back_407608_Parsa.csv,Parsa,91,82737,995.6000000089408,../../images/project_n_back/im30.png,30,1,False,0,0.0,0.0,True,
n_back_407608_Parsa.csv,Parsa,93,84303,1062.2999999970198,../../images/project_n_back/im34.png,34,1,False,0,0.0,0.0,True,
n_back_407608_Parsa.csv,Parsa,95,86237,1428.7999999970198,../../images/project_n_back/im23.png,23,1,False,0,0.0,0.0,True,
n_back_407608_Parsa.csv,Parsa,97,88153,1412.2000000029802,../../images/project_n_back/im4.png,4,1,False,0,0.0,0.0,True,
n_back_407608_Parsa.csv,Parsa,99,89919,1261.7000000029802,../../images/project_n_back/im14.png,14,1,False,0,0.0,0.0,True,
n_back_407608_Parsa.csv,Parsa,101,91421,997.2000000029802,../../images/project_n_back/im29.png,29,1,False,0,1.0,0.0,False,
n_back_407608_Parsa.csv,Parsa,103,93120,1196.2999999970198,../../images/project_n_back/im28.png,28,1,False,0,0.0,0.0,True,
n_back_407608_Parsa.csv,Parsa,105,95120,1495.199999988079,../../images/project_n_back/im54.png,54,1,False,0,0.0,0.0,True,
n_back_407608_Parsa.csv,Parsa,107,96821,1197.0,../../images/project_n_back/im22.png,22,2,True,10,0.0,1.0,False,False
n_back_407608_Parsa.csv,Parsa,109,98320,996.9000000059604,../../images/project_n_back/im51.png,51,2,True,10,0.0,1.0,False,False
n_back_407608_Parsa.csv,Parsa,111,100237,1412.7000000029802,../../images/project_n_back/im30.png,30,2,True,10,0.0,1.0,False,False
n_back_407608_Parsa.csv,Parsa,113,101621,878.5999999940395,../../images/project_n_back/im58.png,58,1,False,0,0.0,0.0,True,
n_back_407608_Parsa.csv,Parsa,115,103471,1346.5999999940395,../../images/project_n_back/im18.png,18,1,False,0,1.0,0.0,False,
n_back_407608_Parsa.csv,Parsa,117,105020,1044.5,../../images/project_n_back/im59.png,59,1,False,0,0.0,0.0,True,
n_back_407608_Parsa.csv,Parsa,119,106520,997.2999999970198,../../images/project_n_back/im20.png,20,1,False,0,0.0,0.0,True,
n_back_407608_Parsa.csv,Parsa,121,107903,879.7000000029802,../../images/project_n_back/im25.png,25,1,False,0,0.0,0.0,True,
n_back_407608_Parsa.csv,Parsa,123,109420,1012.9000000059604,../../images/project_n_back/im6.png,6,1,False,0,0.0,0.0,True,
n_back_407608_Parsa.csv,Parsa,125,110937,1011.9000000059604,../../images/project_n_back/im45.png,45,1,False,0,0.0,0.0,True,
n_back_407608_Parsa.csv,Parsa,127,112537,1095.9000000059605,../../images/project_n_back/im7.png,7,1,False,0,0.0,0.0,True,
n_back_407608_Parsa.csv,Parsa,129,114688,1646.0,../../images/project_n_back/im57.png,57,1,False,0,1.0,0.0,False,
n_back_407608_Parsa.csv,Parsa,131,116387,1196.4000000059605,../../images/project_n_back/im1.png,1,1,False,0,0.0,0.0,True,
n_back_407608_Parsa.csv,Parsa,133,117870,979.2999999970198,../../images/project_n_back/im16.png,16,1,False,0,0.0,0.0,True,
n_back_407608_Parsa.csv,Parsa,135,119354,978.9000000059604,../../images/project_n_back/im0.png,0,1,False,0,0.0,0.0,True,
n_back_407608_Parsa.csv,Parsa,137,120855,996.2000000029802,../../images/project_n_back/im15.png,15,1,False,0,0.0,0.0,True,
n_back_407608_Parsa.csv,Parsa,139,122471,1112.6000000089407,../../images/project_n_back/im20.png,20,2,True,10,0.0,1.0,False,False
n_back_407608_Parsa.csv,Parsa,141,124187,1211.5,../../images/project_n_back/im5.png,5,1,False,0,0.0,0.0,True,
n_back_407608_Parsa.csv,Parsa,143,125604,912.1000000089408,../../images/project_n_back/im11.png,11,1,False,0,0.0,0.0,True,
n_back_407608_Parsa.csv,Parsa,145,127070,962.3999999910592,../../images/project_n_back/im9.png,9,1,False,0,0.0,0.0,True,
n_back_407608_Parsa.csv,Parsa,147,128621,1046.4000000059605,../../images/project_n_back/im8.png,8,1,False,0,0.0,0.0,True,
n_back_407608_Parsa.csv,Parsa,149,130104,979.5,../../images/project_n_back/im12.png,12,1,False,0,0.0,0.0,True,
n_back_407608_Parsa.csv,Parsa,151,131937,1329.0,../../images/project_n_back/im1.png,1,2,True,10,1.0,1.0,True,True
n_back_407608_Parsa.csv,Parsa,153,133354,913.2999999970198,../../images/project_n_back/im43.png,43,1,False,0,0.0,0.0,True,
n_back_407608_Parsa.csv,Parsa,155,135404,1546.0,../../images/project_n_back/im0.png,0,2,True,10,0.0,1.0,False,False
n_back_407608_Parsa.csv,Parsa,157,137371,1462.300000011921,../../images/project_n_back/im37.png,37,1,False,0,1.0,0.0,False,
n_back_407608_Parsa.csv,Parsa,159,138837,962.2000000029802,../../images/project_n_back/im11.png,11,2,True,8,0.0,1.0,False,False
n_back_407608_Parsa.csv,Parsa,161,140371,1030.2000000029802,../../images/project_n_back/im12.png,12,2,True,6,0.0,1.0,False,False
n_back_658699.csv,658699,7,10508,1351.2000000476835,../../images/project_n_back/im39.png,39,1,False,0,0.0,0.0,True,
n_back_658699.csv,658699,9,12402,1375.6000001430511,../../images/project_n_back/im41.png,41,1,False,0,0.0,0.0,True,
n_back_658699.csv,658699,11,13642,724.9000000953674,../../images/project_n_back/im2.png,2,1,False,0,0.0,0.0,True,
n_back_658699.csv,658699,13,14877,726.3999998569489,../../images/project_n_back/im48.png,48,1,False,0,0.0,0.0,True,
n_back_658699.csv,658699,15,16332,933.1999998092653,../../images/project_n_back/im50.png,50,1,False,0,0.0,0.0,True,
n_back_658699.csv,658699,17,19260,2413.100000143051,../../images/project_n_back/im44.png,44,1,False,0,1.0,0.0,False,
n_back_658699.csv,658699,19,20766,985.7999999523164,../../images/project_n_back/im33.png,33,1,False,0,1.0,0.0,False,
n_back_658699.csv,658699,21,22622,1341.5,../../images/project_n_back/im35.png,35,1,False,0,0.0,0.0,True,
n_back_658699.csv,658699,23,24509,1381.4000000953674,../../images/project_n_back/im40.png,40,1,False,0,1.0,0.0,False,
n_back_658699.csv,658699,25,26074,1059.5,../../images/project_n_back/im27.png,27,1,False,0,0.0,0.0,True,
n_back_658699.csv,658699,27,27939,1358.2000000476835,../../images/project_n_back/im24.png,24,1,False,0,0.0,0.0,True,
n_back_658699.csv,658699,29,30261,1807.8999998569489,../../images/project_n_back/im41.png,41,2,True,10,0.0,1.0,False,False
n_back_658699.csv,658699,31,31843,1074.0,../../images/project_n_back/im2.png,2,2,True,10,1.0,1.0,True,True
n_back_658699.csv,658699,33,33246,887.1000001430511,../../images/project_n_back/im53.png,53,1,False,0,1.0,0.0,False,
n_back_658699.csv,658699,35,34858,1093.7999999523165,../../images/project_n_back/im50.png,50,2,True,10,0.0,1.0,False,False
n_back_658699.csv,658699,37,36372,999.8999998569489,../../images/project_n_back/im46.png,46,1,False,0,0.0,0.0,True,
n_back_658699.csv,658699,39,37966,1077.1000001430511,../../images/project_n_back/im3.png,3,1,False,0,0.0,0.0,True,
n_back_658699.csv,658699,41,39573,1089.7999999523165,../../images/project_n_back/im26.png,26,1,False,0,0.0,0.0,True,
n_back_658699.csv,658699,43,41121,1036.3999998569489,../../images/project_n_back/im40.png,40,2,True,10,1.0,1.0,True,True
n_back_658699.csv,658699,45,43537,1898.5999999046328,../../images/project_n_back/im36.png,36,1,False,0,0.0,0.0,True,
n_back_658699.csv,658699,47,45755,1711.0999999046326,../../images/project_n_back/im21.png,21,1,False,0,1.0,0.0,False,
n_back_658699.csv,658699,49,47277,1010.0,../../images/project_n_back/im10.png,10,1,False,0,0.0,0.0,True,
n_back_658699.csv,658699,51,50647,2856.2999999523163,../../images/project_n_back/im52.png,52,1,False,0,1.0,0.0,False,
n_back_658699.csv,658699,53,52140,981.7000000476836,../../images/project_n_back/im19.png,19,1,False,0,0.0,0.0,True,
n_back_658699.csv,658699,55,53919,1265.8999998569489,../../images/project_n_back/im42.png,42,1,False,0,1.0,0.0,False,
n_back_658699.csv,658699,57,56087,1661.7000000476835,../../images/project_n_back/im56.png,56,1,False,0,0.0,0.0,True,
n_back_658699.csv,658699,59,57722,1131.3999998569489,../../images/project_n_back/im17.png,17,1,False,0,0.0,0.0,True,
n_back_658699.csv,658699,61,60229,1994.0,../../images/project_n_back/im31.png,31,1,False,0,0.0,0.0,True,
n_back_658699.csv,658699,63,62199,1464.1000001430511,../../images/project_n_back/im49.png,49,1,False,0,0.0,0.0,True,
n_back_658699.csv,658699,65,63860,1154.3000001907349,../../images/project_n_back/im32.png,32,1,False,0,1.0,0.0,False,
n_back_658699.csv,658699,67,65358,992.0,../../images/project_n_back/im21.png,21,2,True,10,1.0,1.0,True,True
n_back_658699.csv,658699,69,66704,839.6999998092651,../../images/project_n_back/im10.png,10,2,True,10,1.0,1.0,True,True
n_back_658699.csv,658699,71,67976,761.6000001430511,../../images/project_n_back/im52.png,52,2,True,10,1.0,1.0,True,True
n_back_658699.csv,658699,73,69316,834.3999998569489,../../images/project_n_back/im47.png,47,1,False,0,1.0,0.0,False,
n_back_658699.csv,658699,75,70724,898.7999999523163,../../images/project_n_back/im42.png,42,2,True,10,1.0,1.0,True,True
n_back_658699.csv,658699,77,72230,997.7999999523164,../../images/project_n_back/im38.png,38,1,False,0,1.0,0.0,False,
n_back_658699.csv,658699,79,73884,1148.2000000476835,../../images/project_n_back/im55.png,55,1,False,0,1.0,0.0,False,
n_back_658699.csv,658699,81,75657,1268.4000000953674,../../images/project_n_back/im31.png,31,2,True,10,1.0,1.0,True,True
n_back_658699.csv,658699,83,77440,1275.3999998569489,../../images/project_n_back/im13.png,13,1,False,0,0.0,0.0,True,
n_back_658699.csv,658699,85,79364,1415.0,../../images/project_n_back/im32.png,32,2,True,10,1.0,1.0,True,True
n_back_658699.csv,658699,87,80962,1093.0999999046326,../../images/project_n_back/im22.png,22,1,False,0,0.0,0.0,True,
n_back_658699.csv,658699,89,82698,1231.7000000476835,../../images/project_n_back/im51.png,51,1,False,0,0.0,0.0,True,
n_back_658699.csv,658699,91,84231,1024.5999999046326,../../images/project_n_back/im30.png,30,1,False,0,0.0,0.0,True,
n_back_658699.csv,658699,93,86240,1499.2999999523165,../../images/project_n_back/im34.png,34,1,False,0,1.0,0.0,False,
n_back_658699.csv,658699,95,88251,1505.6000001430511,../../images/project_n_back/im23.png,23,1,False,0,0.0,0.0,True,
n_back_658699.csv,658699,97,90760,2003.200000047684,../../images/project_n_back/im4.png,4,1,False,0,1.0,0.0,False,
n_back_658699.csv,658699,99,92304,1038.5,../../images/project_n_back/im14.png,14,1,False,0,1.0,0.0,False,
n_back_658699.csv,658699,101,93889,1081.2999999523165,../../images/project_n_back/im29.png,29,1,False,0,1.0,0.0,False,
n_back_658699.csv,658699,103,95355,956.0,../../images/project_n_back/im28.png,28,1,False,0,0.0,0.0,True,
n_back_658699.csv,658699,105,96778,907.7999999523164,../../images/project_n_back/im54.png,54,1,False,0,1.0,0.0,False,
n_back_658699.csv,658699,107,98465,1177.2000000476835,../../images/project_n_back/im22.png,22,2,True,10,0.0,1.0,False,False
n_back_658699.csv,658699,109,100222,1239.2999999523165,../../images/project_n_back/im51.png,51,2,True,10,1.0,1.0,True,True
n_back_658699.csv,658699,111,101782,1046.1999998092651,../../images/project_n_back/im30.png,30,2,True,10,1.0,1.0,True,True
n_back_658699.csv,658699,113,103565,1265.2999999523165,../../images/project_n_back/im58.png,58,1,False,0,1.0,0.0,False,
n_back_658699.csv,658699,115,105372,1294.7000000476835,../../images/project_n_back/im18.png,18,1,False,0,0.0,0.0,True,
n_back_658699.csv,658699,117,107665,1773.4000000953674,../../images/project_n_back/im59.png,59,1,False,0,1.0,0.0,False,
n_back_658699.csv,658699,119,109146,971.0999999046326,../../images/project_n_back/im20.png,20,1,False,0,0.0,0.0,True,
n_back_658699.csv,658699,121,110544,883.9000000953674,../../images/project_n_back/im25.png,25,1,False,0,0.0,0.0,True,
n_back_658699.csv,658699,123,112089,1040.5999999046326,../../images/project_n_back/im6.png,6,1,False,0,0.0,0.0,True,
n_back_658699.csv,658699,125,113766,1166.2000000476835,../../images/project_n_back/im45.png,45,1,False,0,0.0,0.0,True,
n_back_658699.csv,658699,127,115581,1305.2000000476835,../../images/project_n_back/im7.png,7,1,False,0,0.0,0.0,True,
n_back_658699.csv,658699,129,117038,943.7000000476836,../../images/project_n_back/im57.png,57,1,False,0,1.0,0.0,False,
n_back_658699.csv,658699,131,118313,764.6000001430511,../../images/project_n_back/im1.png,1,1,False,0,1.0,0.0,False,
n_back_658699.csv,658699,133,119707,888.4000000953674,../../images/project_n_back/im16.png,16,1,False,0,1.0,0.0,False,
n_back_658699.csv,658699,135,120958,741.3999998569489,../../images/project_n_back/im0.png,0,1,False,0,1.0,0.0,False,
n_back_658699.csv,658699,137,122339,862.4000000953674,../../images/project_n_back/im15.png,15,1,False,0,0.0,0.0,True,
n_back_658699.csv,658699,139,124271,1423.6000001430511,../../images/project_n_back/im20.png,20,2,True,10,0.0,1.0,False,False
n_back_658699.csv,658699,141,125818,1028.8999998569489,../../images/project_n_back/im5.png,5,1,False,0,1.0,0.0,False,
n_back_658699.csv,658699,143,127264,931.7999999523164,../../images/project_n_back/im11.png,11,1,False,0,0.0,0.0,True,
n_back_658699.csv,658699,145,128916,1137.8000001907349,../../images/project_n_back/im9.png,9,1,False,0,0.0,0.0,True,
n_back_658699.csv,658699,147,130553,1120.7000000476835,../../images/project_n_back/im8.png,8,1,False,0,1.0,0.0,False,
n_back_658699.csv,658699,149,132117,1054.4000000953674,../../images/project_n_back/im12.png,12,1,False,0,0.0,0.0,True,
n_back_658699.csv,658699,151,133622,994.0,../../images/project_n_back/im1.png,1,2,True,10,1.0,1.0,True,True
n_back_658699.csv,658699,153,135437,1296.2999999523165,../../images/project_n_back/im43.png,43,1,False,0,1.0,0.0,False,
n_back_658699.csv,658699,155,136689,739.7000000476837,../../images/project_n_back/im0.png,0,2,True,10,1.0,1.0,True,True
n_back_658699.csv,658699,157,138011,816.5999999046326,../../images/project_n_back/im37.png,37,1,False,0,1.0,0.0,False,
n_back_658699.csv,658699,159,139336,803.5,../../images/project_n_back/im11.png,11,2,True,8,1.0,1.0,True,True
n_back_658699.csv,658699,161,140796,951.7000000476836,../../images/project_n_back/im12.png,12,2,True,6,1.0,1.0,True,True
n_back_251171.csv,251171,7,12640,1084.7000000476835,../../images/project_n_back/im39.png,39,1,False,0,0.0,0.0,True,
n_back_251171.csv,251171,9,14319,1175.8000000715256,../../images/project_n_back/im41.png,41,1,False,0,0.0,0.0,True,
n_back_251171.csv,251171,11,15585,763.0,../../images/project_n_back/im2.png,2,1,False,0,0.0,0.0,True,
n_back_251171.csv,251171,13,17161,1073.0,../../images/project_n_back/im48.png,48,1,False,0,0.0,0.0,True,
n_back_251171.csv,251171,15,18530,866.8999999761581,../../images/project_n_back/im50.png,50,1,False,0,0.0,0.0,True,
n_back_251171.csv,251171,17,20335,1301.0,../../images/project_n_back/im44.png,44,1,False,0,0.0,0.0,True,
n_back_251171.csv,251171,19,23146,2306.8000000715256,../../images/project_n_back/im33.png,33,1,False,0,0.0,0.0,True,
n_back_251171.csv,251171,21,25109,1461.399999976158,../../images/project_n_back/im35.png,35,1,False,0,0.0,0.0,True,
n_back_251171.csv,251171,23,27017,1405.2999999523165,../../images/project_n_back/im40.png,40,1,False,0,0.0,0.0,True,
n_back_251171.csv,251171,25,28751,1231.399999976158,../../images/project_n_back/im27.png,27,1,False,0,0.0,0.0,True,
n_back_251171.csv,251171,27,30049,795.1000000238419,../../images/project_n_back/im24.png,24,1,False,0,0.0,0.0,True,
n_back_251171.csv,251171,29,31553,1001.0,../../images/project_n_back/im41.png,41,2,True,10,1.0,1.0,True,True
n_back_251171.csv,251171,31,33033,978.600000023842,../../images/project_n_back/im2.png,2,2,True,10,1.0,1.0,True,True
n_back_251171.csv,251171,33,34799,1262.399999976158,../../images/project_n_back/im53.png,53,1,False,0,1.0,0.0,False,
n_back_251171.csv,251171,35,36731,1429.7000000476835,../../images/project_n_back/im50.png,50,2,True,10,1.0,1.0,True,True
n_back_251171.csv,251171,37,38298,1066.399999976158,../../images/project_n_back/im46.png,46,1,False,0,0.0,0.0,True,
n_back_251171.csv,251171,39,39629,827.1000000238419,../../images/project_n_back/im3.png,3,1,False,0,0.0,0.0,True,
n_back_251171.csv,251171,41,41236,1106.0,../../images/project_n_back/im26.png,26,1,False,0,0.0,0.0,True,
n_back_251171.csv,251171,43,44410,2672.399999976158,../../images/project_n_back/im40.png,40,2,True,10,0.0,1.0,False,False
n_back_251171.csv,251171,45,47307,2394.2999999523163,../../images/project_n_back/im36.png,36,1,False,0,0.0,0.0,True,
n_back_251171.csv,251171,47,49849,2039.0999999046328,../../images/project_n_back/im21.png,21,1,False,0,0.0,0.0,True,
n_back_251171.csv,251171,49,52263,1910.899999976158,../../images/project_n_back/im10.png,10,1,False,0,0.0,0.0,True,
n_back_251171.csv,251171,51,53662,895.6000000238419,../../images/project_n_back/im52.png,52,1,False,0,0.0,0.0,True,
n_back_251171.csv,251171,53,54925,759.5999999046326,../../images/project_n_back/im19.png,19,1,False,0,0.0,0.0,True,
n_back_251171.csv,251171,55,56254,826.5,../../images/project_n_back/im42.png,42,1,False,0,0.0,0.0,True,
n_back_251171.csv,251171,57,57678,920.6999999284744,../../images/project_n_back/im56.png,56,1,False,0,0.0,0.0,True,
n_back_251171.csv,251171,59,58835,655.7999999523163,../../images/project_n_back/im17.png,17,1,False,0,0.0,0.0,True,
n_back_251171.csv,251171,61,60014,676.8999999761581,../../images/project_n_back/im31.png,31,1,False,0,0.0,0.0,True,
n_back_251171.csv,251171,63,61202,685.9000000953674,../../images/project_n_back/im49.png,49,1,False,0,0.0,0.0,True,
n_back_251171.csv,251171,65,62421,716.6999999284744,../../images/project_n_back/im32.png,32,1,False,0,0.0,0.0,True,
n_back_251171.csv,251171,67,64487,1564.2000000476835,../../images/project_n_back/im21.png,21,2,True,10,1.0,1.0,True,True
n_back_251171.csv,251171,69,65960,970.899999976158,../../images/project_n_back/im10.png,10,2,True,10,0.0,1.0,False,False
n_back_251171.csv,251171,71,67828,1367.0,../../images/project_n_back/im52.png,52,2,True,10,1.0,1.0,True,True
n_back_251171.csv,251171,73,69593,1262.6999999284744,../../images/project_n_back/im47.png,47,1,False,0,0.0,0.0,True,
n_back_251171.csv,251171,75,71225,1129.1999999284744,../../images/project_n_back/im42.png,42,2,True,10,1.0,1.0,True,True
n_back_251171.csv,251171,77,72491,764.2000000476837,../../images/project_n_back/im38.png,38,1,False,0,0.0,0.0,True,
n_back_251171.csv,251171,79,73680,686.3000000715256,../../images/project_n_back/im55.png,55,1,False,0,0.0,0.0,True,
n_back_251171.csv,251171,81,74851,667.6000000238419,../../images/project_n_back/im31.png,31,2,True,10,0.0,1.0,False,False
n_back_251171.csv,251171,83,76403,1049.399999976158,../../images/project_n_back/im13.png,13,1,False,0,0.0,0.0,True,
n_back_251171.csv,251171,85,77923,1016.4000000953674,../../images/project_n_back/im32.png,32,2,True,10,1.0,1.0,True,True
n_back_251171.csv,251171,87,79356,930.5,../../images/project_n_back/im22.png,22,1,False,0,0.0,0.0,True,
n_back_251171.csv,251171,89,81233,1375.0,../../images/project_n_back/im51.png,51,1,False,0,0.0,0.0,True,
n_back_251171.csv,251171,91,82642,906.600000023842,../../images/project_n_back/im30.png,30,1,False,0,0.0,0.0,True,
n_back_251171.csv,251171,93,84138,994.0999999046326,../../images/project_n_back/im34.png,34,1,False,0,0.0,0.0,True,
n_back_251171.csv,251171,95,86260,1619.1999999284744,../../images/project_n_back/im23.png,23,1,False,0,1.0,0.0,False,
n_back_251171.csv,251171,97,87606,844.1000000238419,../../images/project_n_back/im4.png,4,1,False,0,0.0,0.0,True,
n_back_251171.csv,251171,99,89038,931.0,../../images/project_n_back/im14.png,14,1,False,0,0.0,0.0,True,
n_back_251171.csv,251171,101,90512,972.2999999523164,../../images/project_n_back/im29.png,29,1,False,0,0.0,0.0,True,
n_back_251171.csv,251171,103,91992,979.0,../../images/project_n_back/im28.png,28,1,False,0,0.0,0.0,True,
n_back_251171.csv,251171,105,94636,2141.600000023842,../../images/project_n_back/im54.png,54,1,False,0,1.0,0.0,False,
n_back_251171.csv,251171,107,95879,740.8999999761581,../../images/project_n_back/im22.png,22,2,True,10,0.0,1.0,False,False
n_back_251171.csv,251171,109,97550,1167.6999999284744,../../images/project_n_back/im51.png,51,2,True,10,1.0,1.0,True,True
n_back_251171.csv,251171,111,98919,867.5,../../images/project_n_back/im30.png,30,2,True,10,1.0,1.0,True,True
n_back_251171.csv,251171,113,100376,953.7000000476836,../../images/project_n_back/im58.png,58,1,False,0,0.0,0.0,True,
n_back_251171.csv,251171,115,101975,1097.5,../../images/project_n_back/im18.png,18,1,False,0,0.0,0.0,True,
n_back_251171.csv,251171,117,103266,789.2000000476837,../../images/project_n_back/im59.png,59,1,False,0,0.0,0.0,True,
n_back_251171.csv,251171,119,104620,852.8999999761581,../../images/project_n_back/im20.png,20,1,False,0,0.0,0.0,True,
n_back_251171.csv,251171,121,105839,717.1000000238419,../../images/project_n_back/im25.png,25,1,False,0,0.0,0.0,True,
n_back_251171.csv,251171,123,107200,858.3999999761581,../../images/project_n_back/im6.png,6,1,False,0,0.0,0.0,True,
n_back_251171.csv,251171,125,108602,898.3999999761581,../../images/project_n_back/im45.png,45,1,False,0,0.0,0.0,True,
n_back_251171.csv,251171,127,109758,653.2000000476837,../../images/project_n_back/im7.png,7,1,False,0,0.0,0.0,True,
n_back_251171.csv,251171,129,110938,676.7999999523163,../../images/project_n_back/im57.png,57,1,False,0,0.0,0.0,True,
n_back_251171.csv,251171,131,112394,953.5,../../images/project_n_back/im1.png,1,1,False,0,1.0,0.0,False,
n_back_251171.csv,251171,133,113597,702.0,../../images/project_n_back/im16.png,16,1,False,0,0.0,0.0,True,
n_back_251171.csv,251171,135,115205,1105.100000023842,../../images/project_n_back/im0.png,0,1,False,0,0.0,0.0,True,
n_back_251171.csv,251171,137,116360,653.5,../../images/project_n_back/im15.png,15,1,False,0,0.0,0.0,True,
n_back_251171.csv,251171,139,117508,646.2000000476837,../../images/project_n_back/im20.png,20,2,True,10,0.0,1.0,False,False
n_back_251171.csv,251171,141,118632,622.2999999523163,../../images/project_n_back/im5.png,5,1,False,0,0.0,0.0,True,
n_back_251171.csv,251171,143,119740,606.3999999761581,../../images/project_n_back/im11.png,11,1,False,0,0.0,0.0,True,
n_back_251171.csv,251171,145,120809,567.3000000715256,../../images/project_n_back/im9.png,9,1,False,0,0.0,0.0,True,
n_back_251171.csv,251171,147,121846,535.1000000238419,../../images/project_n_back/im8.png,8,1,False,0,0.0,0.0,True,
n_back_251171.csv,251171,149,123018,669.7999999523163,../../images/project_n_back/im12.png,12,1,False,0,0.0,0.0,True,
n_back_251171.csv,251171,151,124094,574.2999999523163,../../images/project_n_back/im1.png,1,2,True,10,0.0,1.0,False,False
n_back_251171.csv,251171,153,125963,1366.8000000715256,../../images/project_n_back/im43.png,43,1,False,0,0.0,0.0,True,
n_back_251171.csv,251171,155,127348,883.5,../../images/project_n_back/im0.png,0,2,True,10,1.0,1.0,True,True
n_back_251171.csv,251171,157,128742,891.5,../../images/project_n_back/im37.png,37,1,False,0,0.0,0.0,True,
n_back_251171.csv,251171,159,130016,772.8000000715256,../../images/project_n_back/im11.png,11,2,True,8,0.0,1.0,False,False
n_back_251171.csv,251171,161,131212,694.1000000238419,../../images/project_n_back/im12.png,12,2,True,6,0.0,1.0,False,False
n_back_917870.csv,917870,7,15351,1509.8000000044703,../../images/project_n_back/im39.png,39,1,False,0,0.0,0.0,True,
n_back_917870.csv,917870,9,16739,884.8000000044703,../../images/project_n_back/im41.png,41,1,False,0,0.0,0.0,True,
n_back_917870.csv,917870,11,18105,862.8999999985099,../../images/project_n_back/im2.png,2,1,False,0,0.0,0.0,True,
n_back_917870.csv,917870,13,19322,714.5,../../images/project_n_back/im48.png,48,1,False,0,0.0,0.0,True,
n_back_917870.csv,917870,15,20627,803.1000000014901,../../images/project_n_back/im50.png,50,1,False,0,0.0,0.0,True,
n_back_917870.csv,917870,17,21997,865.5,../../images/project_n_back/im44.png,44,1,False,0,0.0,0.0,True,
n_back_917870.csv,917870,19,23593,1093.60000000149,../../images/project_n_back/im33.png,33,1,False,0,1.0,0.0,False,
n_back_917870.csv,917870,21,25450,1353.7000000029802,../../images/project_n_back/im35.png,35,1,False,0,0.0,0.0,True,
n_back_917870.csv,917870,23,28133,2180.89999999851,../../images/project_n_back/im40.png,40,1,False,0,1.0,0.0,False,
n_back_917870.csv,917870,25,30113,1476.6999999955297,../../images/project_n_back/im27.png,27,1,False,0,0.0,0.0,True,
n_back_917870.csv,917870,27,31859,1243.8000000044703,../../images/project_n_back/im24.png,24,1,False,0,0.0,0.0,True,
n_back_917870.csv,917870,29,33511,1148.10000000149,../../images/project_n_back/im41.png,41,2,True,10,0.0,1.0,False,False
n_back_917870.csv,917870,31,36315,2301.0,../../images/project_n_back/im2.png,2,2,True,10,0.0,1.0,False,False
n_back_917870.csv,917870,33,37818,1000.2999999970198,../../images/project_n_back/im53.png,53,1,False,0,0.0,0.0,True,
n_back_917870.csv,917870,35,39303,982.5,../../images/project_n_back/im50.png,50,2,True,10,0.0,1.0,False,False
n_back_917870.csv,917870,37,40761,955.39999999851,../../images/project_n_back/im46.png,46,1,False,0,1.0,0.0,False,
n_back_917870.csv,917870,39,42362,1097.1999999955297,../../images/project_n_back/im3.png,3,1,False,0,1.0,0.0,False,
n_back_917870.csv,917870,41,43755,890.7000000029802,../../images/project_n_back/im26.png,26,1,False,0,0.0,0.0,True,
n_back_917870.csv,917870,43,45187,928.6999999955297,../../images/project_n_back/im40.png,40,2,True,10,1.0,1.0,True,True
n_back_917870.csv,917870,45,46507,817.0,../../images/project_n_back/im36.png,36,1,False,0,1.0,0.0,False,
n_back_917870.csv,917870,47,48888,1878.5,../../images/project_n_back/im21.png,21,1,False,0,0.0,0.0,True,
n_back_917870.csv,917870,49,50760,1368.7999999970198,../../images/project_n_back/im10.png,10,1,False,0,0.0,0.0,True,
n_back_917870.csv,917870,51,54265,,../../images/project_n_back/im52.png,52,1,False,0,,0.0,False,
n_back_917870.csv,917870,53,57770,,../../images/project_n_back/im19.png,19,1,False,0,,0.0,False,
n_back_917870.csv,917870,55,61276,,../../images/project_n_back/im42.png,42,1,False,0,,0.0,False,
n_back_917870.csv,917870,57,64785,,../../images/project_n_back/im56.png,56,1,False,0,,0.0,False,
n_back_917870.csv,917870,59,68293,,../../images/project_n_back/im17.png,17,1,False,0,,0.0,False,
n_back_917870.csv,917870,61,70874,2078.10000000149,../../images/project_n_back/im31.png,31,1,False,0,1.0,0.0,False,
n_back_917870.csv,917870,63,72655,1276.7999999970198,../../images/project_n_back/im49.png,49,1,False,0,1.0,0.0,False,
n_back_917870.csv,917870,65,74041,883.0,../../images/project_n_back/im32.png,32,1,False,0,1.0,0.0,False,
n_back_917870.csv,917870,67,75281,736.4000000059605,../../images/project_n_back/im21.png,21,2,True,10,1.0,1.0,True,True
n_back_917870.csv,917870,69,76768,982.7999999970198,../../images/project_n_back/im10.png,10,2,True,10,1.0,1.0,True,True
n_back_917870.csv,917870,71,78090,819.1000000014901,../../images/project_n_back/im52.png,52,2,True,10,1.0,1.0,True,True
n_back_917870.csv,917870,73,79464,869.0,../../images/project_n_back/im47.png,47,1,False,0,1.0,0.0,False,
n_back_917870.csv,917870,75,80483,515.2999999970198,../../images/project_n_back/im42.png,42,2,True,10,1.0,1.0,True,True
n_back_917870.csv,917870,77,81805,818.0,../../images/project_n_back/im38.png,38,1,False,0,1.0,0.0,False,
n_back_917870.csv,917870,79,83194,884.8999999985099,../../images/project_n_back/im55.png,55,1,False,0,1.0,0.0,False,
n_back_917870.csv,917870,81,84430,731.2000000029802,../../images/project_n_back/im31.png,31,2,True,10,1.0,1.0,True,True
n_back_917870.csv,917870,83,86177,1242.89999999851,../../images/project_n_back/im13.png,13,1,False,0,1.0,0.0,False,
n_back_917870.csv,917870,85,87464,782.6999999955297,../../images/project_n_back/im32.png,32,2,True,10,1.0,1.0,True,True
n_back_917870.csv,917870,87,88769,798.8999999985099,../../images/project_n_back/im22.png,22,1,False,0,1.0,0.0,False,
n_back_917870.csv,917870,89,90169,896.1000000014901,../../images/project_n_back/im51.png,51,1,False,0,0.0,0.0,True,
n_back_917870.csv,917870,91,91873,1198.2000000029802,../../images/project_n_back/im30.png,30,1,False,0,0.0,0.0,True,
n_back_917870.csv,917870,93,93380,1003.3000000044703,../../images/project_n_back/im34.png,34,1,False,0,0.0,0.0,True,
n_back_917870.csv,917870,95,95192,1306.2999999970198,../../images/project_n_back/im23.png,23,1,False,0,0.0,0.0,True,
n_back_917870.csv,917870,97,96858,1162.60000000149,../../images/project_n_back/im4.png,4,1,False,0,1.0,0.0,False,
n_back_917870.csv,917870,99,98344,982.0,../../images/project_n_back/im14.png,14,1,False,0,0.0,0.0,True,
n_back_917870.csv,917870,101,100252,1404.5,../../images/project_n_back/im29.png,29,1,False,0,0.0,0.0,True,
n_back_917870.csv,917870,103,101544,788.0,../../images/project_n_back/im28.png,28,1,False,0,0.0,0.0,True,
n_back_917870.csv,917870,105,103107,1056.60000000149,../../images/project_n_back/im54.png,54,1,False,0,1.0,0.0,False,
n_back_917870.csv,917870,107,104968,1356.5,../../images/project_n_back/im22.png,22,2,True,10,1.0,1.0,True,True
n_back_917870.csv,917870,109,107363,1891.5,../../images/project_n_back/im51.png,51,2,True,10,1.0,1.0,True,True
n_back_917870.csv,917870,111,108750,883.2999999970198,../../images/project_n_back/im30.png,30,2,True,10,0.0,1.0,False,False
n_back_917870.csv,917870,113,110511,1258.2999999970198,../../images/project_n_back/im58.png,58,1,False,0,0.0,0.0,True,
n_back_917870.csv,917870,115,112874,1859.6999999955297,../../images/project_n_back/im18.png,18,1,False,0,1.0,0.0,False,
n_back_917870.csv,917870,117,114381,1001.7000000029802,../../images/project_n_back/im59.png,59,1,False,0,1.0,0.0,False,
n_back_917870.csv,917870,119,115687,800.2999999970198,../../images/project_n_back/im20.png,20,1,False,0,1.0,0.0,False,
n_back_917870.csv,917870,121,116888,696.5,../../images/project_n_back/im25.png,25,1,False,0,1.0,0.0,False,
n_back_917870.csv,917870,123,118290,897.7999999970198,../../images/project_n_back/im6.png,6,1,False,0,0.0,0.0,True,
n_back_917870.csv,917870,125,119897,1103.0,../../images/project_n_back/im45.png,45,1,False,0,0.0,0.0,True,
n_back_917870.csv,917870,127,121135,733.1000000014901,../../images/project_n_back/im7.png,7,1,False,0,0.0,0.0,True,
n_back_917870.csv,917870,129,123248,1608.39999999851,../../images/project_n_back/im57.png,57,1,False,0,0.0,0.0,True,
n_back_917870.csv,917870,131,124764,1012.5999999940396,../../images/project_n_back/im1.png,1,1,False,0,1.0,0.0,False,
n_back_917870.csv,917870,133,126385,1118.0,../../images/project_n_back/im16.png,16,1,False,0,0.0,0.0,True,
n_back_917870.csv,917870,135,128018,1128.6999999955297,../../images/project_n_back/im0.png,0,1,False,0,1.0,0.0,False,
n_back_917870.csv,917870,137,129187,665.8999999985099,../../images/project_n_back/im15.png,15,1,False,0,0.0,0.0,True,
n_back_917870.csv,917870,139,131036,1346.1999999955297,../../images/project_n_back/im20.png,20,2,True,10,0.0,1.0,False,False
n_back_917870.csv,917870,141,132364,823.7000000029802,../../images/project_n_back/im5.png,5,1,False,0,0.0,0.0,True,
n_back_917870.csv,917870,143,133737,869.9000000059605,../../images/project_n_back/im11.png,11,1,False,0,0.0,0.0,True,
n_back_917870.csv,917870,145,135415,1174.0,../../images/project_n_back/im9.png,9,1,False,0,1.0,0.0,False,
n_back_917870.csv,917870,147,137063,1142.5,../../images/project_n_back/im8.png,8,1,False,0,0.0,0.0,True,
n_back_917870.csv,917870,149,138778,1211.0999999940395,../../images/project_n_back/im12.png,12,1,False,0,1.0,0.0,False,
n_back_917870.csv,917870,151,139998,714.2999999970198,../../images/project_n_back/im1.png,1,2,True,10,1.0,1.0,True,True
n_back_917870.csv,917870,153,141370,868.6000000014901,../../images/project_n_back/im43.png,43,1,False,0,1.0,0.0,False,
n_back_917870.csv,917870,155,142905,1031.2000000029802,../../images/project_n_back/im0.png,0,2,True,10,1.0,1.0,True,True
n_back_917870.csv,917870,157,144949,1540.2000000029802,../../images/project_n_back/im37.png,37,1,False,0,1.0,0.0,False,
n_back_917870.csv,917870,159,146253,798.3999999985099,../../images/project_n_back/im11.png,11,2,True,8,1.0,1.0,True,True
n_back_917870.csv,917870,161,147901,1141.89999999851,../../images/project_n_back/im12.png,12,2,True,6,0.0,1.0,False,False
n_back_619082.csv,619082,7,26933,1407.0,../../images/project_n_back/im39.png,39,1,False,0,0.0,0.0,True,
n_back_619082.csv,619082,9,29723,2272.7999999523163,../../images/project_n_back/im41.png,41,1,False,0,0.0,0.0,True,
n_back_619082.csv,619082,11,32063,1832.0999999046328,../../images/project_n_back/im2.png,2,1,False,0,0.0,0.0,True,
n_back_619082.csv,619082,13,34483,1911.0,../../images/project_n_back/im48.png,48,1,False,0,0.0,0.0,True,
n_back_619082.csv,619082,15,36333,1335.5,../../images/project_n_back/im50.png,50,1,False,0,0.0,0.0,True,
n_back_619082.csv,619082,17,39164,2318.899999856949,../../images/project_n_back/im44.png,44,1,False,0,0.0,0.0,True,
n_back_619082.csv,619082,19,40945,1262.2999999523165,../../images/project_n_back/im33.png,33,1,False,0,1.0,0.0,False,
n_back_619082.csv,619082,21,42813,1354.9000000953674,../../images/project_n_back/im35.png,35,1,False,0,1.0,0.0,False,
n_back_619082.csv,619082,23,44825,1494.5,../../images/project_n_back/im40.png,40,1,False,0,1.0,0.0,False,
n_back_619082.csv,619082,25,46522,1184.8999998569489,../../images/project_n_back/im27.png,27,1,False,0,0.0,0.0,True,
n_back_619082.csv,619082,27,48494,1465.2999999523165,../../images/project_n_back/im24.png,24,1,False,0,0.0,0.0,True,
n_back_619082.csv,619082,29,51588,2585.399999856949,../../images/project_n_back/im41.png,41,2,True,10,1.0,1.0,True,True
n_back_619082.csv,619082,31,53272,1167.4000000953674,../../images/project_n_back/im2.png,2,2,True,10,1.0,1.0,True,True
n_back_619082.csv,619082,33,54868,1083.0,../../images/project_n_back/im53.png,53,1,False,0,1.0,0.0,False,
n_back_619082.csv,619082,35,56955,1576.0,../../images/project_n_back/im50.png,50,2,True,10,0.0,1.0,False,False
n_back_619082.csv,619082,37,60480,,../../images/project_n_back/im46.png,46,1,False,0,,0.0,False,
n_back_619082.csv,619082,39,62895,1897.0,../../images/project_n_back/im3.png,3,1,False,0,1.0,0.0,False,
n_back_619082.csv,619082,41,64702,1301.5999999046326,../../images/project_n_back/im26.png,26,1,False,0,1.0,0.0,False,
n_back_619082.csv,619082,43,66257,1044.7999999523165,../../images/project_n_back/im40.png,40,2,True,10,1.0,1.0,True,True
n_back_619082.csv,619082,45,69141,2366.300000190735,../../images/project_n_back/im36.png,36,1,False,0,1.0,0.0,False,
n_back_619082.csv,619082,47,71622,1975.0999999046328,../../images/project_n_back/im21.png,21,1,False,0,0.0,0.0,True,
n_back_619082.csv,619082,49,73423,1290.8999998569489,../../images/project_n_back/im10.png,10,1,False,0,0.0,0.0,True,
n_back_619082.csv,619082,51,75467,1521.0,../../images/project_n_back/im52.png,52,1,False,0,1.0,0.0,False,
n_back_619082.csv,619082,53,78867,2887.4000000953674,../../images/project_n_back/im19.png,19,1,False,0,0.0,0.0,True,
n_back_619082.csv,619082,55,81355,1981.700000047684,../../images/project_n_back/im42.png,42,1,False,0,1.0,0.0,False,
n_back_619082.csv,619082,57,84376,2506.700000047684,../../images/project_n_back/im56.png,56,1,False,0,0.0,0.0,True,
n_back_619082.csv,619082,59,86756,1875.3000001907349,../../images/project_n_back/im17.png,17,1,False,0,1.0,0.0,False,
n_back_619082.csv,619082,61,90276,,../../images/project_n_back/im31.png,31,1,False,0,,0.0,False,
n_back_619082.csv,619082,63,92692,1900.0,../../images/project_n_back/im49.png,49,1,False,0,0.0,0.0,True,
n_back_619082.csv,619082,65,94851,1654.6000001430511,../../images/project_n_back/im32.png,32,1,False,0,1.0,0.0,False,
n_back_619082.csv,619082,67,97856,2494.0,../../images/project_n_back/im21.png,21,2,True,10,1.0,1.0,True,True
n_back_619082.csv,619082,69,100219,1852.5999999046328,../../images/project_n_back/im10.png,10,2,True,10,1.0,1.0,True,True
n_back_619082.csv,619082,71,102124,1390.0999999046326,../../images/project_n_back/im52.png,52,2,True,10,1.0,1.0,True,True
n_back_619082.csv,619082,73,104147,1513.2000000476835,../../images/project_n_back/im47.png,47,1,False,0,1.0,0.0,False,
n_back_619082.csv,619082,75,107459,2792.5,../../images/project_n_back/im42.png,42,2,True,10,0.0,1.0,False,False
n_back_619082.csv,619082,77,110255,2290.2999999523163,../../images/project_n_back/im38.png,38,1,False,0,0.0,0.0,True,
n_back_619082.csv,619082,79,113767,,../../images/project_n_back/im55.png,55,1,False,0,,0.0,False,
n_back_619082.csv,619082,81,116987,2709.599999904633,../../images/project_n_back/im31.png,31,2,True,10,1.0,1.0,True,True
n_back_619082.csv,619082,83,119220,1717.2999999523165,../../images/project_n_back/im13.png,13,1,False,0,0.0,0.0,True,
n_back_619082.csv,619082,85,121633,1899.0,../../images/project_n_back/im32.png,32,2,True,10,1.0,1.0,True,True
n_back_619082.csv,619082,87,123557,1417.0,../../images/project_n_back/im22.png,22,1,False,0,1.0,0.0,False,
n_back_619082.csv,619082,89,125405,1342.8999998569489,../../images/project_n_back/im51.png,51,1,False,0,0.0,0.0,True,
n_back_619082.csv,619082,91,127205,1290.5,../../images/project_n_back/im30.png,30,1,False,0,0.0,0.0,True,
n_back_619082.csv,619082,93,129027,1310.8999998569489,../../images/project_n_back/im34.png,34,1,False,0,1.0,0.0,False,
n_back_619082.csv,619082,95,130762,1228.0,../../images/project_n_back/im23.png,23,1,False,0,1.0,0.0,False,
n_back_619082.csv,619082,97,132758,1485.0,../../images/project_n_back/im4.png,4,1,False,0,0.0,0.0,True,
n_back_619082.csv,619082,99,135228,1965.200000047684,../../images/project_n_back/im14.png,14,1,False,0,1.0,0.0,False,
n_back_619082.csv,619082,101,137707,1971.5,../../images/project_n_back/im29.png,29,1,False,0,1.0,0.0,False,
n_back_619082.csv,619082,103,139507,1288.2999999523165,../../images/project_n_back/im28.png,28,1,False,0,1.0,0.0,False,
n_back_619082.csv,619082,105,142894,2882.7999999523163,../../images/project_n_back/im54.png,54,1,False,0,0.0,0.0,True,
n_back_619082.csv,619082,107,145766,2354.399999856949,../../images/project_n_back/im22.png,22,2,True,10,0.0,1.0,False,False
n_back_619082.csv,619082,109,147359,1080.8000001907349,../../images/project_n_back/im51.png,51,2,True,10,0.0,1.0,False,False
n_back_619082.csv,619082,111,149119,1253.4000000953674,../../images/project_n_back/im30.png,30,2,True,10,1.0,1.0,True,True
n_back_619082.csv,619082,113,150860,1236.7000000476835,../../images/project_n_back/im58.png,58,1,False,0,0.0,0.0,True,
n_back_619082.csv,619082,115,153231,1866.5999999046328,../../images/project_n_back/im18.png,18,1,False,0,0.0,0.0,True,
n_back_619082.csv,619082,117,154876,1130.0,../../images/project_n_back/im59.png,59,1,False,0,0.0,0.0,True,
n_back_619082.csv,619082,119,156874,1490.7000000476835,../../images/project_n_back/im20.png,20,1,False,0,0.0,0.0,True,
n_back_619082.csv,619082,121,159677,2293.7999999523163,../../images/project_n_back/im25.png,25,1,False,0,0.0,0.0,True,
n_back_619082.csv,619082,123,161272,1073.9000000953674,../../images/project_n_back/im6.png,6,1,False,0,0.0,0.0,True,
n_back_619082.csv,619082,125,164471,2690.100000143051,../../images/project_n_back/im45.png,45,1,False,0,1.0,0.0,False,
n_back_619082.csv,619082,127,166369,1387.3999998569489,../../images/project_n_back/im7.png,7,1,False,0,1.0,0.0,False,
n_back_619082.csv,619082,129,169558,2670.899999856949,../../images/project_n_back/im57.png,57,1,False,0,1.0,0.0,False,
n_back_619082.csv,619082,131,173093,,../../images/project_n_back/im1.png,1,1,False,0,,0.0,False,
n_back_619082.csv,619082,133,174923,1316.5,../../images/project_n_back/im16.png,16,1,False,0,0.0,0.0,True,
n_back_619082.csv,619082,135,178438,,../../images/project_n_back/im0.png,0,1,False,0,,0.0,False,
n_back_619082.csv,619082,137,180190,1233.7999999523165,../../images/project_n_back/im15.png,15,1,False,0,0.0,0.0,True,
n_back_619082.csv,619082,139,182195,1499.0,../../images/project_n_back/im20.png,20,2,True,10,1.0,1.0,True,True
n_back_619082.csv,619082,141,184599,1893.3000001907349,../../images/project_n_back/im5.png,5,1,False,0,1.0,0.0,False,
n_back_619082.csv,619082,143,186457,1343.0,../../images/project_n_back/im11.png,11,1,False,0,0.0,0.0,True,
n_back_619082.csv,619082,145,188470,1503.8000001907349,../../images/project_n_back/im9.png,9,1,False,0,1.0,0.0,False,
n_back_619082.csv,619082,147,191176,2190.7999999523163,../../images/project_n_back/im8.png,8,1,False,0,1.0,0.0,False,
n_back_619082.csv,619082,149,192960,1267.2000000476835,../../images/project_n_back/im12.png,12,1,False,0,0.0,0.0,True,
n_back_619082.csv,619082,151,194604,1138.8999998569489,../../images/project_n_back/im1.png,1,2,True,10,1.0,1.0,True,True
n_back_619082.csv,619082,153,196158,1043.0,../../images/project_n_back/im43.png,43,1,False,0,1.0,0.0,False,
n_back_619082.csv,619082,155,197736,1067.4000000953674,../../images/project_n_back/im0.png,0,2,True,10,1.0,1.0,True,True
n_back_619082.csv,619082,157,199315,1069.0,../../images/project_n_back/im37.png,37,1,False,0,1.0,0.0,False,
n_back_619082.csv,619082,159,200854,1033.3999998569489,../../images/project_n_back/im11.png,11,2,True,8,0.0,1.0,False,False
n_back_619082.csv,619082,161,202384,1021.8999998569489,../../images/project_n_back/im12.png,12,2,True,6,0.0,1.0,False,False
