source_file,subject_id,rt,stimulus_image,image_idx,response,correct_choice,choices,correct
draw_2afc_328313.csv,328313,1396.5999999642372,../../images/project_draw_2AFC/im39.png,39,1,3,"[1,3]",True
draw_2afc_328313.csv,328313,1227.0999999642372,../../images/project_draw_2AFC/im41.png,41,0,7,"[7,0]",True
draw_2afc_328313.csv,328313,1415.800000011921,../../images/project_draw_2AFC/im2.png,2,1,0,"[7,0]",True
draw_2afc_328313.csv,328313,1556.5,../../images/project_draw_2AFC/im48.png,48,1,7,"[3,7]",True
draw_2afc_328313.csv,328313,1269.5,../../images/project_draw_2AFC/im50.png,50,0,9,"[9,1]",True
draw_2afc_328313.csv,328313,1793.300000011921,../../images/project_draw_2AFC/im44.png,44,1,7,"[0,7]",True
draw_2afc_328313.csv,328313,1679.300000011921,../../images/project_draw_2AFC/im33.png,33,0,3,"[3,7]",True
draw_2afc_328313.csv,328313,1188.5,../../images/project_draw_2AFC/im35.png,35,1,3,"[0,3]",True
draw_2afc_328313.csv,328313,1071.5,../../images/project_draw_2AFC/im27.png,27,1,2,"[1,2]",True
draw_2afc_328313.csv,328313,846.1999999880791,../../images/project_draw_2AFC/im24.png,24,1,2,"[0,2]",True
draw_2afc_328313.csv,328313,887.4000000357628,../../images/project_draw_2AFC/im53.png,53,0,9,"[9,0]",True
draw_2afc_328313.csv,328313,979.5,../../images/project_draw_2AFC/im46.png,46,0,7,"[7,9]",True
draw_2afc_328313.csv,328313,2119.699999988079,../../images/project_draw_2AFC/im3.png,3,1,0,"[7,0]",True
draw_2afc_328313.csv,328313,961.0,../../images/project_draw_2AFC/im26.png,26,1,2,"[7,2]",True
draw_2afc_328313.csv,328313,994.6999999880792,../../images/project_draw_2AFC/im36.png,36,0,3,"[3,9]",True
draw_2afc_328313.csv,328313,1080.199999988079,../../images/project_draw_2AFC/im21.png,21,1,2,"[7,2]",True
draw_2afc_328313.csv,328313,1613.800000011921,../../images/project_draw_2AFC/im10.png,10,0,1,"[1,9]",True
draw_2afc_328313.csv,328313,961.5,../../images/project_draw_2AFC/im52.png,52,1,9,"[1,9]",True
draw_2afc_328313.csv,328313,1501.300000011921,../../images/project_draw_2AFC/im19.png,19,1,1,"[7,1]",True
draw_2afc_328313.csv,328313,924.8000000119208,../../images/project_draw_2AFC/im42.png,42,0,7,"[7,0]",True
draw_2afc_328313.csv,328313,917.5,../../images/project_draw_2AFC/im56.png,56,1,9,"[7,9]",True
draw_2afc_328313.csv,328313,1087.2000000476835,../../images/project_draw_2AFC/im17.png,17,0,1,"[1,0]",True
draw_2afc_328313.csv,328313,865.7999999523163,../../images/project_draw_2AFC/im31.png,31,0,3,"[3,2]",True
draw_2afc_328313.csv,328313,980.1999999880792,../../images/project_draw_2AFC/im49.png,49,1,7,"[2,7]",True
draw_2afc_328313.csv,328313,1157.5999999642372,../../images/project_draw_2AFC/im32.png,32,1,3,"[9,3]",True
draw_2afc_328313.csv,328313,1098.5,../../images/project_draw_2AFC/im47.png,47,1,7,"[3,7]",True
draw_2afc_328313.csv,328313,887.5,../../images/project_draw_2AFC/im38.png,38,0,3,"[3,1]",True
draw_2afc_328313.csv,328313,820.3999999761581,../../images/project_draw_2AFC/im55.png,55,1,9,"[7,9]",True
draw_2afc_328313.csv,328313,1128.0,../../images/project_draw_2AFC/im13.png,13,1,1,"[7,1]",True
draw_2afc_328313.csv,328313,803.8000000119209,../../images/project_draw_2AFC/im22.png,22,0,2,"[2,9]",True
draw_2afc_328313.csv,328313,759.1000000238419,../../images/project_draw_2AFC/im51.png,51,0,9,"[9,0]",True
draw_2afc_328313.csv,328313,912.0,../../images/project_draw_2AFC/im30.png,30,0,3,"[3,7]",True
draw_2afc_328313.csv,328313,769.5,../../images/project_draw_2AFC/im34.png,34,0,3,"[3,1]",True
draw_2afc_328313.csv,328313,810.6999999880791,../../images/project_draw_2AFC/im23.png,23,0,2,"[2,3]",True
draw_2afc_328313.csv,328313,1122.800000011921,../../images/project_draw_2AFC/im4.png,4,1,0,"[0,9]",False
draw_2afc_328313.csv,328313,1001.6999999880792,../../images/project_draw_2AFC/im14.png,14,1,1,"[2,1]",True
draw_2afc_328313.csv,328313,981.899999976158,../../images/project_draw_2AFC/im29.png,29,0,2,"[2,7]",True
draw_2afc_328313.csv,328313,797.4000000357628,../../images/project_draw_2AFC/im28.png,28,0,2,"[2,0]",True
draw_2afc_328313.csv,328313,805.1999999880791,../../images/project_draw_2AFC/im54.png,54,1,9,"[2,9]",True
draw_2afc_328313.csv,328313,872.0,../../images/project_draw_2AFC/im58.png,58,1,9,"[7,9]",True
draw_2afc_328313.csv,328313,1113.100000023842,../../images/project_draw_2AFC/im18.png,18,1,1,"[7,1]",True
draw_2afc_328313.csv,328313,739.8000000119209,../../images/project_draw_2AFC/im59.png,59,1,9,"[1,9]",True
draw_2afc_328313.csv,328313,763.8000000119209,../../images/project_draw_2AFC/im20.png,20,1,2,"[0,2]",True
draw_2afc_328313.csv,328313,750.6999999880791,../../images/project_draw_2AFC/im25.png,25,1,2,"[9,2]",True
draw_2afc_328313.csv,328313,1373.600000023842,../../images/project_draw_2AFC/im6.png,6,0,0,"[0,9]",True
draw_2afc_328313.csv,328313,985.100000023842,../../images/project_draw_2AFC/im45.png,45,0,7,"[7,9]",True
draw_2afc_328313.csv,328313,1042.300000011921,../../images/project_draw_2AFC/im7.png,7,0,0,"[0,9]",True
draw_2afc_328313.csv,328313,906.0,../../images/project_draw_2AFC/im57.png,57,1,9,"[2,9]",True
draw_2afc_328313.csv,328313,2143.5,../../images/project_draw_2AFC/im1.png,1,1,0,"[9,0]",True
draw_2afc_328313.csv,328313,1181.100000023842,../../images/project_draw_2AFC/im16.png,16,0,1,"[1,0]",True
draw_2afc_328313.csv,328313,1419.800000011921,../../images/project_draw_2AFC/im0.png,0,1,0,"[9,0]",True
draw_2afc_328313.csv,328313,1629.9000000357628,../../images/project_draw_2AFC/im15.png,15,1,1,"[9,1]",True
draw_2afc_328313.csv,328313,1034.300000011921,../../images/project_draw_2AFC/im5.png,5,0,0,"[0,2]",True
draw_2afc_328313.csv,328313,925.0,../../images/project_draw_2AFC/im11.png,11,0,1,"[1,0]",True
draw_2afc_328313.csv,328313,947.8000000119208,../../images/project_draw_2AFC/im9.png,9,1,0,"[3,0]",True
draw_2afc_328313.csv,328313,911.2999999523164,../../images/project_draw_2AFC/im8.png,8,1,0,"[2,0]",True
draw_2afc_328313.csv,328313,866.1000000238419,../../images/project_draw_2AFC/im12.png,12,0,1,"[1,7]",True
draw_2afc_328313.csv,328313,772.0999999642372,../../images/project_draw_2AFC/im43.png,43,0,7,"[7,2]",True
draw_2afc_328313.csv,328313,929.600000023842,../../images/project_draw_2AFC/im37.png,37,1,3,"[0,3]",True
draw_2afc_882127.csv,882127,911.2000000178814,../../images/project_draw_2AFC/im39.png,39,1,3,"[1,3]",True
draw_2afc_882127.csv,882127,989.4000000059604,../../images/project_draw_2AFC/im41.png,41,0,7,"[7,0]",True
draw_2afc_882127.csv,882127,969.5,../../images/project_draw_2AFC/im2.png,2,1,0,"[7,0]",True
draw_2afc_882127.csv,882127,834.9000000059605,../../images/project_draw_2AFC/im48.png,48,1,7,"[3,7]",True
draw_2afc_882127.csv,882127,1355.0999999940395,../../images/project_draw_2AFC/im50.png,50,0,9,"[9,1]",True
draw_2afc_882127.csv,882127,985.9000000059604,../../images/project_draw_2AFC/im44.png,44,1,7,"[0,7]",True
draw_2afc_882127.csv,882127,839.0,../../images/project_draw_2AFC/im33.png,33,0,3,"[3,7]",True
draw_2afc_882127.csv,882127,836.9000000059605,../../images/project_draw_2AFC/im35.png,35,1,3,"[0,3]",True
draw_2afc_882127.csv,882127,853.8000000119209,../../images/project_draw_2AFC/im40.png,40,1,7,"[2,7]",True
draw_2afc_882127.csv,882127,552.2000000178814,../../images/project_draw_2AFC/im27.png,27,1,2,"[1,2]",True
draw_2afc_882127.csv,882127,520.1999999880791,../../images/project_draw_2AFC/im24.png,24,1,2,"[0,2]",True
draw_2afc_882127.csv,882127,1096.4000000059605,../../images/project_draw_2AFC/im53.png,53,0,9,"[9,0]",True
draw_2afc_882127.csv,882127,832.1999999880791,../../images/project_draw_2AFC/im46.png,46,0,7,"[7,9]",True
draw_2afc_882127.csv,882127,1053.4000000059605,../../images/project_draw_2AFC/im3.png,3,1,0,"[7,0]",True
draw_2afc_882127.csv,882127,538.5,../../images/project_draw_2AFC/im26.png,26,1,2,"[7,2]",True
draw_2afc_882127.csv,882127,869.3999999761581,../../images/project_draw_2AFC/im36.png,36,0,3,"[3,9]",True
draw_2afc_882127.csv,882127,853.2999999821186,../../images/project_draw_2AFC/im21.png,21,1,2,"[7,2]",True
draw_2afc_882127.csv,882127,1368.699999988079,../../images/project_draw_2AFC/im10.png,10,1,1,"[1,9]",False
draw_2afc_882127.csv,882127,519.5,../../images/project_draw_2AFC/im52.png,52,1,9,"[1,9]",True
draw_2afc_882127.csv,882127,689.0,../../images/project_draw_2AFC/im19.png,19,1,1,"[7,1]",True
draw_2afc_882127.csv,882127,886.0999999940395,../../images/project_draw_2AFC/im42.png,42,0,7,"[7,0]",True
draw_2afc_882127.csv,882127,870.5999999940395,../../images/project_draw_2AFC/im56.png,56,1,9,"[7,9]",True
draw_2afc_882127.csv,882127,2855.800000011921,../../images/project_draw_2AFC/im17.png,17,0,1,"[1,0]",True
draw_2afc_882127.csv,882127,854.0999999940395,../../images/project_draw_2AFC/im31.png,31,0,3,"[3,2]",True
draw_2afc_882127.csv,882127,837.1999999880791,../../images/project_draw_2AFC/im49.png,49,1,7,"[2,7]",True
draw_2afc_882127.csv,882127,553.2000000178814,../../images/project_draw_2AFC/im32.png,32,1,3,"[9,3]",True
draw_2afc_882127.csv,882127,602.3000000119209,../../images/project_draw_2AFC/im47.png,47,1,7,"[3,7]",True
draw_2afc_882127.csv,882127,953.8000000119208,../../images/project_draw_2AFC/im38.png,38,0,3,"[3,1]",True
draw_2afc_882127.csv,882127,920.5,../../images/project_draw_2AFC/im55.png,55,1,9,"[7,9]",True
draw_2afc_882127.csv,882127,651.5,../../images/project_draw_2AFC/im13.png,13,1,1,"[7,1]",True
draw_2afc_882127.csv,882127,1019.5999999940396,../../images/project_draw_2AFC/im22.png,22,0,2,"[2,9]",True
draw_2afc_882127.csv,882127,758.4000000059605,../../images/project_draw_2AFC/im51.png,51,0,9,"[9,0]",True
draw_2afc_882127.csv,882127,756.7000000178814,../../images/project_draw_2AFC/im30.png,30,0,3,"[3,7]",True
draw_2afc_882127.csv,882127,553.2000000178814,../../images/project_draw_2AFC/im34.png,34,0,3,"[3,1]",True
draw_2afc_882127.csv,882127,854.0999999940395,../../images/project_draw_2AFC/im23.png,23,0,2,"[2,3]",True
draw_2afc_882127.csv,882127,1018.4000000059604,../../images/project_draw_2AFC/im4.png,4,0,0,"[0,9]",True
draw_2afc_882127.csv,882127,971.9000000059604,../../images/project_draw_2AFC/im14.png,14,1,1,"[2,1]",True
draw_2afc_882127.csv,882127,622.2999999821186,../../images/project_draw_2AFC/im29.png,29,0,2,"[2,7]",True
draw_2afc_882127.csv,882127,852.5999999940395,../../images/project_draw_2AFC/im28.png,28,0,2,"[2,0]",True
draw_2afc_882127.csv,882127,1753.2000000178814,../../images/project_draw_2AFC/im54.png,54,1,9,"[2,9]",True
draw_2afc_882127.csv,882127,772.5,../../images/project_draw_2AFC/im58.png,58,1,9,"[7,9]",True
draw_2afc_882127.csv,882127,719.6999999880791,../../images/project_draw_2AFC/im18.png,18,1,1,"[7,1]",True
draw_2afc_882127.csv,882127,555.1999999880791,../../images/project_draw_2AFC/im59.png,59,1,9,"[1,9]",True
draw_2afc_882127.csv,882127,603.4000000059605,../../images/project_draw_2AFC/im20.png,20,1,2,"[0,2]",True
draw_2afc_882127.csv,882127,557.7999999821186,../../images/project_draw_2AFC/im25.png,25,1,2,"[9,2]",True
draw_2afc_882127.csv,882127,918.7999999821186,../../images/project_draw_2AFC/im6.png,6,1,0,"[0,9]",False
draw_2afc_882127.csv,882127,1237.9000000059605,../../images/project_draw_2AFC/im45.png,45,0,7,"[7,9]",True
draw_2afc_882127.csv,882127,1004.4000000059604,../../images/project_draw_2AFC/im7.png,7,0,0,"[0,9]",True
draw_2afc_882127.csv,882127,839.0,../../images/project_draw_2AFC/im57.png,57,1,9,"[2,9]",True
draw_2afc_882127.csv,882127,1803.5999999940395,../../images/project_draw_2AFC/im1.png,1,1,0,"[9,0]",True
draw_2afc_882127.csv,882127,1585.699999988079,../../images/project_draw_2AFC/im16.png,16,0,1,"[1,0]",True
draw_2afc_882127.csv,882127,1171.600000023842,../../images/project_draw_2AFC/im0.png,0,1,0,"[9,0]",True
draw_2afc_882127.csv,882127,1269.4000000059605,../../images/project_draw_2AFC/im15.png,15,0,1,"[9,1]",False
draw_2afc_882127.csv,882127,1018.5,../../images/project_draw_2AFC/im5.png,5,1,0,"[0,2]",False
draw_2afc_882127.csv,882127,1236.5999999940395,../../images/project_draw_2AFC/im11.png,11,0,1,"[1,0]",True
draw_2afc_882127.csv,882127,789.1000000238419,../../images/project_draw_2AFC/im9.png,9,1,0,"[3,0]",True
draw_2afc_882127.csv,882127,651.1999999880791,../../images/project_draw_2AFC/im8.png,8,1,0,"[2,0]",True
draw_2afc_882127.csv,882127,988.9000000059604,../../images/project_draw_2AFC/im12.png,12,0,1,"[1,7]",True
draw_2afc_882127.csv,882127,787.5999999940395,../../images/project_draw_2AFC/im43.png,43,0,7,"[7,2]",True
draw_2afc_882127.csv,882127,788.0999999940395,../../images/project_draw_2AFC/im37.png,37,1,3,"[0,3]",True
draw_2afc_763854.csv,763854,1509.1999998092651,../../images/project_draw_2AFC/im39.png,39,0,3,"[1,3]",False
draw_2afc_763854.csv,763854,821.7000000476837,../../images/project_draw_2AFC/im41.png,41,0,7,"[7,0]",True
draw_2afc_763854.csv,763854,1106.5,../../images/project_draw_2AFC/im2.png,2,1,0,"[7,0]",True
draw_2afc_763854.csv,763854,960.7000000476836,../../images/project_draw_2AFC/im48.png,48,1,7,"[3,7]",True
draw_2afc_763854.csv,763854,1294.2000000476835,../../images/project_draw_2AFC/im50.png,50,0,9,"[9,1]",True
draw_2afc_763854.csv,763854,814.7999999523163,../../images/project_draw_2AFC/im44.png,44,0,7,"[0,7]",False
draw_2afc_763854.csv,763854,609.4000000953674,../../images/project_draw_2AFC/im33.png,33,0,3,"[3,7]",True
draw_2afc_763854.csv,763854,1581.7000000476835,../../images/project_draw_2AFC/im35.png,35,1,3,"[0,3]",True
draw_2afc_763854.csv,763854,567.4000000953674,../../images/project_draw_2AFC/im40.png,40,1,7,"[2,7]",True
draw_2afc_763854.csv,763854,996.5,../../images/project_draw_2AFC/im27.png,27,1,2,"[1,2]",True
draw_2afc_763854.csv,763854,529.0999999046326,../../images/project_draw_2AFC/im24.png,24,1,2,"[0,2]",True
draw_2afc_763854.csv,763854,635.0999999046326,../../images/project_draw_2AFC/im53.png,53,0,9,"[9,0]",True
draw_2afc_763854.csv,763854,652.7999999523163,../../images/project_draw_2AFC/im46.png,46,0,7,"[7,9]",True
draw_2afc_763854.csv,763854,1091.7000000476835,../../images/project_draw_2AFC/im3.png,3,1,0,"[7,0]",True
draw_2afc_763854.csv,763854,602.5,../../images/project_draw_2AFC/im26.png,26,1,2,"[7,2]",True
draw_2afc_763854.csv,763854,651.7999999523163,../../images/project_draw_2AFC/im36.png,36,0,3,"[3,9]",True
draw_2afc_763854.csv,763854,710.9000000953674,../../images/project_draw_2AFC/im21.png,21,1,2,"[7,2]",True
draw_2afc_763854.csv,763854,1271.5,../../images/project_draw_2AFC/im10.png,10,1,1,"[1,9]",False
draw_2afc_763854.csv,763854,741.5,../../images/project_draw_2AFC/im52.png,52,1,9,"[1,9]",True
draw_2afc_763854.csv,763854,1254.8000001907349,../../images/project_draw_2AFC/im19.png,19,1,1,"[7,1]",True
draw_2afc_763854.csv,763854,806.0,../../images/project_draw_2AFC/im42.png,42,0,7,"[7,0]",True
draw_2afc_763854.csv,763854,797.4000000953674,../../images/project_draw_2AFC/im56.png,56,1,9,"[7,9]",True
draw_2afc_763854.csv,763854,871.5,../../images/project_draw_2AFC/im17.png,17,0,1,"[1,0]",True
draw_2afc_763854.csv,763854,661.0999999046326,../../images/project_draw_2AFC/im31.png,31,0,3,"[3,2]",True
draw_2afc_763854.csv,763854,897.7000000476837,../../images/project_draw_2AFC/im49.png,49,0,7,"[2,7]",False
draw_2afc_763854.csv,763854,813.2999999523163,../../images/project_draw_2AFC/im32.png,32,1,3,"[9,3]",True
draw_2afc_763854.csv,763854,839.5999999046326,../../images/project_draw_2AFC/im47.png,47,1,7,"[3,7]",True
draw_2afc_763854.csv,763854,864.2999999523163,../../images/project_draw_2AFC/im38.png,38,0,3,"[3,1]",True
draw_2afc_763854.csv,763854,722.2999999523163,../../images/project_draw_2AFC/im55.png,55,1,9,"[7,9]",True
draw_2afc_763854.csv,763854,859.2000000476837,../../images/project_draw_2AFC/im13.png,13,1,1,"[7,1]",True
draw_2afc_763854.csv,763854,724.5,../../images/project_draw_2AFC/im22.png,22,0,2,"[2,9]",True
draw_2afc_763854.csv,763854,522.7999999523163,../../images/project_draw_2AFC/im51.png,51,0,9,"[9,0]",True
draw_2afc_763854.csv,763854,799.0,../../images/project_draw_2AFC/im30.png,30,0,3,"[3,7]",True
draw_2afc_763854.csv,763854,539.4000000953674,../../images/project_draw_2AFC/im34.png,34,0,3,"[3,1]",True
draw_2afc_763854.csv,763854,694.0,../../images/project_draw_2AFC/im23.png,23,0,2,"[2,3]",True
draw_2afc_763854.csv,763854,1337.0,../../images/project_draw_2AFC/im4.png,4,1,0,"[0,9]",False
draw_2afc_763854.csv,763854,929.2000000476836,../../images/project_draw_2AFC/im14.png,14,1,1,"[2,1]",True
draw_2afc_763854.csv,763854,776.7999999523163,../../images/project_draw_2AFC/im29.png,29,0,2,"[2,7]",True
draw_2afc_763854.csv,763854,538.1999998092651,../../images/project_draw_2AFC/im28.png,28,0,2,"[2,0]",True
draw_2afc_763854.csv,763854,809.8999998569489,../../images/project_draw_2AFC/im54.png,54,1,9,"[2,9]",True
draw_2afc_763854.csv,763854,760.5,../../images/project_draw_2AFC/im58.png,58,1,9,"[7,9]",True
draw_2afc_763854.csv,763854,850.0,../../images/project_draw_2AFC/im18.png,18,1,1,"[7,1]",True
draw_2afc_763854.csv,763854,620.4000000953674,../../images/project_draw_2AFC/im59.png,59,1,9,"[1,9]",True
draw_2afc_763854.csv,763854,734.0,../../images/project_draw_2AFC/im20.png,20,1,2,"[0,2]",True
draw_2afc_763854.csv,763854,612.2000000476837,../../images/project_draw_2AFC/im25.png,25,1,2,"[9,2]",True
draw_2afc_763854.csv,763854,1026.2999999523165,../../images/project_draw_2AFC/im6.png,6,0,0,"[0,9]",True
draw_2afc_763854.csv,763854,627.5,../../images/project_draw_2AFC/im45.png,45,0,7,"[7,9]",True
draw_2afc_763854.csv,763854,1679.6999998092651,../../images/project_draw_2AFC/im7.png,7,1,0,"[0,9]",False
draw_2afc_763854.csv,763854,577.5999999046326,../../images/project_draw_2AFC/im57.png,57,1,9,"[2,9]",True
draw_2afc_763854.csv,763854,1459.5,../../images/project_draw_2AFC/im1.png,1,1,0,"[9,0]",True
draw_2afc_763854.csv,763854,1792.4000000953674,../../images/project_draw_2AFC/im16.png,16,0,1,"[1,0]",True
draw_2afc_763854.csv,763854,1409.2999999523165,../../images/project_draw_2AFC/im0.png,0,1,0,"[9,0]",True
draw_2afc_763854.csv,763854,962.7000000476836,../../images/project_draw_2AFC/im15.png,15,1,1,"[9,1]",True
draw_2afc_763854.csv,763854,928.1000001430511,../../images/project_draw_2AFC/im5.png,5,0,0,"[0,2]",True
draw_2afc_763854.csv,763854,611.0,../../images/project_draw_2AFC/im11.png,11,0,1,"[1,0]",True
draw_2afc_763854.csv,763854,995.2000000476836,../../images/project_draw_2AFC/im9.png,9,1,0,"[3,0]",True
draw_2afc_763854.csv,763854,864.0999999046326,../../images/project_draw_2AFC/im8.png,8,1,0,"[2,0]",True
draw_2afc_763854.csv,763854,869.5999999046326,../../images/project_draw_2AFC/im12.png,12,0,1,"[1,7]",True
draw_2afc_763854.csv,763854,636.7999999523163,../../images/project_draw_2AFC/im43.png,43,0,7,"[7,2]",True
draw_2afc_763854.csv,763854,1377.2000000476835,../../images/project_draw_2AFC/im37.png,37,1,3,"[0,3]",True
draw_2afc_406291.csv,406291,818.7999999523163,../../images/project_draw_2AFC/im39.png,39,1,3,"[1,3]",True
draw_2afc_406291.csv,406291,643.0,../../images/project_draw_2AFC/im41.png,41,0,7,"[7,0]",True
draw_2afc_406291.csv,406291,1101.0,../../images/project_draw_2AFC/im2.png,2,1,0,"[7,0]",True
draw_2afc_406291.csv,406291,2788.899999976158,../../images/project_draw_2AFC/im48.png,48,1,7,"[3,7]",True
draw_2afc_406291.csv,406291,631.3999999761581,../../images/project_draw_2AFC/im50.png,50,0,9,"[9,1]",True
draw_2afc_406291.csv,406291,633.8999999761581,../../images/project_draw_2AFC/im44.png,44,1,7,"[0,7]",True
draw_2afc_406291.csv,406291,650.0,../../images/project_draw_2AFC/im33.png,33,0,3,"[3,7]",True
draw_2afc_406291.csv,406291,584.7000000476837,../../images/project_draw_2AFC/im35.png,35,1,3,"[0,3]",True
draw_2afc_406291.csv,406291,767.6000000238419,../../images/project_draw_2AFC/im40.png,40,1,7,"[2,7]",True
draw_2afc_406291.csv,406291,902.399999976158,../../images/project_draw_2AFC/im27.png,27,1,2,"[1,2]",True
draw_2afc_406291.csv,406291,663.6000000238419,../../images/project_draw_2AFC/im24.png,24,1,2,"[0,2]",True
draw_2afc_406291.csv,406291,671.3000000715256,../../images/project_draw_2AFC/im53.png,53,0,9,"[9,0]",True
draw_2afc_406291.csv,406291,633.3999999761581,../../images/project_draw_2AFC/im46.png,46,0,7,"[7,9]",True
draw_2afc_406291.csv,406291,845.8999999761581,../../images/project_draw_2AFC/im3.png,3,1,0,"[7,0]",True
draw_2afc_406291.csv,406291,690.1000000238419,../../images/project_draw_2AFC/im26.png,26,1,2,"[7,2]",True
draw_2afc_406291.csv,406291,584.6999999284744,../../images/project_draw_2AFC/im36.png,36,0,3,"[3,9]",True
draw_2afc_406291.csv,406291,538.7999999523163,../../images/project_draw_2AFC/im21.png,21,1,2,"[7,2]",True
draw_2afc_406291.csv,406291,913.100000023842,../../images/project_draw_2AFC/im10.png,10,0,1,"[1,9]",True
draw_2afc_406291.csv,406291,1048.5999999046326,../../images/project_draw_2AFC/im19.png,19,1,1,"[7,1]",True
draw_2afc_406291.csv,406291,635.0,../../images/project_draw_2AFC/im42.png,42,0,7,"[7,0]",True
draw_2afc_406291.csv,406291,658.0,../../images/project_draw_2AFC/im56.png,56,0,9,"[7,9]",False
draw_2afc_406291.csv,406291,1059.2999999523165,../../images/project_draw_2AFC/im17.png,17,1,1,"[1,0]",False
draw_2afc_406291.csv,406291,687.2999999523163,../../images/project_draw_2AFC/im31.png,31,0,3,"[3,2]",True
draw_2afc_406291.csv,406291,562.0,../../images/project_draw_2AFC/im49.png,49,1,7,"[2,7]",True
draw_2afc_406291.csv,406291,610.2000000476837,../../images/project_draw_2AFC/im32.png,32,1,3,"[9,3]",True
draw_2afc_406291.csv,406291,846.5,../../images/project_draw_2AFC/im47.png,47,0,7,"[3,7]",False
draw_2afc_406291.csv,406291,570.0,../../images/project_draw_2AFC/im38.png,38,0,3,"[3,1]",True
draw_2afc_406291.csv,406291,596.2999999523163,../../images/project_draw_2AFC/im55.png,55,0,9,"[7,9]",False
draw_2afc_406291.csv,406291,689.2000000476837,../../images/project_draw_2AFC/im13.png,13,0,1,"[7,1]",False
draw_2afc_406291.csv,406291,584.5,../../images/project_draw_2AFC/im22.png,22,0,2,"[2,9]",True
draw_2afc_406291.csv,406291,575.9000000953674,../../images/project_draw_2AFC/im51.png,51,0,9,"[9,0]",True
draw_2afc_406291.csv,406291,547.7999999523163,../../images/project_draw_2AFC/im30.png,30,0,3,"[3,7]",True
draw_2afc_406291.csv,406291,530.2999999523163,../../images/project_draw_2AFC/im34.png,34,0,3,"[3,1]",True
draw_2afc_406291.csv,406291,691.6000000238419,../../images/project_draw_2AFC/im23.png,23,0,2,"[2,3]",True
draw_2afc_406291.csv,406291,856.6000000238419,../../images/project_draw_2AFC/im4.png,4,0,0,"[0,9]",True
draw_2afc_406291.csv,406291,1251.0,../../images/project_draw_2AFC/im14.png,14,1,1,"[2,1]",True
draw_2afc_406291.csv,406291,596.7000000476837,../../images/project_draw_2AFC/im29.png,29,0,2,"[2,7]",True
draw_2afc_406291.csv,406291,585.5999999046326,../../images/project_draw_2AFC/im28.png,28,0,2,"[2,0]",True
draw_2afc_406291.csv,406291,714.2000000476837,../../images/project_draw_2AFC/im54.png,54,1,9,"[2,9]",True
draw_2afc_406291.csv,406291,726.3999999761581,../../images/project_draw_2AFC/im58.png,58,1,9,"[7,9]",True
draw_2afc_406291.csv,406291,735.3000000715256,../../images/project_draw_2AFC/im18.png,18,1,1,"[7,1]",True
draw_2afc_406291.csv,406291,590.1999999284744,../../images/project_draw_2AFC/im59.png,59,1,9,"[1,9]",True
draw_2afc_406291.csv,406291,656.7999999523163,../../images/project_draw_2AFC/im20.png,20,1,2,"[0,2]",True
draw_2afc_406291.csv,406291,522.2000000476837,../../images/project_draw_2AFC/im25.png,25,1,2,"[9,2]",True
draw_2afc_406291.csv,406291,754.9000000953674,../../images/project_draw_2AFC/im6.png,6,0,0,"[0,9]",True
draw_2afc_406291.csv,406291,666.0,../../images/project_draw_2AFC/im45.png,45,0,7,"[7,9]",True
draw_2afc_406291.csv,406291,887.1999999284744,../../images/project_draw_2AFC/im7.png,7,0,0,"[0,9]",True
draw_2afc_406291.csv,406291,584.6999999284744,../../images/project_draw_2AFC/im57.png,57,1,9,"[2,9]",True
draw_2afc_406291.csv,406291,846.6999999284744,../../images/project_draw_2AFC/im1.png,1,1,0,"[9,0]",True
draw_2afc_406291.csv,406291,999.5,../../images/project_draw_2AFC/im16.png,16,0,1,"[1,0]",True
draw_2afc_406291.csv,406291,673.0,../../images/project_draw_2AFC/im0.png,0,1,0,"[9,0]",True
draw_2afc_406291.csv,406291,766.7000000476837,../../images/project_draw_2AFC/im15.png,15,1,1,"[9,1]",True
draw_2afc_406291.csv,406291,736.6999999284744,../../images/project_draw_2AFC/im5.png,5,0,0,"[0,2]",True
draw_2afc_406291.csv,406291,942.3000000715256,../../images/project_draw_2AFC/im11.png,11,0,1,"[1,0]",True
draw_2afc_406291.csv,406291,728.1000000238419,../../images/project_draw_2AFC/im9.png,9,1,0,"[3,0]",True
draw_2afc_406291.csv,406291,695.1999999284744,../../images/project_draw_2AFC/im8.png,8,1,0,"[2,0]",True
draw_2afc_406291.csv,406291,728.3999999761581,../../images/project_draw_2AFC/im12.png,12,0,1,"[1,7]",True
draw_2afc_406291.csv,406291,649.9000000953674,../../images/project_draw_2AFC/im43.png,43,0,7,"[7,2]",True
draw_2afc_406291.csv,406291,720.2999999523163,../../images/project_draw_2AFC/im37.png,37,1,3,"[0,3]",True
draw_2afc_576508.csv,576508,1339.6999998092651,../../images/project_draw_2AFC/im39.png,39,1,3,"[1,3]",True
draw_2afc_576508.csv,576508,1111.5999999046326,../../images/project_draw_2AFC/im41.png,41,0,7,"[7,0]",True
draw_2afc_576508.csv,576508,1258.0999999046326,../../images/project_draw_2AFC/im2.png,2,1,0,"[7,0]",True
draw_2afc_576508.csv,576508,752.5999999046326,../../images/project_draw_2AFC/im48.png,48,1,7,"[3,7]",True
draw_2afc_576508.csv,576508,1043.9000000953674,../../images/project_draw_2AFC/im50.png,50,0,9,"[9,1]",True
draw_2afc_576508.csv,576508,621.9000000953674,../../images/project_draw_2AFC/im44.png,44,1,7,"[0,7]",True
draw_2afc_576508.csv,576508,1151.8000001907349,../../images/project_draw_2AFC/im33.png,33,0,3,"[3,7]",True
draw_2afc_576508.csv,576508,715.5,../../images/project_draw_2AFC/im35.png,35,1,3,"[0,3]",True
draw_2afc_576508.csv,576508,780.4000000953674,../../images/project_draw_2AFC/im40.png,40,1,7,"[2,7]",True
draw_2afc_576508.csv,576508,1052.0999999046326,../../images/project_draw_2AFC/im27.png,27,1,2,"[1,2]",True
draw_2afc_576508.csv,576508,713.4000000953674,../../images/project_draw_2AFC/im24.png,24,1,2,"[0,2]",True
draw_2afc_576508.csv,576508,965.5,../../images/project_draw_2AFC/im53.png,53,0,9,"[9,0]",True
draw_2afc_576508.csv,576508,1137.4000000953674,../../images/project_draw_2AFC/im46.png,46,0,7,"[7,9]",True
draw_2afc_576508.csv,576508,1323.6999998092651,../../images/project_draw_2AFC/im3.png,3,1,0,"[7,0]",True
draw_2afc_576508.csv,576508,686.5,../../images/project_draw_2AFC/im26.png,26,1,2,"[7,2]",True
draw_2afc_576508.csv,576508,1453.8999996185305,../../images/project_draw_2AFC/im36.png,36,0,3,"[3,9]",True
draw_2afc_576508.csv,576508,642.8000001907349,../../images/project_draw_2AFC/im21.png,21,1,2,"[7,2]",True
draw_2afc_576508.csv,576508,1528.1999998092651,../../images/project_draw_2AFC/im10.png,10,1,1,"[1,9]",False
draw_2afc_576508.csv,576508,700.2999997138977,../../images/project_draw_2AFC/im52.png,52,1,9,"[1,9]",True
draw_2afc_576508.csv,576508,888.0,../../images/project_draw_2AFC/im19.png,19,1,1,"[7,1]",True
draw_2afc_576508.csv,576508,1143.6999998092651,../../images/project_draw_2AFC/im42.png,42,0,7,"[7,0]",True
draw_2afc_576508.csv,576508,995.3000001907347,../../images/project_draw_2AFC/im56.png,56,1,9,"[7,9]",True
draw_2afc_576508.csv,576508,1450.5999999046326,../../images/project_draw_2AFC/im17.png,17,0,1,"[1,0]",True
draw_2afc_576508.csv,576508,1041.4000000953674,../../images/project_draw_2AFC/im31.png,31,0,3,"[3,2]",True
draw_2afc_576508.csv,576508,897.3000001907349,../../images/project_draw_2AFC/im49.png,49,1,7,"[2,7]",True
draw_2afc_576508.csv,576508,683.9000000953674,../../images/project_draw_2AFC/im32.png,32,1,3,"[9,3]",True
draw_2afc_576508.csv,576508,659.0999999046326,../../images/project_draw_2AFC/im47.png,47,1,7,"[3,7]",True
draw_2afc_576508.csv,576508,832.4000000953674,../../images/project_draw_2AFC/im38.png,38,0,3,"[3,1]",True
draw_2afc_576508.csv,576508,589.5,../../images/project_draw_2AFC/im55.png,55,1,9,"[7,9]",True
draw_2afc_576508.csv,576508,1083.2999997138977,../../images/project_draw_2AFC/im13.png,13,0,1,"[7,1]",False
draw_2afc_576508.csv,576508,844.0999999046326,../../images/project_draw_2AFC/im22.png,22,0,2,"[2,9]",True
draw_2afc_576508.csv,576508,730.0,../../images/project_draw_2AFC/im51.png,51,0,9,"[9,0]",True
draw_2afc_576508.csv,576508,844.8000001907349,../../images/project_draw_2AFC/im30.png,30,0,3,"[3,7]",True
draw_2afc_576508.csv,576508,738.5999999046326,../../images/project_draw_2AFC/im34.png,34,0,3,"[3,1]",True
draw_2afc_576508.csv,576508,1034.4000000953674,../../images/project_draw_2AFC/im23.png,23,0,2,"[2,3]",True
draw_2afc_576508.csv,576508,1141.0,../../images/project_draw_2AFC/im4.png,4,0,0,"[0,9]",True
draw_2afc_576508.csv,576508,853.2000002861023,../../images/project_draw_2AFC/im14.png,14,1,1,"[2,1]",True
draw_2afc_576508.csv,576508,653.6000003814697,../../images/project_draw_2AFC/im29.png,29,0,2,"[2,7]",True
draw_2afc_576508.csv,576508,716.7999997138977,../../images/project_draw_2AFC/im28.png,28,0,2,"[2,0]",True
draw_2afc_576508.csv,576508,758.4000000953674,../../images/project_draw_2AFC/im54.png,54,1,9,"[2,9]",True
draw_2afc_576508.csv,576508,688.5999999046326,../../images/project_draw_2AFC/im58.png,58,1,9,"[7,9]",True
draw_2afc_576508.csv,576508,917.6999998092653,../../images/project_draw_2AFC/im18.png,18,1,1,"[7,1]",True
draw_2afc_576508.csv,576508,518.0,../../images/project_draw_2AFC/im59.png,59,1,9,"[1,9]",True
draw_2afc_576508.csv,576508,616.1999998092651,../../images/project_draw_2AFC/im20.png,20,1,2,"[0,2]",True
draw_2afc_576508.csv,576508,526.0,../../images/project_draw_2AFC/im25.png,25,1,2,"[9,2]",True
draw_2afc_576508.csv,576508,660.0,../../images/project_draw_2AFC/im6.png,6,1,0,"[0,9]",False
draw_2afc_576508.csv,576508,978.5,../../images/project_draw_2AFC/im45.png,45,0,7,"[7,9]",True
draw_2afc_576508.csv,576508,777.0,../../images/project_draw_2AFC/im7.png,7,0,0,"[0,9]",True
draw_2afc_576508.csv,576508,538.5999999046326,../../images/project_draw_2AFC/im57.png,57,1,9,"[2,9]",True
draw_2afc_576508.csv,576508,1121.0999999046326,../../images/project_draw_2AFC/im1.png,1,1,0,"[9,0]",True
draw_2afc_576508.csv,576508,738.7000002861023,../../images/project_draw_2AFC/im16.png,16,1,1,"[1,0]",False
draw_2afc_576508.csv,576508,1716.7999997138977,../../images/project_draw_2AFC/im0.png,0,0,0,"[9,0]",False
draw_2afc_576508.csv,576508,1225.0,../../images/project_draw_2AFC/im15.png,15,0,1,"[9,1]",False
draw_2afc_576508.csv,576508,836.4000000953674,../../images/project_draw_2AFC/im5.png,5,0,0,"[0,2]",True
draw_2afc_576508.csv,576508,985.5999999046326,../../images/project_draw_2AFC/im11.png,11,0,1,"[1,0]",True
draw_2afc_576508.csv,576508,778.5,../../images/project_draw_2AFC/im9.png,9,1,0,"[3,0]",True
draw_2afc_576508.csv,576508,825.4000000953674,../../images/project_draw_2AFC/im8.png,8,0,0,"[2,0]",False
draw_2afc_576508.csv,576508,1158.8000001907349,../../images/project_draw_2AFC/im12.png,12,1,1,"[1,7]",False
draw_2afc_576508.csv,576508,749.3000001907349,../../images/project_draw_2AFC/im43.png,43,0,7,"[7,2]",True
draw_2afc_576508.csv,576508,688.7999997138977,../../images/project_draw_2AFC/im37.png,37,1,3,"[0,3]",True
draw_2afc_378123.csv,378123,1207.0,../../images/project_draw_2AFC/im39.png,39,1,3,"[1,3]",True
draw_2afc_378123.csv,378123,1055.0,../../images/project_draw_2AFC/im41.png,41,0,7,"[7,0]",True
draw_2afc_378123.csv,378123,2123.0,../../images/project_draw_2AFC/im2.png,2,1,0,"[7,0]",True
draw_2afc_378123.csv,378123,1672.0,../../images/project_draw_2AFC/im48.png,48,1,7,"[3,7]",True
draw_2afc_378123.csv,378123,1104.0,../../images/project_draw_2AFC/im50.png,50,0,9,"[9,1]",True
draw_2afc_378123.csv,378123,1047.0,../../images/project_draw_2AFC/im44.png,44,1,7,"[0,7]",True
draw_2afc_378123.csv,378123,1072.0,../../images/project_draw_2AFC/im33.png,33,0,3,"[3,7]",True
draw_2afc_378123.csv,378123,993.0,../../images/project_draw_2AFC/im35.png,35,1,3,"[0,3]",True
draw_2afc_378123.csv,378123,889.0,../../images/project_draw_2AFC/im40.png,40,1,7,"[2,7]",True
draw_2afc_378123.csv,378123,1061.0,../../images/project_draw_2AFC/im27.png,27,1,2,"[1,2]",True
draw_2afc_378123.csv,378123,810.0,../../images/project_draw_2AFC/im24.png,24,1,2,"[0,2]",True
draw_2afc_378123.csv,378123,1046.0,../../images/project_draw_2AFC/im53.png,53,0,9,"[9,0]",True
draw_2afc_378123.csv,378123,949.0,../../images/project_draw_2AFC/im46.png,46,0,7,"[7,9]",True
draw_2afc_378123.csv,378123,1605.0,../../images/project_draw_2AFC/im3.png,3,1,0,"[7,0]",True
draw_2afc_378123.csv,378123,765.0,../../images/project_draw_2AFC/im26.png,26,1,2,"[7,2]",True
draw_2afc_378123.csv,378123,1215.0,../../images/project_draw_2AFC/im36.png,36,0,3,"[3,9]",True
draw_2afc_378123.csv,378123,854.0,../../images/project_draw_2AFC/im21.png,21,1,2,"[7,2]",True
draw_2afc_378123.csv,378123,1999.0,../../images/project_draw_2AFC/im10.png,10,0,1,"[1,9]",True
draw_2afc_378123.csv,378123,895.0,../../images/project_draw_2AFC/im52.png,52,1,9,"[1,9]",True
draw_2afc_378123.csv,378123,1340.0,../../images/project_draw_2AFC/im19.png,19,1,1,"[7,1]",True
draw_2afc_378123.csv,378123,1080.0,../../images/project_draw_2AFC/im42.png,42,0,7,"[7,0]",True
draw_2afc_378123.csv,378123,1240.0,../../images/project_draw_2AFC/im56.png,56,1,9,"[7,9]",True
draw_2afc_378123.csv,378123,1355.0,../../images/project_draw_2AFC/im17.png,17,0,1,"[1,0]",True
draw_2afc_378123.csv,378123,1200.0,../../images/project_draw_2AFC/im31.png,31,0,3,"[3,2]",True
draw_2afc_378123.csv,378123,1192.0,../../images/project_draw_2AFC/im49.png,49,1,7,"[2,7]",True
draw_2afc_378123.csv,378123,1154.0,../../images/project_draw_2AFC/im32.png,32,1,3,"[9,3]",True
draw_2afc_378123.csv,378123,979.0,../../images/project_draw_2AFC/im47.png,47,1,7,"[3,7]",True
draw_2afc_378123.csv,378123,806.0,../../images/project_draw_2AFC/im38.png,38,0,3,"[3,1]",True
draw_2afc_378123.csv,378123,846.0,../../images/project_draw_2AFC/im55.png,55,1,9,"[7,9]",True
draw_2afc_378123.csv,378123,1029.0,../../images/project_draw_2AFC/im13.png,13,1,1,"[7,1]",True
draw_2afc_378123.csv,378123,954.0,../../images/project_draw_2AFC/im22.png,22,0,2,"[2,9]",True
draw_2afc_378123.csv,378123,757.0,../../images/project_draw_2AFC/im51.png,51,0,9,"[9,0]",True
draw_2afc_378123.csv,378123,1489.0,../../images/project_draw_2AFC/im30.png,30,0,3,"[3,7]",True
draw_2afc_378123.csv,378123,1027.0,../../images/project_draw_2AFC/im34.png,34,0,3,"[3,1]",True
draw_2afc_378123.csv,378123,1161.0,../../images/project_draw_2AFC/im4.png,4,0,0,"[0,9]",True
draw_2afc_378123.csv,378123,1091.0,../../images/project_draw_2AFC/im14.png,14,1,1,"[2,1]",True
draw_2afc_378123.csv,378123,903.0,../../images/project_draw_2AFC/im29.png,29,0,2,"[2,7]",True
draw_2afc_378123.csv,378123,688.0,../../images/project_draw_2AFC/im28.png,28,0,2,"[2,0]",True
draw_2afc_378123.csv,378123,682.0,../../images/project_draw_2AFC/im54.png,54,1,9,"[2,9]",True
draw_2afc_378123.csv,378123,711.0,../../images/project_draw_2AFC/im58.png,58,1,9,"[7,9]",True
draw_2afc_378123.csv,378123,1071.0,../../images/project_draw_2AFC/im18.png,18,1,1,"[7,1]",True
draw_2afc_378123.csv,378123,897.0,../../images/project_draw_2AFC/im59.png,59,1,9,"[1,9]",True
draw_2afc_378123.csv,378123,823.0,../../images/project_draw_2AFC/im20.png,20,1,2,"[0,2]",True
draw_2afc_378123.csv,378123,911.0,../../images/project_draw_2AFC/im25.png,25,1,2,"[9,2]",True
draw_2afc_378123.csv,378123,1399.0,../../images/project_draw_2AFC/im6.png,6,0,0,"[0,9]",True
draw_2afc_378123.csv,378123,862.0,../../images/project_draw_2AFC/im45.png,45,0,7,"[7,9]",True
draw_2afc_378123.csv,378123,1301.0,../../images/project_draw_2AFC/im7.png,7,0,0,"[0,9]",True
draw_2afc_378123.csv,378123,1197.0,../../images/project_draw_2AFC/im57.png,57,1,9,"[2,9]",True
draw_2afc_378123.csv,378123,946.0,../../images/project_draw_2AFC/im1.png,1,1,0,"[9,0]",True
draw_2afc_378123.csv,378123,1641.0,../../images/project_draw_2AFC/im16.png,16,0,1,"[1,0]",True
draw_2afc_378123.csv,378123,2322.0,../../images/project_draw_2AFC/im0.png,0,1,0,"[9,0]",True
draw_2afc_378123.csv,378123,1743.0,../../images/project_draw_2AFC/im15.png,15,0,1,"[9,1]",False
draw_2afc_378123.csv,378123,1524.0,../../images/project_draw_2AFC/im5.png,5,0,0,"[0,2]",True
draw_2afc_378123.csv,378123,1109.0,../../images/project_draw_2AFC/im11.png,11,0,1,"[1,0]",True
draw_2afc_378123.csv,378123,1356.0,../../images/project_draw_2AFC/im9.png,9,1,0,"[3,0]",True
draw_2afc_378123.csv,378123,1412.0,../../images/project_draw_2AFC/im8.png,8,1,0,"[2,0]",True
draw_2afc_378123.csv,378123,1053.0,../../images/project_draw_2AFC/im12.png,12,0,1,"[1,7]",True
draw_2afc_378123.csv,378123,894.0,../../images/project_draw_2AFC/im43.png,43,0,7,"[7,2]",True
draw_2afc_378123.csv,378123,1706.0,../../images/project_draw_2AFC/im37.png,37,1,3,"[0,3]",True
draw_2afc_388567.csv,388567,969.6000000089408,../../images/project_draw_2AFC/im39.png,39,1,3,"[1,3]",True
draw_2afc_388567.csv,388567,723.9000000059605,../../images/project_draw_2AFC/im41.png,41,0,7,"[7,0]",True
draw_2afc_388567.csv,388567,1005.2999999970198,../../images/project_draw_2AFC/im2.png,2,1,0,"[7,0]",True
draw_2afc_388567.csv,388567,838.4000000059605,../../images/project_draw_2AFC/im48.png,48,1,7,"[3,7]",True
draw_2afc_388567.csv,388567,723.4000000059605,../../images/project_draw_2AFC/im50.png,50,0,9,"[9,1]",True
draw_2afc_388567.csv,388567,1839.9000000059605,../../images/project_draw_2AFC/im44.png,44,1,7,"[0,7]",True
draw_2afc_388567.csv,388567,1172.4000000059605,../../images/project_draw_2AFC/im33.png,33,0,3,"[3,7]",True
draw_2afc_388567.csv,388567,824.0,../../images/project_draw_2AFC/im35.png,35,1,3,"[0,3]",True
draw_2afc_388567.csv,388567,854.9000000059605,../../images/project_draw_2AFC/im40.png,40,1,7,"[2,7]",True
draw_2afc_388567.csv,388567,621.7000000029802,../../images/project_draw_2AFC/im27.png,27,1,2,"[1,2]",True
draw_2afc_388567.csv,388567,540.3999999910593,../../images/project_draw_2AFC/im24.png,24,1,2,"[0,2]",True
draw_2afc_388567.csv,388567,704.6000000089407,../../images/project_draw_2AFC/im53.png,53,0,9,"[9,0]",True
draw_2afc_388567.csv,388567,838.7999999970198,../../images/project_draw_2AFC/im46.png,46,0,7,"[7,9]",True
draw_2afc_388567.csv,388567,988.7999999970198,../../images/project_draw_2AFC/im3.png,3,1,0,"[7,0]",True
draw_2afc_388567.csv,388567,706.6000000089407,../../images/project_draw_2AFC/im26.png,26,1,2,"[7,2]",True
draw_2afc_388567.csv,388567,1007.5,../../images/project_draw_2AFC/im36.png,36,0,3,"[3,9]",True
draw_2afc_388567.csv,388567,607.5,../../images/project_draw_2AFC/im21.png,21,1,2,"[7,2]",True
draw_2afc_388567.csv,388567,955.5,../../images/project_draw_2AFC/im10.png,10,0,1,"[1,9]",True
draw_2afc_388567.csv,388567,622.8999999910593,../../images/project_draw_2AFC/im52.png,52,1,9,"[1,9]",True
draw_2afc_388567.csv,388567,821.9000000059605,../../images/project_draw_2AFC/im19.png,19,0,1,"[7,1]",False
draw_2afc_388567.csv,388567,738.9000000059605,../../images/project_draw_2AFC/im42.png,42,0,7,"[7,0]",True
draw_2afc_388567.csv,388567,1006.2000000029802,../../images/project_draw_2AFC/im56.png,56,1,9,"[7,9]",True
draw_2afc_388567.csv,388567,1239.8999999910593,../../images/project_draw_2AFC/im17.png,17,0,1,"[1,0]",True
draw_2afc_388567.csv,388567,689.1999999880791,../../images/project_draw_2AFC/im31.png,31,0,3,"[3,2]",True
draw_2afc_388567.csv,388567,807.2000000029802,../../images/project_draw_2AFC/im49.png,49,1,7,"[2,7]",True
draw_2afc_388567.csv,388567,1223.4000000059605,../../images/project_draw_2AFC/im32.png,32,1,3,"[9,3]",True
draw_2afc_388567.csv,388567,888.7000000029802,../../images/project_draw_2AFC/im47.png,47,1,7,"[3,7]",True
draw_2afc_388567.csv,388567,623.2000000029802,../../images/project_draw_2AFC/im38.png,38,0,3,"[3,1]",True
draw_2afc_388567.csv,388567,723.2000000029802,../../images/project_draw_2AFC/im55.png,55,1,9,"[7,9]",True
draw_2afc_388567.csv,388567,956.4000000059604,../../images/project_draw_2AFC/im13.png,13,1,1,"[7,1]",True
draw_2afc_388567.csv,388567,1039.2000000029802,../../images/project_draw_2AFC/im22.png,22,0,2,"[2,9]",True
draw_2afc_388567.csv,388567,1205.699999988079,../../images/project_draw_2AFC/im51.png,51,0,9,"[9,0]",True
draw_2afc_388567.csv,388567,1589.2000000029802,../../images/project_draw_2AFC/im30.png,30,0,3,"[3,7]",True
draw_2afc_388567.csv,388567,704.3999999910593,../../images/project_draw_2AFC/im34.png,34,0,3,"[3,1]",True
draw_2afc_388567.csv,388567,955.7000000029802,../../images/project_draw_2AFC/im23.png,23,0,2,"[2,3]",True
draw_2afc_388567.csv,388567,1756.5,../../images/project_draw_2AFC/im4.png,4,0,0,"[0,9]",True
draw_2afc_388567.csv,388567,922.0,../../images/project_draw_2AFC/im14.png,14,1,1,"[2,1]",True
draw_2afc_388567.csv,388567,773.3000000119209,../../images/project_draw_2AFC/im29.png,29,0,2,"[2,7]",True
draw_2afc_388567.csv,388567,872.5,../../images/project_draw_2AFC/im28.png,28,0,2,"[2,0]",True
draw_2afc_388567.csv,388567,771.2000000029802,../../images/project_draw_2AFC/im54.png,54,1,9,"[2,9]",True
draw_2afc_388567.csv,388567,805.3999999910593,../../images/project_draw_2AFC/im58.png,58,1,9,"[7,9]",True
draw_2afc_388567.csv,388567,1706.2000000029802,../../images/project_draw_2AFC/im18.png,18,0,1,"[7,1]",False
draw_2afc_388567.csv,388567,637.8999999910593,../../images/project_draw_2AFC/im59.png,59,1,9,"[1,9]",True
draw_2afc_388567.csv,388567,705.7000000029802,../../images/project_draw_2AFC/im20.png,20,1,2,"[0,2]",True
draw_2afc_388567.csv,388567,888.7999999970198,../../images/project_draw_2AFC/im25.png,25,1,2,"[9,2]",True
draw_2afc_388567.csv,388567,1123.7999999970198,../../images/project_draw_2AFC/im6.png,6,0,0,"[0,9]",True
draw_2afc_388567.csv,388567,838.7000000029802,../../images/project_draw_2AFC/im45.png,45,0,7,"[7,9]",True
draw_2afc_388567.csv,388567,2056.5,../../images/project_draw_2AFC/im7.png,7,0,0,"[0,9]",True
draw_2afc_388567.csv,388567,672.9000000059605,../../images/project_draw_2AFC/im57.png,57,1,9,"[2,9]",True
draw_2afc_388567.csv,388567,1073.5999999940395,../../images/project_draw_2AFC/im1.png,1,1,0,"[9,0]",True
draw_2afc_388567.csv,388567,1420.0,../../images/project_draw_2AFC/im16.png,16,0,1,"[1,0]",True
draw_2afc_388567.csv,388567,1189.300000011921,../../images/project_draw_2AFC/im0.png,0,1,0,"[9,0]",True
draw_2afc_388567.csv,388567,1505.5,../../images/project_draw_2AFC/im15.png,15,0,1,"[9,1]",False
draw_2afc_388567.csv,388567,726.4000000059605,../../images/project_draw_2AFC/im11.png,11,0,1,"[1,0]",True
draw_2afc_388567.csv,388567,955.7999999970198,../../images/project_draw_2AFC/im9.png,9,1,0,"[3,0]",True
draw_2afc_388567.csv,388567,771.5999999940395,../../images/project_draw_2AFC/im8.png,8,1,0,"[2,0]",True
draw_2afc_388567.csv,388567,823.2000000029802,../../images/project_draw_2AFC/im12.png,12,0,1,"[1,7]",True
draw_2afc_388567.csv,388567,774.3000000119209,../../images/project_draw_2AFC/im43.png,43,0,7,"[7,2]",True
draw_2afc_388567.csv,388567,790.9000000059605,../../images/project_draw_2AFC/im37.png,37,1,3,"[0,3]",True
draw_2afc_602239.csv,602239,1097.0,../../images/project_draw_2AFC/im39.png,39,1,3,"[1,3]",True
draw_2afc_602239.csv,602239,988.2999999970198,../../images/project_draw_2AFC/im41.png,41,0,7,"[7,0]",True
draw_2afc_602239.csv,602239,1174.10000000149,../../images/project_draw_2AFC/im2.png,2,1,0,"[7,0]",True
draw_2afc_602239.csv,602239,1121.5,../../images/project_draw_2AFC/im48.png,48,1,7,"[3,7]",True
draw_2afc_602239.csv,602239,1039.5,../../images/project_draw_2AFC/im50.png,50,0,9,"[9,1]",True
draw_2afc_602239.csv,602239,1022.7999999970198,../../images/project_draw_2AFC/im44.png,44,1,7,"[0,7]",True
draw_2afc_602239.csv,602239,856.9000000059605,../../images/project_draw_2AFC/im33.png,33,0,3,"[3,7]",True
draw_2afc_602239.csv,602239,907.3000000044703,../../images/project_draw_2AFC/im35.png,35,1,3,"[0,3]",True
draw_2afc_602239.csv,602239,990.7000000029802,../../images/project_draw_2AFC/im40.png,40,1,7,"[2,7]",True
draw_2afc_602239.csv,602239,1056.2999999970198,../../images/project_draw_2AFC/im27.png,27,1,2,"[1,2]",True
draw_2afc_602239.csv,602239,989.39999999851,../../images/project_draw_2AFC/im24.png,24,1,2,"[0,2]",True
draw_2afc_602239.csv,602239,857.2000000029802,../../images/project_draw_2AFC/im53.png,53,0,9,"[9,0]",True
draw_2afc_602239.csv,602239,1189.1999999955297,../../images/project_draw_2AFC/im46.png,46,0,7,"[7,9]",True
draw_2afc_602239.csv,602239,1489.7000000029802,../../images/project_draw_2AFC/im3.png,3,1,0,"[7,0]",True
draw_2afc_602239.csv,602239,2274.1999999955297,../../images/project_draw_2AFC/im26.png,26,0,2,"[7,2]",False
draw_2afc_602239.csv,602239,825.0,../../images/project_draw_2AFC/im36.png,36,0,3,"[3,9]",True
draw_2afc_602239.csv,602239,889.1000000014901,../../images/project_draw_2AFC/im21.png,21,1,2,"[7,2]",True
draw_2afc_602239.csv,602239,1355.3000000044703,../../images/project_draw_2AFC/im10.png,10,0,1,"[1,9]",True
draw_2afc_602239.csv,602239,1839.29999999702,../../images/project_draw_2AFC/im52.png,52,1,9,"[1,9]",True
draw_2afc_602239.csv,602239,2072.79999999702,../../images/project_draw_2AFC/im19.png,19,1,1,"[7,1]",True
draw_2afc_602239.csv,602239,972.6999999955297,../../images/project_draw_2AFC/im42.png,42,0,7,"[7,0]",True
draw_2afc_602239.csv,602239,1106.2999999970198,../../images/project_draw_2AFC/im56.png,56,1,9,"[7,9]",True
draw_2afc_602239.csv,602239,1038.8000000044703,../../images/project_draw_2AFC/im17.png,17,0,1,"[1,0]",True
draw_2afc_602239.csv,602239,941.5,../../images/project_draw_2AFC/im31.png,31,0,3,"[3,2]",True
draw_2afc_602239.csv,602239,1007.5,../../images/project_draw_2AFC/im49.png,49,1,7,"[2,7]",True
draw_2afc_602239.csv,602239,940.3000000044703,../../images/project_draw_2AFC/im32.png,32,1,3,"[9,3]",True
draw_2afc_602239.csv,602239,1022.89999999851,../../images/project_draw_2AFC/im47.png,47,1,7,"[3,7]",True
draw_2afc_602239.csv,602239,889.2000000029802,../../images/project_draw_2AFC/im38.png,38,0,3,"[3,1]",True
draw_2afc_602239.csv,602239,890.1000000014901,../../images/project_draw_2AFC/im55.png,55,1,9,"[7,9]",True
draw_2afc_602239.csv,602239,923.6999999955297,../../images/project_draw_2AFC/im13.png,13,1,1,"[7,1]",True
draw_2afc_602239.csv,602239,988.5,../../images/project_draw_2AFC/im22.png,22,0,2,"[2,9]",True
draw_2afc_602239.csv,602239,839.1999999955297,../../images/project_draw_2AFC/im51.png,51,0,9,"[9,0]",True
draw_2afc_602239.csv,602239,1026.3000000044703,../../images/project_draw_2AFC/im30.png,30,0,3,"[3,7]",True
draw_2afc_602239.csv,602239,894.2999999970198,../../images/project_draw_2AFC/im34.png,34,0,3,"[3,1]",True
draw_2afc_602239.csv,602239,772.1999999955297,../../images/project_draw_2AFC/im23.png,23,0,2,"[2,3]",True
draw_2afc_602239.csv,602239,1210.0,../../images/project_draw_2AFC/im4.png,4,0,0,"[0,9]",True
draw_2afc_602239.csv,602239,1141.3000000044703,../../images/project_draw_2AFC/im14.png,14,1,1,"[2,1]",True
draw_2afc_602239.csv,602239,927.6999999955297,../../images/project_draw_2AFC/im29.png,29,0,2,"[2,7]",True
draw_2afc_602239.csv,602239,876.2000000029802,../../images/project_draw_2AFC/im28.png,28,0,2,"[2,0]",True
draw_2afc_602239.csv,602239,858.6999999955297,../../images/project_draw_2AFC/im54.png,54,1,9,"[2,9]",True
draw_2afc_602239.csv,602239,890.5999999940395,../../images/project_draw_2AFC/im58.png,58,1,9,"[7,9]",True
draw_2afc_602239.csv,602239,1222.5,../../images/project_draw_2AFC/im18.png,18,1,1,"[7,1]",True
draw_2afc_602239.csv,602239,839.8999999985099,../../images/project_draw_2AFC/im59.png,59,1,9,"[1,9]",True
draw_2afc_602239.csv,602239,822.7999999970198,../../images/project_draw_2AFC/im20.png,20,1,2,"[0,2]",True
draw_2afc_602239.csv,602239,824.2000000029802,../../images/project_draw_2AFC/im25.png,25,1,2,"[9,2]",True
draw_2afc_602239.csv,602239,972.2999999970198,../../images/project_draw_2AFC/im6.png,6,0,0,"[0,9]",True
draw_2afc_602239.csv,602239,988.7000000029802,../../images/project_draw_2AFC/im45.png,45,0,7,"[7,9]",True
draw_2afc_602239.csv,602239,990.7999999970198,../../images/project_draw_2AFC/im7.png,7,0,0,"[0,9]",True
draw_2afc_602239.csv,602239,722.1000000014901,../../images/project_draw_2AFC/im57.png,57,1,9,"[2,9]",True
draw_2afc_602239.csv,602239,1156.39999999851,../../images/project_draw_2AFC/im1.png,1,1,0,"[9,0]",True
draw_2afc_602239.csv,602239,990.2000000029802,../../images/project_draw_2AFC/im16.png,16,0,1,"[1,0]",True
draw_2afc_602239.csv,602239,1406.0999999940395,../../images/project_draw_2AFC/im0.png,0,1,0,"[9,0]",True
draw_2afc_602239.csv,602239,1393.7999999970198,../../images/project_draw_2AFC/im5.png,5,0,0,"[0,2]",True
draw_2afc_602239.csv,602239,1188.9000000059605,../../images/project_draw_2AFC/im11.png,11,0,1,"[1,0]",True
draw_2afc_602239.csv,602239,1039.0,../../images/project_draw_2AFC/im9.png,9,1,0,"[3,0]",True
draw_2afc_602239.csv,602239,1671.7000000029802,../../images/project_draw_2AFC/im8.png,8,1,0,"[2,0]",True
draw_2afc_602239.csv,602239,1025.7999999970198,../../images/project_draw_2AFC/im12.png,12,0,1,"[1,7]",True
draw_2afc_602239.csv,602239,1041.89999999851,../../images/project_draw_2AFC/im43.png,43,0,7,"[7,2]",True
draw_2afc_602239.csv,602239,890.5999999940395,../../images/project_draw_2AFC/im37.png,37,1,3,"[0,3]",True
draw_2afc_670692.csv,670692,2083.0,../../images/project_draw_2AFC/im39.png,39,1,3,"[1,3]",True
draw_2afc_670692.csv,670692,884.0,../../images/project_draw_2AFC/im41.png,41,0,7,"[7,0]",True
draw_2afc_670692.csv,670692,1289.9999999999982,../../images/project_draw_2AFC/im2.png,2,1,0,"[7,0]",True
draw_2afc_670692.csv,670692,1072.0,../../images/project_draw_2AFC/im48.png,48,1,7,"[3,7]",True
draw_2afc_670692.csv,670692,1113.0,../../images/project_draw_2AFC/im50.png,50,0,9,"[9,1]",True
draw_2afc_670692.csv,670692,893.0,../../images/project_draw_2AFC/im44.png,44,1,7,"[0,7]",True
draw_2afc_670692.csv,670692,724.0,../../images/project_draw_2AFC/im33.png,33,0,3,"[3,7]",True
draw_2afc_670692.csv,670692,774.0,../../images/project_draw_2AFC/im35.png,35,1,3,"[0,3]",True
draw_2afc_670692.csv,670692,926.0,../../images/project_draw_2AFC/im40.png,40,1,7,"[2,7]",True
draw_2afc_670692.csv,670692,754.0,../../images/project_draw_2AFC/im27.png,27,1,2,"[1,2]",True
draw_2afc_670692.csv,670692,833.9999999999927,../../images/project_draw_2AFC/im24.png,24,1,2,"[0,2]",True
draw_2afc_670692.csv,670692,770.0,../../images/project_draw_2AFC/im53.png,53,0,9,"[9,0]",True
draw_2afc_670692.csv,670692,1120.0,../../images/project_draw_2AFC/im46.png,46,0,7,"[7,9]",True
draw_2afc_670692.csv,670692,1194.0,../../images/project_draw_2AFC/im3.png,3,1,0,"[7,0]",True
draw_2afc_670692.csv,670692,771.0000000000073,../../images/project_draw_2AFC/im26.png,26,1,2,"[7,2]",True
draw_2afc_670692.csv,670692,772.0,../../images/project_draw_2AFC/im36.png,36,0,3,"[3,9]",True
draw_2afc_670692.csv,670692,902.0,../../images/project_draw_2AFC/im21.png,21,1,2,"[7,2]",True
draw_2afc_670692.csv,670692,783.9999999999927,../../images/project_draw_2AFC/im10.png,10,0,1,"[1,9]",True
draw_2afc_670692.csv,670692,719.9999999999927,../../images/project_draw_2AFC/im52.png,52,1,9,"[1,9]",True
draw_2afc_670692.csv,670692,971.0,../../images/project_draw_2AFC/im19.png,19,1,1,"[7,1]",True
draw_2afc_670692.csv,670692,892.0,../../images/project_draw_2AFC/im42.png,42,1,7,"[7,0]",False
draw_2afc_670692.csv,670692,946.0,../../images/project_draw_2AFC/im56.png,56,1,9,"[7,9]",True
draw_2afc_670692.csv,670692,635.0,../../images/project_draw_2AFC/im17.png,17,0,1,"[1,0]",True
draw_2afc_670692.csv,670692,818.0,../../images/project_draw_2AFC/im31.png,31,0,3,"[3,2]",True
draw_2afc_670692.csv,670692,924.0,../../images/project_draw_2AFC/im49.png,49,1,7,"[2,7]",True
draw_2afc_670692.csv,670692,884.0,../../images/project_draw_2AFC/im32.png,32,1,3,"[9,3]",True
draw_2afc_670692.csv,670692,1584.0,../../images/project_draw_2AFC/im47.png,47,1,7,"[3,7]",True
draw_2afc_670692.csv,670692,785.0,../../images/project_draw_2AFC/im38.png,38,0,3,"[3,1]",True
draw_2afc_670692.csv,670692,760.0,../../images/project_draw_2AFC/im55.png,55,1,9,"[7,9]",True
draw_2afc_670692.csv,670692,926.0000000000146,../../images/project_draw_2AFC/im13.png,13,1,1,"[7,1]",True
draw_2afc_670692.csv,670692,790.0,../../images/project_draw_2AFC/im22.png,22,0,2,"[2,9]",True
draw_2afc_670692.csv,670692,746.0,../../images/project_draw_2AFC/im51.png,51,0,9,"[9,0]",True
draw_2afc_670692.csv,670692,754.0,../../images/project_draw_2AFC/im30.png,30,0,3,"[3,7]",True
draw_2afc_670692.csv,670692,797.0,../../images/project_draw_2AFC/im34.png,34,0,3,"[3,1]",True
draw_2afc_670692.csv,670692,844.0,../../images/project_draw_2AFC/im23.png,23,0,2,"[2,3]",True
draw_2afc_670692.csv,670692,762.0,../../images/project_draw_2AFC/im4.png,4,0,0,"[0,9]",True
draw_2afc_670692.csv,670692,1534.0,../../images/project_draw_2AFC/im14.png,14,0,1,"[2,1]",False
draw_2afc_670692.csv,670692,892.0,../../images/project_draw_2AFC/im29.png,29,0,2,"[2,7]",True
draw_2afc_670692.csv,670692,772.0,../../images/project_draw_2AFC/im28.png,28,0,2,"[2,0]",True
draw_2afc_670692.csv,670692,848.0,../../images/project_draw_2AFC/im54.png,54,1,9,"[2,9]",True
draw_2afc_670692.csv,670692,818.9999999999854,../../images/project_draw_2AFC/im58.png,58,1,9,"[7,9]",True
draw_2afc_670692.csv,670692,1021.0,../../images/project_draw_2AFC/im18.png,18,1,1,"[7,1]",True
draw_2afc_670692.csv,670692,599.0,../../images/project_draw_2AFC/im59.png,59,1,9,"[1,9]",True
draw_2afc_670692.csv,670692,865.0,../../images/project_draw_2AFC/im20.png,20,1,2,"[0,2]",True
draw_2afc_670692.csv,670692,542.0,../../images/project_draw_2AFC/im25.png,25,1,2,"[9,2]",True
draw_2afc_670692.csv,670692,950.0,../../images/project_draw_2AFC/im6.png,6,0,0,"[0,9]",True
draw_2afc_670692.csv,670692,1186.9999999999854,../../images/project_draw_2AFC/im45.png,45,0,7,"[7,9]",True
draw_2afc_670692.csv,670692,748.0,../../images/project_draw_2AFC/im7.png,7,0,0,"[0,9]",True
draw_2afc_670692.csv,670692,772.0000000000291,../../images/project_draw_2AFC/im57.png,57,1,9,"[2,9]",True
draw_2afc_670692.csv,670692,1013.0,../../images/project_draw_2AFC/im1.png,1,0,0,"[9,0]",False
draw_2afc_670692.csv,670692,922.0,../../images/project_draw_2AFC/im16.png,16,0,1,"[1,0]",True
draw_2afc_670692.csv,670692,1651.0,../../images/project_draw_2AFC/im0.png,0,0,0,"[9,0]",False
draw_2afc_670692.csv,670692,1051.0,../../images/project_draw_2AFC/im15.png,15,0,1,"[9,1]",False
draw_2afc_670692.csv,670692,1352.0,../../images/project_draw_2AFC/im5.png,5,1,0,"[0,2]",False
draw_2afc_670692.csv,670692,980.0000000000292,../../images/project_draw_2AFC/im11.png,11,0,1,"[1,0]",True
draw_2afc_670692.csv,670692,1287.0,../../images/project_draw_2AFC/im9.png,9,1,0,"[3,0]",True
draw_2afc_670692.csv,670692,909.0,../../images/project_draw_2AFC/im8.png,8,1,0,"[2,0]",True
draw_2afc_670692.csv,670692,859.9999999999709,../../images/project_draw_2AFC/im12.png,12,0,1,"[1,7]",True
draw_2afc_670692.csv,670692,1123.0,../../images/project_draw_2AFC/im43.png,43,0,7,"[7,2]",True
draw_2afc_670692.csv,670692,866.0,../../images/project_draw_2AFC/im37.png,37,1,3,"[0,3]",True
draw_2afc_576508 (1).csv,576508 (1),1339.6999998092651,../../images/project_draw_2AFC/im39.png,39,1,3,"[1,3]",True
draw_2afc_576508 (1).csv,576508 (1),1111.5999999046326,../../images/project_draw_2AFC/im41.png,41,0,7,"[7,0]",True
draw_2afc_576508 (1).csv,576508 (1),1258.0999999046326,../../images/project_draw_2AFC/im2.png,2,1,0,"[7,0]",True
draw_2afc_576508 (1).csv,576508 (1),752.5999999046326,../../images/project_draw_2AFC/im48.png,48,1,7,"[3,7]",True
draw_2afc_576508 (1).csv,576508 (1),1043.9000000953674,../../images/project_draw_2AFC/im50.png,50,0,9,"[9,1]",True
draw_2afc_576508 (1).csv,576508 (1),621.9000000953674,../../images/project_draw_2AFC/im44.png,44,1,7,"[0,7]",True
draw_2afc_576508 (1).csv,576508 (1),1151.8000001907349,../../images/project_draw_2AFC/im33.png,33,0,3,"[3,7]",True
draw_2afc_576508 (1).csv,576508 (1),715.5,../../images/project_draw_2AFC/im35.png,35,1,3,"[0,3]",True
draw_2afc_576508 (1).csv,576508 (1),780.4000000953674,../../images/project_draw_2AFC/im40.png,40,1,7,"[2,7]",True
draw_2afc_576508 (1).csv,576508 (1),1052.0999999046326,../../images/project_draw_2AFC/im27.png,27,1,2,"[1,2]",True
draw_2afc_576508 (1).csv,576508 (1),713.4000000953674,../../images/project_draw_2AFC/im24.png,24,1,2,"[0,2]",True
draw_2afc_576508 (1).csv,576508 (1),965.5,../../images/project_draw_2AFC/im53.png,53,0,9,"[9,0]",True
draw_2afc_576508 (1).csv,576508 (1),1137.4000000953674,../../images/project_draw_2AFC/im46.png,46,0,7,"[7,9]",True
draw_2afc_576508 (1).csv,576508 (1),1323.6999998092651,../../images/project_draw_2AFC/im3.png,3,1,0,"[7,0]",True
draw_2afc_576508 (1).csv,576508 (1),686.5,../../images/project_draw_2AFC/im26.png,26,1,2,"[7,2]",True
draw_2afc_576508 (1).csv,576508 (1),1453.8999996185305,../../images/project_draw_2AFC/im36.png,36,0,3,"[3,9]",True
draw_2afc_576508 (1).csv,576508 (1),642.8000001907349,../../images/project_draw_2AFC/im21.png,21,1,2,"[7,2]",True
draw_2afc_576508 (1).csv,576508 (1),1528.1999998092651,../../images/project_draw_2AFC/im10.png,10,1,1,"[1,9]",False
draw_2afc_576508 (1).csv,576508 (1),700.2999997138977,../../images/project_draw_2AFC/im52.png,52,1,9,"[1,9]",True
draw_2afc_576508 (1).csv,576508 (1),888.0,../../images/project_draw_2AFC/im19.png,19,1,1,"[7,1]",True
draw_2afc_576508 (1).csv,576508 (1),1143.6999998092651,../../images/project_draw_2AFC/im42.png,42,0,7,"[7,0]",True
draw_2afc_576508 (1).csv,576508 (1),995.3000001907347,../../images/project_draw_2AFC/im56.png,56,1,9,"[7,9]",True
draw_2afc_576508 (1).csv,576508 (1),1450.5999999046326,../../images/project_draw_2AFC/im17.png,17,0,1,"[1,0]",True
draw_2afc_576508 (1).csv,576508 (1),1041.4000000953674,../../images/project_draw_2AFC/im31.png,31,0,3,"[3,2]",True
draw_2afc_576508 (1).csv,576508 (1),897.3000001907349,../../images/project_draw_2AFC/im49.png,49,1,7,"[2,7]",True
draw_2afc_576508 (1).csv,576508 (1),683.9000000953674,../../images/project_draw_2AFC/im32.png,32,1,3,"[9,3]",True
draw_2afc_576508 (1).csv,576508 (1),659.0999999046326,../../images/project_draw_2AFC/im47.png,47,1,7,"[3,7]",True
draw_2afc_576508 (1).csv,576508 (1),832.4000000953674,../../images/project_draw_2AFC/im38.png,38,0,3,"[3,1]",True
draw_2afc_576508 (1).csv,576508 (1),589.5,../../images/project_draw_2AFC/im55.png,55,1,9,"[7,9]",True
draw_2afc_576508 (1).csv,576508 (1),1083.2999997138977,../../images/project_draw_2AFC/im13.png,13,0,1,"[7,1]",False
draw_2afc_576508 (1).csv,576508 (1),844.0999999046326,../../images/project_draw_2AFC/im22.png,22,0,2,"[2,9]",True
draw_2afc_576508 (1).csv,576508 (1),730.0,../../images/project_draw_2AFC/im51.png,51,0,9,"[9,0]",True
draw_2afc_576508 (1).csv,576508 (1),844.8000001907349,../../images/project_draw_2AFC/im30.png,30,0,3,"[3,7]",True
draw_2afc_576508 (1).csv,576508 (1),738.5999999046326,../../images/project_draw_2AFC/im34.png,34,0,3,"[3,1]",True
draw_2afc_576508 (1).csv,576508 (1),1034.4000000953674,../../images/project_draw_2AFC/im23.png,23,0,2,"[2,3]",True
draw_2afc_576508 (1).csv,576508 (1),1141.0,../../images/project_draw_2AFC/im4.png,4,0,0,"[0,9]",True
draw_2afc_576508 (1).csv,576508 (1),853.2000002861023,../../images/project_draw_2AFC/im14.png,14,1,1,"[2,1]",True
draw_2afc_576508 (1).csv,576508 (1),653.6000003814697,../../images/project_draw_2AFC/im29.png,29,0,2,"[2,7]",True
draw_2afc_576508 (1).csv,576508 (1),716.7999997138977,../../images/project_draw_2AFC/im28.png,28,0,2,"[2,0]",True
draw_2afc_576508 (1).csv,576508 (1),758.4000000953674,../../images/project_draw_2AFC/im54.png,54,1,9,"[2,9]",True
draw_2afc_576508 (1).csv,576508 (1),688.5999999046326,../../images/project_draw_2AFC/im58.png,58,1,9,"[7,9]",True
draw_2afc_576508 (1).csv,576508 (1),917.6999998092653,../../images/project_draw_2AFC/im18.png,18,1,1,"[7,1]",True
draw_2afc_576508 (1).csv,576508 (1),518.0,../../images/project_draw_2AFC/im59.png,59,1,9,"[1,9]",True
draw_2afc_576508 (1).csv,576508 (1),616.1999998092651,../../images/project_draw_2AFC/im20.png,20,1,2,"[0,2]",True
draw_2afc_576508 (1).csv,576508 (1),526.0,../../images/project_draw_2AFC/im25.png,25,1,2,"[9,2]",True
draw_2afc_576508 (1).csv,576508 (1),660.0,../../images/project_draw_2AFC/im6.png,6,1,0,"[0,9]",False
draw_2afc_576508 (1).csv,576508 (1),978.5,../../images/project_draw_2AFC/im45.png,45,0,7,"[7,9]",True
draw_2afc_576508 (1).csv,576508 (1),777.0,../../images/project_draw_2AFC/im7.png,7,0,0,"[0,9]",True
draw_2afc_576508 (1).csv,576508 (1),538.5999999046326,../../images/project_draw_2AFC/im57.png,57,1,9,"[2,9]",True
draw_2afc_576508 (1).csv,576508 (1),1121.0999999046326,../../images/project_draw_2AFC/im1.png,1,1,0,"[9,0]",True
draw_2afc_576508 (1).csv,576508 (1),738.7000002861023,../../images/project_draw_2AFC/im16.png,16,1,1,"[1,0]",False
draw_2afc_576508 (1).csv,576508 (1),1716.7999997138977,../../images/project_draw_2AFC/im0.png,0,0,0,"[9,0]",False
draw_2afc_576508 (1).csv,576508 (1),1225.0,../../images/project_draw_2AFC/im15.png,15,0,1,"[9,1]",False
draw_2afc_576508 (1).csv,576508 (1),836.4000000953674,../../images/project_draw_2AFC/im5.png,5,0,0,"[0,2]",True
draw_2afc_576508 (1).csv,576508 (1),985.5999999046326,../../images/project_draw_2AFC/im11.png,11,0,1,"[1,0]",True
draw_2afc_576508 (1).csv,576508 (1),778.5,../../images/project_draw_2AFC/im9.png,9,1,0,"[3,0]",True
draw_2afc_576508 (1).csv,576508 (1),825.4000000953674,../../images/project_draw_2AFC/im8.png,8,0,0,"[2,0]",False
draw_2afc_576508 (1).csv,576508 (1),1158.8000001907349,../../images/project_draw_2AFC/im12.png,12,1,1,"[1,7]",False
draw_2afc_576508 (1).csv,576508 (1),749.3000001907349,../../images/project_draw_2AFC/im43.png,43,0,7,"[7,2]",True
draw_2afc_576508 (1).csv,576508 (1),688.7999997138977,../../images/project_draw_2AFC/im37.png,37,1,3,"[0,3]",True
draw_2afc_469584.csv,469584,882.2000000029802,../../images/project_draw_2AFC/im39.png,39,1,3,"[1,3]",True
draw_2afc_469584.csv,469584,954.2999999970198,../../images/project_draw_2AFC/im41.png,41,0,7,"[7,0]",True
draw_2afc_469584.csv,469584,1071.699999988079,../../images/project_draw_2AFC/im2.png,2,1,0,"[7,0]",True
draw_2afc_469584.csv,469584,588.3000000119209,../../images/project_draw_2AFC/im48.png,48,1,7,"[3,7]",True
draw_2afc_469584.csv,469584,1123.3999999910593,../../images/project_draw_2AFC/im50.png,50,0,9,"[9,1]",True
draw_2afc_469584.csv,469584,1021.2999999970198,../../images/project_draw_2AFC/im44.png,44,1,7,"[0,7]",True
draw_2afc_469584.csv,469584,1122.5,../../images/project_draw_2AFC/im33.png,33,0,3,"[3,7]",True
draw_2afc_469584.csv,469584,1138.1000000089407,../../images/project_draw_2AFC/im35.png,35,1,3,"[0,3]",True
draw_2afc_469584.csv,469584,938.0,../../images/project_draw_2AFC/im40.png,40,1,7,"[2,7]",True
draw_2afc_469584.csv,469584,854.5,../../images/project_draw_2AFC/im27.png,27,1,2,"[1,2]",True
draw_2afc_469584.csv,469584,855.6000000089407,../../images/project_draw_2AFC/im24.png,24,1,2,"[0,2]",True
draw_2afc_469584.csv,469584,1221.7000000029802,../../images/project_draw_2AFC/im53.png,53,0,9,"[9,0]",True
draw_2afc_469584.csv,469584,939.0,../../images/project_draw_2AFC/im46.png,46,0,7,"[7,9]",True
draw_2afc_469584.csv,469584,1038.5999999940395,../../images/project_draw_2AFC/im3.png,3,1,0,"[7,0]",True
draw_2afc_469584.csv,469584,805.8000000119209,../../images/project_draw_2AFC/im26.png,26,1,2,"[7,2]",True
draw_2afc_469584.csv,469584,1004.6000000089408,../../images/project_draw_2AFC/im36.png,36,0,3,"[3,9]",True
draw_2afc_469584.csv,469584,1037.699999988079,../../images/project_draw_2AFC/im21.png,21,1,2,"[7,2]",True
draw_2afc_469584.csv,469584,1287.8999999910593,../../images/project_draw_2AFC/im10.png,10,0,1,"[1,9]",True
draw_2afc_469584.csv,469584,854.7000000029802,../../images/project_draw_2AFC/im52.png,52,1,9,"[1,9]",True
draw_2afc_469584.csv,469584,722.2000000029802,../../images/project_draw_2AFC/im19.png,19,1,1,"[7,1]",True
draw_2afc_469584.csv,469584,738.3999999910593,../../images/project_draw_2AFC/im42.png,42,0,7,"[7,0]",True
draw_2afc_469584.csv,469584,1038.9000000059605,../../images/project_draw_2AFC/im56.png,56,1,9,"[7,9]",True
draw_2afc_469584.csv,469584,1370.2999999970198,../../images/project_draw_2AFC/im17.png,17,0,1,"[1,0]",True
draw_2afc_469584.csv,469584,620.3999999910593,../../images/project_draw_2AFC/im31.png,31,0,3,"[3,2]",True
draw_2afc_469584.csv,469584,987.8999999910592,../../images/project_draw_2AFC/im49.png,49,1,7,"[2,7]",True
draw_2afc_469584.csv,469584,522.0999999940395,../../images/project_draw_2AFC/im32.png,32,1,3,"[9,3]",True
draw_2afc_469584.csv,469584,2088.5,../../images/project_draw_2AFC/im47.png,47,1,7,"[3,7]",True
draw_2afc_469584.csv,469584,1472.1000000089407,../../images/project_draw_2AFC/im38.png,38,0,3,"[3,1]",True
draw_2afc_469584.csv,469584,888.0,../../images/project_draw_2AFC/im55.png,55,1,9,"[7,9]",True
draw_2afc_469584.csv,469584,2387.5,../../images/project_draw_2AFC/im13.png,13,1,1,"[7,1]",True
draw_2afc_469584.csv,469584,1055.7000000029802,../../images/project_draw_2AFC/im22.png,22,0,2,"[2,9]",True
draw_2afc_469584.csv,469584,638.5,../../images/project_draw_2AFC/im51.png,51,0,9,"[9,0]",True
draw_2afc_469584.csv,469584,704.0999999940395,../../images/project_draw_2AFC/im30.png,30,0,3,"[3,7]",True
draw_2afc_469584.csv,469584,504.3000000119209,../../images/project_draw_2AFC/im34.png,34,0,3,"[3,1]",True
draw_2afc_469584.csv,469584,538.2000000029802,../../images/project_draw_2AFC/im23.png,23,0,2,"[2,3]",True
draw_2afc_469584.csv,469584,2119.5,../../images/project_draw_2AFC/im4.png,4,0,0,"[0,9]",True
draw_2afc_469584.csv,469584,1055.2999999970198,../../images/project_draw_2AFC/im14.png,14,1,1,"[2,1]",True
draw_2afc_469584.csv,469584,991.0999999940396,../../images/project_draw_2AFC/im29.png,29,0,2,"[2,7]",True
draw_2afc_469584.csv,469584,821.2000000029802,../../images/project_draw_2AFC/im28.png,28,0,2,"[2,0]",True
draw_2afc_469584.csv,469584,955.0,../../images/project_draw_2AFC/im54.png,54,1,9,"[2,9]",True
draw_2afc_469584.csv,469584,938.5,../../images/project_draw_2AFC/im58.png,58,1,9,"[7,9]",True
draw_2afc_469584.csv,469584,1372.2999999970198,../../images/project_draw_2AFC/im18.png,18,1,1,"[7,1]",True
draw_2afc_469584.csv,469584,803.5,../../images/project_draw_2AFC/im59.png,59,1,9,"[1,9]",True
draw_2afc_469584.csv,469584,836.6000000089407,../../images/project_draw_2AFC/im20.png,20,1,2,"[0,2]",True
draw_2afc_469584.csv,469584,738.0999999940395,../../images/project_draw_2AFC/im25.png,25,1,2,"[9,2]",True
draw_2afc_469584.csv,469584,1054.2000000029802,../../images/project_draw_2AFC/im6.png,6,0,0,"[0,9]",True
draw_2afc_469584.csv,469584,922.8999999910592,../../images/project_draw_2AFC/im45.png,45,0,7,"[7,9]",True
draw_2afc_469584.csv,469584,1019.5999999940396,../../images/project_draw_2AFC/im7.png,7,0,0,"[0,9]",True
draw_2afc_469584.csv,469584,905.5,../../images/project_draw_2AFC/im57.png,57,1,9,"[2,9]",True
draw_2afc_469584.csv,469584,1021.7999999970198,../../images/project_draw_2AFC/im1.png,1,1,0,"[9,0]",True
draw_2afc_469584.csv,469584,1404.7999999970198,../../images/project_draw_2AFC/im16.png,16,0,1,"[1,0]",True
draw_2afc_469584.csv,469584,1338.0999999940395,../../images/project_draw_2AFC/im0.png,0,1,0,"[9,0]",True
draw_2afc_469584.csv,469584,1254.5999999940395,../../images/project_draw_2AFC/im15.png,15,1,1,"[9,1]",True
draw_2afc_469584.csv,469584,1137.8999999910593,../../images/project_draw_2AFC/im5.png,5,0,0,"[0,2]",True
draw_2afc_469584.csv,469584,971.9000000059604,../../images/project_draw_2AFC/im11.png,11,1,1,"[1,0]",False
draw_2afc_469584.csv,469584,989.4000000059604,../../images/project_draw_2AFC/im9.png,9,1,0,"[3,0]",True
draw_2afc_469584.csv,469584,853.9000000059605,../../images/project_draw_2AFC/im8.png,8,1,0,"[2,0]",True
draw_2afc_469584.csv,469584,838.4000000059605,../../images/project_draw_2AFC/im12.png,12,0,1,"[1,7]",True
draw_2afc_469584.csv,469584,873.3999999910593,../../images/project_draw_2AFC/im43.png,43,0,7,"[7,2]",True
draw_2afc_469584.csv,469584,871.2000000029802,../../images/project_draw_2AFC/im37.png,37,1,3,"[0,3]",True
draw_2afc_131599.csv,131599,732.1000000089407,../../images/project_draw_2AFC/im39.png,39,1,3,"[1,3]",True
draw_2afc_131599.csv,131599,953.7000000029802,../../images/project_draw_2AFC/im41.png,41,0,7,"[7,0]",True
draw_2afc_131599.csv,131599,1856.4000000059605,../../images/project_draw_2AFC/im2.png,2,1,0,"[7,0]",True
draw_2afc_131599.csv,131599,1108.7000000029802,../../images/project_draw_2AFC/im48.png,48,1,7,"[3,7]",True
draw_2afc_131599.csv,131599,2639.0,../../images/project_draw_2AFC/im50.png,50,0,9,"[9,1]",True
draw_2afc_131599.csv,131599,922.4000000059604,../../images/project_draw_2AFC/im44.png,44,1,7,"[0,7]",True
draw_2afc_131599.csv,131599,762.3000000119209,../../images/project_draw_2AFC/im33.png,33,0,3,"[3,7]",True
draw_2afc_131599.csv,131599,1393.4000000059605,../../images/project_draw_2AFC/im35.png,35,1,3,"[0,3]",True
draw_2afc_131599.csv,131599,685.3999999910593,../../images/project_draw_2AFC/im40.png,40,1,7,"[2,7]",True
draw_2afc_131599.csv,131599,735.5999999940395,../../images/project_draw_2AFC/im27.png,27,1,2,"[1,2]",True
draw_2afc_131599.csv,131599,622.3000000119209,../../images/project_draw_2AFC/im24.png,24,1,2,"[0,2]",True
draw_2afc_131599.csv,131599,1053.7999999970198,../../images/project_draw_2AFC/im53.png,53,1,9,"[9,0]",False
draw_2afc_131599.csv,131599,775.6000000089407,../../images/project_draw_2AFC/im46.png,46,0,7,"[7,9]",True
draw_2afc_131599.csv,131599,629.3999999910593,../../images/project_draw_2AFC/im3.png,3,1,0,"[7,0]",True
draw_2afc_131599.csv,131599,680.3999999910593,../../images/project_draw_2AFC/im26.png,26,1,2,"[7,2]",True
draw_2afc_131599.csv,131599,901.7999999970198,../../images/project_draw_2AFC/im36.png,36,0,3,"[3,9]",True
draw_2afc_131599.csv,131599,982.5,../../images/project_draw_2AFC/im21.png,21,1,2,"[7,2]",True
draw_2afc_131599.csv,131599,2139.29999999702,../../images/project_draw_2AFC/im10.png,10,1,1,"[1,9]",False
draw_2afc_131599.csv,131599,1220.5,../../images/project_draw_2AFC/im52.png,52,1,9,"[1,9]",True
draw_2afc_131599.csv,131599,1019.1999999880792,../../images/project_draw_2AFC/im19.png,19,0,1,"[7,1]",False
draw_2afc_131599.csv,131599,808.6999999880791,../../images/project_draw_2AFC/im42.png,42,0,7,"[7,0]",True
draw_2afc_131599.csv,131599,1080.7000000029802,../../images/project_draw_2AFC/im56.png,56,1,9,"[7,9]",True
draw_2afc_131599.csv,131599,1100.0,../../images/project_draw_2AFC/im17.png,17,0,1,"[1,0]",True
draw_2afc_131599.csv,131599,1156.5999999940395,../../images/project_draw_2AFC/im31.png,31,0,3,"[3,2]",True
draw_2afc_131599.csv,131599,629.0,../../images/project_draw_2AFC/im49.png,49,1,7,"[2,7]",True
draw_2afc_131599.csv,131599,829.5,../../images/project_draw_2AFC/im32.png,32,1,3,"[9,3]",True
draw_2afc_131599.csv,131599,972.0,../../images/project_draw_2AFC/im47.png,47,1,7,"[3,7]",True
draw_2afc_131599.csv,131599,1025.7999999970198,../../images/project_draw_2AFC/im38.png,38,0,3,"[3,1]",True
draw_2afc_131599.csv,131599,606.0,../../images/project_draw_2AFC/im55.png,55,1,9,"[7,9]",True
draw_2afc_131599.csv,131599,1002.0,../../images/project_draw_2AFC/im13.png,13,1,1,"[7,1]",True
draw_2afc_131599.csv,131599,985.5,../../images/project_draw_2AFC/im22.png,22,0,2,"[2,9]",True
draw_2afc_131599.csv,131599,716.3000000119209,../../images/project_draw_2AFC/im51.png,51,0,9,"[9,0]",True
draw_2afc_131599.csv,131599,793.7000000029802,../../images/project_draw_2AFC/im30.png,30,1,3,"[3,7]",False
draw_2afc_131599.csv,131599,618.5,../../images/project_draw_2AFC/im34.png,34,0,3,"[3,1]",True
draw_2afc_131599.csv,131599,776.0,../../images/project_draw_2AFC/im23.png,23,0,2,"[2,3]",True
draw_2afc_131599.csv,131599,1509.4000000059605,../../images/project_draw_2AFC/im4.png,4,0,0,"[0,9]",True
draw_2afc_131599.csv,131599,1316.4000000059605,../../images/project_draw_2AFC/im14.png,14,1,1,"[2,1]",True
draw_2afc_131599.csv,131599,644.3999999910593,../../images/project_draw_2AFC/im29.png,29,0,2,"[2,7]",True
draw_2afc_131599.csv,131599,771.3999999910593,../../images/project_draw_2AFC/im28.png,28,0,2,"[2,0]",True
draw_2afc_131599.csv,131599,626.7999999970198,../../images/project_draw_2AFC/im54.png,54,1,9,"[2,9]",True
draw_2afc_131599.csv,131599,611.4000000059605,../../images/project_draw_2AFC/im58.png,58,1,9,"[7,9]",True
draw_2afc_131599.csv,131599,845.1000000089407,../../images/project_draw_2AFC/im18.png,18,1,1,"[7,1]",True
draw_2afc_131599.csv,131599,568.7000000029802,../../images/project_draw_2AFC/im59.png,59,1,9,"[1,9]",True
draw_2afc_131599.csv,131599,606.7000000029802,../../images/project_draw_2AFC/im20.png,20,1,2,"[0,2]",True
draw_2afc_131599.csv,131599,534.2999999970198,../../images/project_draw_2AFC/im25.png,25,1,2,"[9,2]",True
draw_2afc_131599.csv,131599,1099.5,../../images/project_draw_2AFC/im6.png,6,0,0,"[0,9]",True
draw_2afc_131599.csv,131599,834.3999999910593,../../images/project_draw_2AFC/im45.png,45,0,7,"[7,9]",True
draw_2afc_131599.csv,131599,1517.4000000059605,../../images/project_draw_2AFC/im7.png,7,1,0,"[0,9]",False
draw_2afc_131599.csv,131599,1597.3999999910593,../../images/project_draw_2AFC/im57.png,57,0,9,"[2,9]",False
draw_2afc_131599.csv,131599,758.1000000089407,../../images/project_draw_2AFC/im1.png,1,1,0,"[9,0]",True
draw_2afc_131599.csv,131599,1172.6000000089407,../../images/project_draw_2AFC/im16.png,16,1,1,"[1,0]",False
draw_2afc_131599.csv,131599,687.2000000029802,../../images/project_draw_2AFC/im0.png,0,1,0,"[9,0]",True
draw_2afc_131599.csv,131599,1893.70000000298,../../images/project_draw_2AFC/im15.png,15,0,1,"[9,1]",False
draw_2afc_131599.csv,131599,2813.20000000298,../../images/project_draw_2AFC/im5.png,5,0,0,"[0,2]",True
draw_2afc_131599.csv,131599,815.7000000029802,../../images/project_draw_2AFC/im11.png,11,0,1,"[1,0]",True
draw_2afc_131599.csv,131599,835.6000000089407,../../images/project_draw_2AFC/im9.png,9,1,0,"[3,0]",True
draw_2afc_131599.csv,131599,533.5999999940395,../../images/project_draw_2AFC/im8.png,8,1,0,"[2,0]",True
draw_2afc_131599.csv,131599,648.7000000029802,../../images/project_draw_2AFC/im12.png,12,0,1,"[1,7]",True
draw_2afc_131599.csv,131599,677.2999999970198,../../images/project_draw_2AFC/im43.png,43,0,7,"[7,2]",True
draw_2afc_131599.csv,131599,636.7999999970198,../../images/project_draw_2AFC/im37.png,37,1,3,"[0,3]",True
draw_2afc_322354.csv,322354,1196.800000000745,../../images/draw_2AFC/im0.png,0,0,0,"[0,1]",True
draw_2afc_322354.csv,322354,677.8000000007451,../../images/draw_2AFC/im137.png,137,1,4,"[6,4]",True
draw_2afc_322354.csv,322354,746.5999999977648,../../images/draw_2AFC/im58.png,58,0,1,"[1,3]",True
draw_2afc_322354.csv,322354,930.60000000149,../../images/draw_2AFC/im175.png,175,1,5,"[8,5]",True
draw_2afc_136808.csv,136808,1016.0,../../images/project_draw_2AFC/im39.png,39,1,3,"[1,3]",True
draw_2afc_136808.csv,136808,844.0,../../images/project_draw_2AFC/im41.png,41,0,7,"[7,0]",True
draw_2afc_136808.csv,136808,1191.0,../../images/project_draw_2AFC/im2.png,2,1,0,"[7,0]",True
draw_2afc_136808.csv,136808,951.0,../../images/project_draw_2AFC/im48.png,48,1,7,"[3,7]",True
draw_2afc_136808.csv,136808,856.0,../../images/project_draw_2AFC/im50.png,50,0,9,"[9,1]",True
draw_2afc_136808.csv,136808,878.0,../../images/project_draw_2AFC/im44.png,44,1,7,"[0,7]",True
draw_2afc_136808.csv,136808,905.0,../../images/project_draw_2AFC/im33.png,33,1,3,"[3,7]",False
draw_2afc_136808.csv,136808,855.0,../../images/project_draw_2AFC/im35.png,35,1,3,"[0,3]",True
draw_2afc_136808.csv,136808,569.0,../../images/project_draw_2AFC/im40.png,40,1,7,"[2,7]",True
draw_2afc_136808.csv,136808,1071.0,../../images/project_draw_2AFC/im27.png,27,1,2,"[1,2]",True
draw_2afc_136808.csv,136808,739.0,../../images/project_draw_2AFC/im24.png,24,1,2,"[0,2]",True
draw_2afc_136808.csv,136808,824.0,../../images/project_draw_2AFC/im53.png,53,0,9,"[9,0]",True
draw_2afc_136808.csv,136808,713.0,../../images/project_draw_2AFC/im46.png,46,0,7,"[7,9]",True
draw_2afc_136808.csv,136808,797.0,../../images/project_draw_2AFC/im3.png,3,1,0,"[7,0]",True
draw_2afc_136808.csv,136808,721.0,../../images/project_draw_2AFC/im26.png,26,1,2,"[7,2]",True
draw_2afc_136808.csv,136808,810.0,../../images/project_draw_2AFC/im36.png,36,0,3,"[3,9]",True
draw_2afc_136808.csv,136808,907.0,../../images/project_draw_2AFC/im21.png,21,1,2,"[7,2]",True
draw_2afc_136808.csv,136808,1005.0,../../images/project_draw_2AFC/im10.png,10,0,1,"[1,9]",True
draw_2afc_136808.csv,136808,638.0,../../images/project_draw_2AFC/im52.png,52,1,9,"[1,9]",True
draw_2afc_136808.csv,136808,1008.0,../../images/project_draw_2AFC/im19.png,19,1,1,"[7,1]",True
draw_2afc_136808.csv,136808,758.0,../../images/project_draw_2AFC/im42.png,42,0,7,"[7,0]",True
draw_2afc_136808.csv,136808,841.0,../../images/project_draw_2AFC/im56.png,56,1,9,"[7,9]",True
draw_2afc_136808.csv,136808,791.0,../../images/project_draw_2AFC/im17.png,17,0,1,"[1,0]",True
draw_2afc_136808.csv,136808,683.0,../../images/project_draw_2AFC/im31.png,31,0,3,"[3,2]",True
draw_2afc_136808.csv,136808,891.0,../../images/project_draw_2AFC/im49.png,49,1,7,"[2,7]",True
draw_2afc_136808.csv,136808,612.0,../../images/project_draw_2AFC/im32.png,32,1,3,"[9,3]",True
draw_2afc_136808.csv,136808,705.0,../../images/project_draw_2AFC/im47.png,47,1,7,"[3,7]",True
draw_2afc_136808.csv,136808,1139.0,../../images/project_draw_2AFC/im38.png,38,0,3,"[3,1]",True
draw_2afc_136808.csv,136808,825.0,../../images/project_draw_2AFC/im55.png,55,1,9,"[7,9]",True
draw_2afc_136808.csv,136808,744.0,../../images/project_draw_2AFC/im13.png,13,1,1,"[7,1]",True
draw_2afc_136808.csv,136808,887.0,../../images/project_draw_2AFC/im22.png,22,0,2,"[2,9]",True
draw_2afc_136808.csv,136808,929.0,../../images/project_draw_2AFC/im51.png,51,0,9,"[9,0]",True
draw_2afc_136808.csv,136808,722.0,../../images/project_draw_2AFC/im30.png,30,0,3,"[3,7]",True
draw_2afc_136808.csv,136808,476.0,../../images/project_draw_2AFC/im34.png,34,0,3,"[3,1]",True
draw_2afc_136808.csv,136808,584.0,../../images/project_draw_2AFC/im23.png,23,0,2,"[2,3]",True
draw_2afc_136808.csv,136808,727.0,../../images/project_draw_2AFC/im4.png,4,0,0,"[0,9]",True
draw_2afc_136808.csv,136808,1045.0,../../images/project_draw_2AFC/im14.png,14,1,1,"[2,1]",True
draw_2afc_136808.csv,136808,993.0,../../images/project_draw_2AFC/im29.png,29,0,2,"[2,7]",True
draw_2afc_136808.csv,136808,503.0,../../images/project_draw_2AFC/im28.png,28,0,2,"[2,0]",True
draw_2afc_136808.csv,136808,851.0,../../images/project_draw_2AFC/im54.png,54,0,9,"[2,9]",False
draw_2afc_136808.csv,136808,943.0,../../images/project_draw_2AFC/im58.png,58,1,9,"[7,9]",True
draw_2afc_136808.csv,136808,766.0,../../images/project_draw_2AFC/im18.png,18,1,1,"[7,1]",True
draw_2afc_136808.csv,136808,524.0,../../images/project_draw_2AFC/im59.png,59,1,9,"[1,9]",True
draw_2afc_136808.csv,136808,616.0,../../images/project_draw_2AFC/im20.png,20,1,2,"[0,2]",True
draw_2afc_136808.csv,136808,610.0,../../images/project_draw_2AFC/im25.png,25,1,2,"[9,2]",True
draw_2afc_136808.csv,136808,754.0,../../images/project_draw_2AFC/im6.png,6,1,0,"[0,9]",False
draw_2afc_136808.csv,136808,817.0,../../images/project_draw_2AFC/im45.png,45,0,7,"[7,9]",True
draw_2afc_136808.csv,136808,1225.0,../../images/project_draw_2AFC/im7.png,7,0,0,"[0,9]",True
draw_2afc_136808.csv,136808,724.0,../../images/project_draw_2AFC/im57.png,57,1,9,"[2,9]",True
draw_2afc_136808.csv,136808,952.0,../../images/project_draw_2AFC/im1.png,1,1,0,"[9,0]",True
draw_2afc_136808.csv,136808,804.0,../../images/project_draw_2AFC/im16.png,16,0,1,"[1,0]",True
draw_2afc_136808.csv,136808,1154.0,../../images/project_draw_2AFC/im0.png,0,1,0,"[9,0]",True
draw_2afc_136808.csv,136808,1028.0,../../images/project_draw_2AFC/im15.png,15,0,1,"[9,1]",False
draw_2afc_136808.csv,136808,1196.0,../../images/project_draw_2AFC/im5.png,5,0,0,"[0,2]",True
draw_2afc_136808.csv,136808,792.0,../../images/project_draw_2AFC/im11.png,11,0,1,"[1,0]",True
draw_2afc_136808.csv,136808,1004.0,../../images/project_draw_2AFC/im9.png,9,1,0,"[3,0]",True
draw_2afc_136808.csv,136808,1113.0,../../images/project_draw_2AFC/im8.png,8,1,0,"[2,0]",True
draw_2afc_136808.csv,136808,807.0,../../images/project_draw_2AFC/im12.png,12,0,1,"[1,7]",True
draw_2afc_136808.csv,136808,693.0,../../images/project_draw_2AFC/im43.png,43,0,7,"[7,2]",True
draw_2afc_136808.csv,136808,750.0,../../images/project_draw_2AFC/im37.png,37,1,3,"[0,3]",True
draw_2afc_933208.csv,933208,970.6999999955297,../../images/project_draw_2AFC/im39.png,39,1,3,"[1,3]",True
draw_2afc_933208.csv,933208,792.6000000014901,../../images/project_draw_2AFC/im41.png,41,0,7,"[7,0]",True
draw_2afc_933208.csv,933208,1240.8000000044703,../../images/project_draw_2AFC/im2.png,2,1,0,"[7,0]",True
draw_2afc_933208.csv,933208,901.2999999970198,../../images/project_draw_2AFC/im48.png,48,1,7,"[3,7]",True
draw_2afc_933208.csv,933208,915.10000000149,../../images/project_draw_2AFC/im50.png,50,0,9,"[9,1]",True
draw_2afc_933208.csv,933208,729.7999999970198,../../images/project_draw_2AFC/im44.png,44,1,7,"[0,7]",True
draw_2afc_933208.csv,933208,694.5999999940395,../../images/project_draw_2AFC/im33.png,33,0,3,"[3,7]",True
draw_2afc_933208.csv,933208,715.7999999970198,../../images/project_draw_2AFC/im35.png,35,1,3,"[0,3]",True
draw_2afc_933208.csv,933208,893.0,../../images/project_draw_2AFC/im40.png,40,1,7,"[2,7]",True
draw_2afc_933208.csv,933208,632.7000000029802,../../images/project_draw_2AFC/im27.png,27,1,2,"[1,2]",True
draw_2afc_933208.csv,933208,668.9000000059605,../../images/project_draw_2AFC/im24.png,24,1,2,"[0,2]",True
draw_2afc_933208.csv,933208,797.1999999955297,../../images/project_draw_2AFC/im53.png,53,0,9,"[9,0]",True
draw_2afc_933208.csv,933208,860.2000000029802,../../images/project_draw_2AFC/im46.png,46,0,7,"[7,9]",True
draw_2afc_933208.csv,933208,1112.3000000044703,../../images/project_draw_2AFC/im3.png,3,1,0,"[7,0]",True
draw_2afc_933208.csv,933208,956.2000000029802,../../images/project_draw_2AFC/im26.png,26,1,2,"[7,2]",True
draw_2afc_933208.csv,933208,930.7000000029802,../../images/project_draw_2AFC/im36.png,36,0,3,"[3,9]",True
draw_2afc_933208.csv,933208,648.0,../../images/project_draw_2AFC/im21.png,21,1,2,"[7,2]",True
draw_2afc_933208.csv,933208,1601.0,../../images/project_draw_2AFC/im10.png,10,0,1,"[1,9]",True
draw_2afc_933208.csv,933208,633.8999999985099,../../images/project_draw_2AFC/im52.png,52,1,9,"[1,9]",True
draw_2afc_933208.csv,933208,1176.5999999940395,../../images/project_draw_2AFC/im19.png,19,1,1,"[7,1]",True
draw_2afc_933208.csv,933208,821.0,../../images/project_draw_2AFC/im42.png,42,0,7,"[7,0]",True
draw_2afc_933208.csv,933208,695.3999999985099,../../images/project_draw_2AFC/im56.png,56,1,9,"[7,9]",True
draw_2afc_933208.csv,933208,815.7000000029802,../../images/project_draw_2AFC/im17.png,17,0,1,"[1,0]",True
draw_2afc_933208.csv,933208,779.0,../../images/project_draw_2AFC/im31.png,31,0,3,"[3,2]",True
draw_2afc_933208.csv,933208,948.7000000029802,../../images/project_draw_2AFC/im49.png,49,1,7,"[2,7]",True
draw_2afc_933208.csv,933208,937.7000000029802,../../images/project_draw_2AFC/im32.png,32,1,3,"[9,3]",True
draw_2afc_933208.csv,933208,875.6000000014901,../../images/project_draw_2AFC/im47.png,47,1,7,"[3,7]",True
draw_2afc_933208.csv,933208,749.5,../../images/project_draw_2AFC/im38.png,38,0,3,"[3,1]",True
draw_2afc_933208.csv,933208,600.0,../../images/project_draw_2AFC/im55.png,55,1,9,"[7,9]",True
draw_2afc_933208.csv,933208,764.7999999970198,../../images/project_draw_2AFC/im13.png,13,1,1,"[7,1]",True
draw_2afc_933208.csv,933208,798.7000000029802,../../images/project_draw_2AFC/im22.png,22,0,2,"[2,9]",True
draw_2afc_933208.csv,933208,766.8999999985099,../../images/project_draw_2AFC/im51.png,51,0,9,"[9,0]",True
draw_2afc_933208.csv,933208,1161.5,../../images/project_draw_2AFC/im30.png,30,0,3,"[3,7]",True
draw_2afc_933208.csv,933208,627.8000000044703,../../images/project_draw_2AFC/im34.png,34,0,3,"[3,1]",True
draw_2afc_933208.csv,933208,783.6999999955297,../../images/project_draw_2AFC/im23.png,23,0,2,"[2,3]",True
draw_2afc_933208.csv,933208,974.60000000149,../../images/project_draw_2AFC/im4.png,4,0,0,"[0,9]",True
draw_2afc_933208.csv,933208,1011.3000000044703,../../images/project_draw_2AFC/im14.png,14,1,1,"[2,1]",True
draw_2afc_933208.csv,933208,674.1000000014901,../../images/project_draw_2AFC/im29.png,29,0,2,"[2,7]",True
draw_2afc_933208.csv,933208,627.6000000014901,../../images/project_draw_2AFC/im28.png,28,0,2,"[2,0]",True
draw_2afc_933208.csv,933208,715.6999999955297,../../images/project_draw_2AFC/im54.png,54,1,9,"[2,9]",True
draw_2afc_933208.csv,933208,613.7999999970198,../../images/project_draw_2AFC/im58.png,58,1,9,"[7,9]",True
draw_2afc_933208.csv,933208,964.5,../../images/project_draw_2AFC/im18.png,18,1,1,"[7,1]",True
draw_2afc_933208.csv,933208,597.2999999970198,../../images/project_draw_2AFC/im59.png,59,1,9,"[1,9]",True
draw_2afc_933208.csv,933208,915.4000000059604,../../images/project_draw_2AFC/im20.png,20,1,2,"[0,2]",True
draw_2afc_933208.csv,933208,727.4000000059605,../../images/project_draw_2AFC/im25.png,25,1,2,"[9,2]",True
draw_2afc_933208.csv,933208,910.39999999851,../../images/project_draw_2AFC/im6.png,6,0,0,"[0,9]",True
draw_2afc_933208.csv,933208,691.0,../../images/project_draw_2AFC/im45.png,45,0,7,"[7,9]",True
draw_2afc_933208.csv,933208,698.3000000044703,../../images/project_draw_2AFC/im7.png,7,0,0,"[0,9]",True
draw_2afc_933208.csv,933208,810.6000000014901,../../images/project_draw_2AFC/im57.png,57,1,9,"[2,9]",True
draw_2afc_933208.csv,933208,943.5999999940396,../../images/project_draw_2AFC/im1.png,1,1,0,"[9,0]",True
draw_2afc_933208.csv,933208,784.3999999985099,../../images/project_draw_2AFC/im16.png,16,0,1,"[1,0]",True
draw_2afc_933208.csv,933208,1012.39999999851,../../images/project_draw_2AFC/im0.png,0,1,0,"[9,0]",True
draw_2afc_933208.csv,933208,1260.8000000044703,../../images/project_draw_2AFC/im15.png,15,0,1,"[9,1]",False
draw_2afc_933208.csv,933208,787.0,../../images/project_draw_2AFC/im5.png,5,0,0,"[0,2]",True
draw_2afc_933208.csv,933208,744.8000000044703,../../images/project_draw_2AFC/im11.png,11,0,1,"[1,0]",True
draw_2afc_933208.csv,933208,851.8999999985099,../../images/project_draw_2AFC/im9.png,9,1,0,"[3,0]",True
draw_2afc_933208.csv,933208,870.3999999985099,../../images/project_draw_2AFC/im8.png,8,1,0,"[2,0]",True
draw_2afc_933208.csv,933208,805.2999999970198,../../images/project_draw_2AFC/im12.png,12,0,1,"[1,7]",True
draw_2afc_933208.csv,933208,563.2999999970198,../../images/project_draw_2AFC/im43.png,43,0,7,"[7,2]",True
draw_2afc_933208.csv,933208,931.89999999851,../../images/project_draw_2AFC/im37.png,37,1,3,"[0,3]",True
draw_2afc_504716.csv,504716,1064.800000000745,../../images/project_draw_2AFC/im39.png,39,1,3,"[1,3]",True
draw_2afc_504716.csv,504716,954.0999999996276,../../images/project_draw_2AFC/im41.png,41,0,7,"[7,0]",True
draw_2afc_504716.csv,504716,2800.0999999996275,../../images/project_draw_2AFC/im2.png,2,1,0,"[7,0]",True
draw_2afc_504716.csv,504716,1118.5999999996277,../../images/project_draw_2AFC/im48.png,48,1,7,"[3,7]",True
draw_2afc_504716.csv,504716,918.7000000001864,../../images/project_draw_2AFC/im50.png,50,0,9,"[9,1]",True
draw_2afc_504716.csv,504716,1808.2000000001865,../../images/project_draw_2AFC/im44.png,44,0,7,"[0,7]",False
draw_2afc_504716.csv,504716,1103.6000000005588,../../images/project_draw_2AFC/im33.png,33,0,3,"[3,7]",True
draw_2afc_504716.csv,504716,1178.7999999998135,../../images/project_draw_2AFC/im35.png,35,1,3,"[0,3]",True
draw_2afc_504716.csv,504716,1022.0,../../images/project_draw_2AFC/im40.png,40,1,7,"[2,7]",True
draw_2afc_504716.csv,504716,968.6999999992548,../../images/project_draw_2AFC/im27.png,27,1,2,"[1,2]",True
draw_2afc_504716.csv,504716,914.5999999996276,../../images/project_draw_2AFC/im24.png,24,1,2,"[0,2]",True
draw_2afc_504716.csv,504716,1540.1000000005588,../../images/project_draw_2AFC/im53.png,53,1,9,"[9,0]",False
draw_2afc_504716.csv,504716,962.5999999996276,../../images/project_draw_2AFC/im46.png,46,0,7,"[7,9]",True
draw_2afc_504716.csv,504716,1094.7000000001865,../../images/project_draw_2AFC/im3.png,3,1,0,"[7,0]",True
draw_2afc_504716.csv,504716,898.3999999994412,../../images/project_draw_2AFC/im26.png,26,1,2,"[7,2]",True
draw_2afc_504716.csv,504716,1552.9000000003723,../../images/project_draw_2AFC/im36.png,36,0,3,"[3,9]",True
draw_2afc_504716.csv,504716,1015.6000000005588,../../images/project_draw_2AFC/im21.png,21,1,2,"[7,2]",True
draw_2afc_504716.csv,504716,819.7999999998137,../../images/project_draw_2AFC/im10.png,10,0,1,"[1,9]",True
draw_2afc_504716.csv,504716,764.7000000001863,../../images/project_draw_2AFC/im52.png,52,1,9,"[1,9]",True
draw_2afc_504716.csv,504716,1276.4000000003723,../../images/project_draw_2AFC/im19.png,19,0,1,"[7,1]",False
draw_2afc_504716.csv,504716,758.7000000001863,../../images/project_draw_2AFC/im42.png,42,0,7,"[7,0]",True
draw_2afc_504716.csv,504716,852.5,../../images/project_draw_2AFC/im17.png,17,0,1,"[1,0]",True
draw_2afc_504716.csv,504716,683.5999999996275,../../images/project_draw_2AFC/im31.png,31,0,3,"[3,2]",True
draw_2afc_504716.csv,504716,1040.7999999998135,../../images/project_draw_2AFC/im49.png,49,1,7,"[2,7]",True
draw_2afc_504716.csv,504716,941.1999999992548,../../images/project_draw_2AFC/im32.png,32,1,3,"[9,3]",True
draw_2afc_504716.csv,504716,868.5,../../images/project_draw_2AFC/im47.png,47,1,7,"[3,7]",True
draw_2afc_504716.csv,504716,563.5999999996275,../../images/project_draw_2AFC/im38.png,38,0,3,"[3,1]",True
draw_2afc_504716.csv,504716,967.3999999994412,../../images/project_draw_2AFC/im55.png,55,1,9,"[7,9]",True
draw_2afc_504716.csv,504716,2562.399999999441,../../images/project_draw_2AFC/im13.png,13,1,1,"[7,1]",True
draw_2afc_504716.csv,504716,815.1999999992549,../../images/project_draw_2AFC/im22.png,22,0,2,"[2,9]",True
draw_2afc_504716.csv,504716,576.7000000001863,../../images/project_draw_2AFC/im51.png,51,0,9,"[9,0]",True
draw_2afc_504716.csv,504716,1149.2999999998135,../../images/project_draw_2AFC/im30.png,30,0,3,"[3,7]",True
draw_2afc_504716.csv,504716,1084.0,../../images/project_draw_2AFC/im34.png,34,0,3,"[3,1]",True
draw_2afc_504716.csv,504716,616.2999999998137,../../images/project_draw_2AFC/im23.png,23,0,2,"[2,3]",True
draw_2afc_504716.csv,504716,1185.3999999994412,../../images/project_draw_2AFC/im4.png,4,0,0,"[0,9]",True
draw_2afc_504716.csv,504716,1391.9000000003723,../../images/project_draw_2AFC/im14.png,14,0,1,"[2,1]",False
draw_2afc_504716.csv,504716,885.7000000001863,../../images/project_draw_2AFC/im29.png,29,0,2,"[2,7]",True
draw_2afc_504716.csv,504716,726.4000000003725,../../images/project_draw_2AFC/im28.png,28,0,2,"[2,0]",True
draw_2afc_504716.csv,504716,1074.2999999998135,../../images/project_draw_2AFC/im54.png,54,1,9,"[2,9]",True
draw_2afc_504716.csv,504716,799.2999999998137,../../images/project_draw_2AFC/im58.png,58,1,9,"[7,9]",True
draw_2afc_504716.csv,504716,1038.5,../../images/project_draw_2AFC/im18.png,18,1,1,"[7,1]",True
draw_2afc_504716.csv,504716,703.0,../../images/project_draw_2AFC/im59.png,59,1,9,"[1,9]",True
draw_2afc_504716.csv,504716,769.0,../../images/project_draw_2AFC/im20.png,20,1,2,"[0,2]",True
draw_2afc_504716.csv,504716,1528.0,../../images/project_draw_2AFC/im25.png,25,1,2,"[9,2]",True
draw_2afc_504716.csv,504716,1306.699999999255,../../images/project_draw_2AFC/im6.png,6,0,0,"[0,9]",True
draw_2afc_504716.csv,504716,2195.2000000001863,../../images/project_draw_2AFC/im45.png,45,0,7,"[7,9]",True
draw_2afc_504716.csv,504716,1006.7999999998136,../../images/project_draw_2AFC/im7.png,7,0,0,"[0,9]",True
draw_2afc_504716.csv,504716,809.6000000005588,../../images/project_draw_2AFC/im57.png,57,1,9,"[2,9]",True
draw_2afc_504716.csv,504716,1125.2999999998135,../../images/project_draw_2AFC/im1.png,1,1,0,"[9,0]",True
draw_2afc_504716.csv,504716,1651.7000000001865,../../images/project_draw_2AFC/im16.png,16,1,1,"[1,0]",False
draw_2afc_504716.csv,504716,2791.5999999996275,../../images/project_draw_2AFC/im0.png,0,0,0,"[9,0]",False
draw_2afc_504716.csv,504716,688.7999999998137,../../images/project_draw_2AFC/im15.png,15,0,1,"[9,1]",False
draw_2afc_504716.csv,504716,1202.0999999996277,../../images/project_draw_2AFC/im5.png,5,0,0,"[0,2]",True
draw_2afc_504716.csv,504716,948.4000000003724,../../images/project_draw_2AFC/im11.png,11,0,1,"[1,0]",True
draw_2afc_504716.csv,504716,1153.2999999998135,../../images/project_draw_2AFC/im9.png,9,0,0,"[3,0]",False
draw_2afc_504716.csv,504716,1495.7000000001865,../../images/project_draw_2AFC/im8.png,8,1,0,"[2,0]",True
draw_2afc_504716.csv,504716,902.0999999996276,../../images/project_draw_2AFC/im12.png,12,0,1,"[1,7]",True
draw_2afc_504716.csv,504716,811.2999999998137,../../images/project_draw_2AFC/im43.png,43,0,7,"[7,2]",True
draw_2afc_504716.csv,504716,939.5,../../images/project_draw_2AFC/im37.png,37,1,3,"[0,3]",True
draw_2afc_394489_Parsa.csv,Parsa,1416.0,../../images/project_draw_2AFC/im39.png,39,1,3,"[1,3]",True
draw_2afc_394489_Parsa.csv,Parsa,790.3000000119209,../../images/project_draw_2AFC/im41.png,41,0,7,"[7,0]",True
draw_2afc_394489_Parsa.csv,Parsa,1620.699999988079,../../images/project_draw_2AFC/im2.png,2,1,0,"[7,0]",True
draw_2afc_394489_Parsa.csv,Parsa,1216.3999999910593,../../images/project_draw_2AFC/im48.png,48,1,7,"[3,7]",True
draw_2afc_394489_Parsa.csv,Parsa,1857.5999999940395,../../images/project_draw_2AFC/im44.png,44,0,7,"[0,7]",False
draw_2afc_394489_Parsa.csv,Parsa,888.0999999940395,../../images/project_draw_2AFC/im33.png,33,0,3,"[3,7]",True
draw_2afc_394489_Parsa.csv,Parsa,821.0,../../images/project_draw_2AFC/im35.png,35,1,3,"[0,3]",True
draw_2afc_394489_Parsa.csv,Parsa,902.0,../../images/project_draw_2AFC/im40.png,40,1,7,"[2,7]",True
draw_2afc_394489_Parsa.csv,Parsa,854.4000000059605,../../images/project_draw_2AFC/im27.png,27,1,2,"[1,2]",True
draw_2afc_394489_Parsa.csv,Parsa,722.6000000089407,../../images/project_draw_2AFC/im24.png,24,1,2,"[0,2]",True
draw_2afc_394489_Parsa.csv,Parsa,1521.7999999970198,../../images/project_draw_2AFC/im53.png,53,1,9,"[9,0]",False
draw_2afc_394489_Parsa.csv,Parsa,1053.4000000059605,../../images/project_draw_2AFC/im46.png,46,0,7,"[7,9]",True
draw_2afc_394489_Parsa.csv,Parsa,1105.0,../../images/project_draw_2AFC/im3.png,3,1,0,"[7,0]",True
draw_2afc_394489_Parsa.csv,Parsa,737.9000000059605,../../images/project_draw_2AFC/im26.png,26,1,2,"[7,2]",True
draw_2afc_394489_Parsa.csv,Parsa,869.9000000059605,../../images/project_draw_2AFC/im36.png,36,0,3,"[3,9]",True
draw_2afc_394489_Parsa.csv,Parsa,740.3000000119209,../../images/project_draw_2AFC/im21.png,21,1,2,"[7,2]",True
draw_2afc_394489_Parsa.csv,Parsa,1320.2999999970198,../../images/project_draw_2AFC/im10.png,10,0,1,"[1,9]",True
draw_2afc_394489_Parsa.csv,Parsa,738.9000000059605,../../images/project_draw_2AFC/im52.png,52,1,9,"[1,9]",True
draw_2afc_394489_Parsa.csv,Parsa,1353.699999988079,../../images/project_draw_2AFC/im19.png,19,1,1,"[7,1]",True
draw_2afc_394489_Parsa.csv,Parsa,1419.7999999970198,../../images/project_draw_2AFC/im42.png,42,0,7,"[7,0]",True
draw_2afc_394489_Parsa.csv,Parsa,1370.7000000029802,../../images/project_draw_2AFC/im56.png,56,1,9,"[7,9]",True
draw_2afc_394489_Parsa.csv,Parsa,1123.0,../../images/project_draw_2AFC/im17.png,17,0,1,"[1,0]",True
draw_2afc_394489_Parsa.csv,Parsa,922.0999999940396,../../images/project_draw_2AFC/im31.png,31,0,3,"[3,2]",True
draw_2afc_394489_Parsa.csv,Parsa,721.5,../../images/project_draw_2AFC/im49.png,49,1,7,"[2,7]",True
draw_2afc_394489_Parsa.csv,Parsa,786.2000000029802,../../images/project_draw_2AFC/im32.png,32,1,3,"[9,3]",True
draw_2afc_394489_Parsa.csv,Parsa,787.9000000059605,../../images/project_draw_2AFC/im47.png,47,1,7,"[3,7]",True
draw_2afc_394489_Parsa.csv,Parsa,753.5,../../images/project_draw_2AFC/im38.png,38,0,3,"[3,1]",True
draw_2afc_394489_Parsa.csv,Parsa,938.3999999910592,../../images/project_draw_2AFC/im55.png,55,1,9,"[7,9]",True
draw_2afc_394489_Parsa.csv,Parsa,871.5,../../images/project_draw_2AFC/im13.png,13,1,1,"[7,1]",True
draw_2afc_394489_Parsa.csv,Parsa,1369.7000000029802,../../images/project_draw_2AFC/im22.png,22,0,2,"[2,9]",True
draw_2afc_394489_Parsa.csv,Parsa,955.0,../../images/project_draw_2AFC/im51.png,51,0,9,"[9,0]",True
draw_2afc_394489_Parsa.csv,Parsa,987.7000000029802,../../images/project_draw_2AFC/im30.png,30,0,3,"[3,7]",True
draw_2afc_394489_Parsa.csv,Parsa,718.5999999940395,../../images/project_draw_2AFC/im34.png,34,0,3,"[3,1]",True
draw_2afc_394489_Parsa.csv,Parsa,872.0,../../images/project_draw_2AFC/im23.png,23,0,2,"[2,3]",True
draw_2afc_394489_Parsa.csv,Parsa,1239.3999999910593,../../images/project_draw_2AFC/im4.png,4,0,0,"[0,9]",True
draw_2afc_394489_Parsa.csv,Parsa,887.4000000059605,../../images/project_draw_2AFC/im14.png,14,1,1,"[2,1]",True
draw_2afc_394489_Parsa.csv,Parsa,674.5,../../images/project_draw_2AFC/im29.png,29,0,2,"[2,7]",True
draw_2afc_394489_Parsa.csv,Parsa,620.2999999970198,../../images/project_draw_2AFC/im28.png,28,0,2,"[2,0]",True
draw_2afc_394489_Parsa.csv,Parsa,654.2000000029802,../../images/project_draw_2AFC/im54.png,54,1,9,"[2,9]",True
draw_2afc_394489_Parsa.csv,Parsa,639.1000000089407,../../images/project_draw_2AFC/im58.png,58,1,9,"[7,9]",True
draw_2afc_394489_Parsa.csv,Parsa,805.7999999970198,../../images/project_draw_2AFC/im18.png,18,1,1,"[7,1]",True
draw_2afc_394489_Parsa.csv,Parsa,855.3999999910593,../../images/project_draw_2AFC/im59.png,59,1,9,"[1,9]",True
draw_2afc_394489_Parsa.csv,Parsa,687.2999999970198,../../images/project_draw_2AFC/im20.png,20,1,2,"[0,2]",True
draw_2afc_394489_Parsa.csv,Parsa,637.1000000089407,../../images/project_draw_2AFC/im25.png,25,1,2,"[9,2]",True
draw_2afc_394489_Parsa.csv,Parsa,1002.3000000119208,../../images/project_draw_2AFC/im6.png,6,1,0,"[0,9]",False
draw_2afc_394489_Parsa.csv,Parsa,936.8000000119208,../../images/project_draw_2AFC/im45.png,45,0,7,"[7,9]",True
draw_2afc_394489_Parsa.csv,Parsa,1223.7000000029802,../../images/project_draw_2AFC/im7.png,7,0,0,"[0,9]",True
draw_2afc_394489_Parsa.csv,Parsa,787.2999999970198,../../images/project_draw_2AFC/im57.png,57,1,9,"[2,9]",True
draw_2afc_394489_Parsa.csv,Parsa,1419.1000000089407,../../images/project_draw_2AFC/im1.png,1,1,0,"[9,0]",True
draw_2afc_394489_Parsa.csv,Parsa,1086.800000011921,../../images/project_draw_2AFC/im16.png,16,0,1,"[1,0]",True
draw_2afc_394489_Parsa.csv,Parsa,1286.2999999970198,../../images/project_draw_2AFC/im0.png,0,1,0,"[9,0]",True
draw_2afc_394489_Parsa.csv,Parsa,1105.7999999970198,../../images/project_draw_2AFC/im15.png,15,1,1,"[9,1]",True
draw_2afc_394489_Parsa.csv,Parsa,987.2999999970198,../../images/project_draw_2AFC/im5.png,5,1,0,"[0,2]",False
draw_2afc_394489_Parsa.csv,Parsa,822.0999999940395,../../images/project_draw_2AFC/im11.png,11,0,1,"[1,0]",True
draw_2afc_394489_Parsa.csv,Parsa,1122.1000000089407,../../images/project_draw_2AFC/im9.png,9,1,0,"[3,0]",True
draw_2afc_394489_Parsa.csv,Parsa,785.4000000059605,../../images/project_draw_2AFC/im8.png,8,1,0,"[2,0]",True
draw_2afc_394489_Parsa.csv,Parsa,919.7000000029802,../../images/project_draw_2AFC/im12.png,12,0,1,"[1,7]",True
draw_2afc_394489_Parsa.csv,Parsa,822.2000000029802,../../images/project_draw_2AFC/im43.png,43,0,7,"[7,2]",True
draw_2afc_394489_Parsa.csv,Parsa,771.9000000059605,../../images/project_draw_2AFC/im37.png,37,1,3,"[0,3]",True
draw_2afc_562195.csv,562195,939.0,../../images/project_draw_2AFC/im39.png,39,1,3,"[1,3]",True
draw_2afc_562195.csv,562195,890.0,../../images/project_draw_2AFC/im41.png,41,0,7,"[7,0]",True
draw_2afc_562195.csv,562195,1211.0,../../images/project_draw_2AFC/im2.png,2,1,0,"[7,0]",True
draw_2afc_562195.csv,562195,1052.0,../../images/project_draw_2AFC/im48.png,48,1,7,"[3,7]",True
draw_2afc_562195.csv,562195,857.0,../../images/project_draw_2AFC/im50.png,50,0,9,"[9,1]",True
draw_2afc_562195.csv,562195,1197.0,../../images/project_draw_2AFC/im44.png,44,1,7,"[0,7]",True
draw_2afc_562195.csv,562195,1007.0,../../images/project_draw_2AFC/im33.png,33,0,3,"[3,7]",True
draw_2afc_562195.csv,562195,976.0,../../images/project_draw_2AFC/im35.png,35,1,3,"[0,3]",True
draw_2afc_562195.csv,562195,717.0,../../images/project_draw_2AFC/im40.png,40,1,7,"[2,7]",True
draw_2afc_562195.csv,562195,1218.0,../../images/project_draw_2AFC/im27.png,27,1,2,"[1,2]",True
draw_2afc_562195.csv,562195,707.0,../../images/project_draw_2AFC/im24.png,24,1,2,"[0,2]",True
draw_2afc_562195.csv,562195,825.0,../../images/project_draw_2AFC/im53.png,53,0,9,"[9,0]",True
draw_2afc_562195.csv,562195,1265.0,../../images/project_draw_2AFC/im46.png,46,0,7,"[7,9]",True
draw_2afc_562195.csv,562195,998.0,../../images/project_draw_2AFC/im3.png,3,1,0,"[7,0]",True
draw_2afc_562195.csv,562195,1083.0,../../images/project_draw_2AFC/im26.png,26,1,2,"[7,2]",True
draw_2afc_562195.csv,562195,715.0,../../images/project_draw_2AFC/im36.png,36,0,3,"[3,9]",True
draw_2afc_562195.csv,562195,848.0,../../images/project_draw_2AFC/im21.png,21,1,2,"[7,2]",True
draw_2afc_562195.csv,562195,1557.0,../../images/project_draw_2AFC/im10.png,10,1,1,"[1,9]",False
draw_2afc_562195.csv,562195,745.0,../../images/project_draw_2AFC/im52.png,52,1,9,"[1,9]",True
draw_2afc_562195.csv,562195,937.0,../../images/project_draw_2AFC/im19.png,19,1,1,"[7,1]",True
draw_2afc_562195.csv,562195,889.0,../../images/project_draw_2AFC/im42.png,42,0,7,"[7,0]",True
draw_2afc_562195.csv,562195,929.0,../../images/project_draw_2AFC/im56.png,56,1,9,"[7,9]",True
draw_2afc_562195.csv,562195,1002.0,../../images/project_draw_2AFC/im17.png,17,1,1,"[1,0]",False
draw_2afc_562195.csv,562195,863.0,../../images/project_draw_2AFC/im31.png,31,0,3,"[3,2]",True
draw_2afc_562195.csv,562195,1117.0,../../images/project_draw_2AFC/im49.png,49,1,7,"[2,7]",True
draw_2afc_562195.csv,562195,844.0,../../images/project_draw_2AFC/im32.png,32,1,3,"[9,3]",True
draw_2afc_562195.csv,562195,690.0,../../images/project_draw_2AFC/im47.png,47,1,7,"[3,7]",True
draw_2afc_562195.csv,562195,732.0,../../images/project_draw_2AFC/im38.png,38,0,3,"[3,1]",True
draw_2afc_562195.csv,562195,681.0,../../images/project_draw_2AFC/im55.png,55,1,9,"[7,9]",True
draw_2afc_562195.csv,562195,819.0,../../images/project_draw_2AFC/im13.png,13,1,1,"[7,1]",True
draw_2afc_562195.csv,562195,863.0,../../images/project_draw_2AFC/im22.png,22,0,2,"[2,9]",True
draw_2afc_562195.csv,562195,644.0,../../images/project_draw_2AFC/im51.png,51,0,9,"[9,0]",True
draw_2afc_562195.csv,562195,934.0,../../images/project_draw_2AFC/im30.png,30,0,3,"[3,7]",True
draw_2afc_562195.csv,562195,536.0,../../images/project_draw_2AFC/im34.png,34,0,3,"[3,1]",True
draw_2afc_562195.csv,562195,618.0,../../images/project_draw_2AFC/im23.png,23,0,2,"[2,3]",True
draw_2afc_562195.csv,562195,2173.0,../../images/project_draw_2AFC/im4.png,4,0,0,"[0,9]",True
draw_2afc_562195.csv,562195,1236.0,../../images/project_draw_2AFC/im14.png,14,1,1,"[2,1]",True
draw_2afc_562195.csv,562195,881.0,../../images/project_draw_2AFC/im29.png,29,0,2,"[2,7]",True
draw_2afc_562195.csv,562195,835.0,../../images/project_draw_2AFC/im28.png,28,0,2,"[2,0]",True
draw_2afc_562195.csv,562195,730.0,../../images/project_draw_2AFC/im54.png,54,1,9,"[2,9]",True
draw_2afc_562195.csv,562195,892.0,../../images/project_draw_2AFC/im58.png,58,1,9,"[7,9]",True
draw_2afc_562195.csv,562195,816.0,../../images/project_draw_2AFC/im18.png,18,1,1,"[7,1]",True
draw_2afc_562195.csv,562195,619.0,../../images/project_draw_2AFC/im59.png,59,1,9,"[1,9]",True
draw_2afc_562195.csv,562195,565.0,../../images/project_draw_2AFC/im20.png,20,1,2,"[0,2]",True
draw_2afc_562195.csv,562195,608.0,../../images/project_draw_2AFC/im25.png,25,1,2,"[9,2]",True
draw_2afc_562195.csv,562195,1247.0,../../images/project_draw_2AFC/im6.png,6,0,0,"[0,9]",True
draw_2afc_562195.csv,562195,716.0,../../images/project_draw_2AFC/im45.png,45,0,7,"[7,9]",True
draw_2afc_562195.csv,562195,1005.0,../../images/project_draw_2AFC/im7.png,7,0,0,"[0,9]",True
draw_2afc_562195.csv,562195,736.0,../../images/project_draw_2AFC/im57.png,57,1,9,"[2,9]",True
draw_2afc_562195.csv,562195,902.0,../../images/project_draw_2AFC/im1.png,1,1,0,"[9,0]",True
draw_2afc_562195.csv,562195,1283.0,../../images/project_draw_2AFC/im16.png,16,1,1,"[1,0]",False
draw_2afc_562195.csv,562195,968.0,../../images/project_draw_2AFC/im0.png,0,1,0,"[9,0]",True
draw_2afc_562195.csv,562195,1346.0,../../images/project_draw_2AFC/im15.png,15,0,1,"[9,1]",False
draw_2afc_562195.csv,562195,1002.0,../../images/project_draw_2AFC/im5.png,5,0,0,"[0,2]",True
draw_2afc_562195.csv,562195,671.0,../../images/project_draw_2AFC/im11.png,11,0,1,"[1,0]",True
draw_2afc_562195.csv,562195,1066.0,../../images/project_draw_2AFC/im9.png,9,1,0,"[3,0]",True
draw_2afc_562195.csv,562195,769.0,../../images/project_draw_2AFC/im8.png,8,1,0,"[2,0]",True
draw_2afc_562195.csv,562195,1102.0,../../images/project_draw_2AFC/im12.png,12,0,1,"[1,7]",True
draw_2afc_562195.csv,562195,1346.0,../../images/project_draw_2AFC/im43.png,43,0,7,"[7,2]",True
draw_2afc_562195.csv,562195,1090.0,../../images/project_draw_2AFC/im37.png,37,1,3,"[0,3]",True
